CREATE TABLE announcements ( announcement_id int(10) unsigned NOT NULL AUTO_INCREMENT, registration_type enum('DEGREE','PRE-ADMISSION','GUEST') NOT NULL, concentration_id int(10) unsigned NOT NULL, course_term_id int(10) unsigned NOT NULL, announcement text, PRIMARY KEY (announcement_id) ) ENGINE=InnoDB DEFAULT CHARSET=latin1;
insert into announcements (announcement_id, registration_type, concentration_id, course_term_id, announcement) values (1, 'GUEST', 0, 4, 'Please register for Summer & Fall 2014 Courses');
insert into announcements (announcement_id, registration_type, concentration_id, course_term_id, announcement) values (2, 'GUEST', 0, 4, 'Info session on June 11');
insert into announcements (announcement_id, registration_type, concentration_id, course_term_id, announcement) values (3, 'GUEST', 0, 4, 'Free online courses open to the public');
insert into announcements (announcement_id, registration_type, concentration_id, course_term_id, announcement) values (4, 'PRE-ADMISSION', 0, 4, 'Please register for Summer & Fall 2014 Courses');
insert into announcements (announcement_id, registration_type, concentration_id, course_term_id, announcement) values (5, 'PRE-ADMISSION', 0, 4, 'Info session on June 11');
insert into announcements (announcement_id, registration_type, concentration_id, course_term_id, announcement) values (6, 'PRE-ADMISSION', 0, 4, 'Free online courses open to the public');
insert into announcements (announcement_id, registration_type, concentration_id, course_term_id, announcement) values (7, 'PRE-ADMISSION', 0, 4, 'Evaluate your course');
insert into announcements (announcement_id, registration_type, concentration_id, course_term_id, announcement) values (8, 'PRE-ADMISSION', 1, 4, 'Pre-admission announcement for Software Engineering');
insert into announcements (announcement_id, registration_type, concentration_id, course_term_id, announcement) values (9, 'PRE-ADMISSION', 2, 4, 'Pre-admission announcement for Information Management Systems');
insert into announcements (announcement_id, registration_type, concentration_id, course_term_id, announcement) values (10, 'PRE-ADMISSION', 3, 4, 'Pre-admission announcement for Mathematics And Computation');
insert into announcements (announcement_id, registration_type, concentration_id, course_term_id, announcement) values (11, 'PRE-ADMISSION', 4, 4, 'Pre-admission announcement for Digital Media And Instructional Design');
insert into announcements (announcement_id, registration_type, concentration_id, course_term_id, announcement) values (12, 'DEGREE', 0, 4, 'Please register for Summer & Fall 2014 Courses');
insert into announcements (announcement_id, registration_type, concentration_id, course_term_id, announcement) values (13, 'DEGREE', 0, 4, 'Info session on June 11');
insert into announcements (announcement_id, registration_type, concentration_id, course_term_id, announcement) values (14, 'DEGREE', 0, 4, 'Free online courses open to the public');
insert into announcements (announcement_id, registration_type, concentration_id, course_term_id, announcement) values (15, 'DEGREE', 0, 4, 'Evaluate your course');
insert into announcements (announcement_id, registration_type, concentration_id, course_term_id, announcement) values (16, 'DEGREE', 0, 4, 'Commencement is nearing!');
insert into announcements (announcement_id, registration_type, concentration_id, course_term_id, announcement) values (17, 'DEGREE', 1, 4, 'Degree announcement for Software Engineering');
insert into announcements (announcement_id, registration_type, concentration_id, course_term_id, announcement) values (18, 'DEGREE', 2, 4, 'Degree announcement for Information Management Systems');
insert into announcements (announcement_id, registration_type, concentration_id, course_term_id, announcement) values (19, 'DEGREE', 3, 4, 'Degree announcement for Mathematics And Computation');
insert into announcements (announcement_id, registration_type, concentration_id, course_term_id, announcement) values (20, 'DEGREE', 4, 4, 'Degree announcement for Digital Media And Instructional Design');
CREATE TABLE category ( concentration_id int(10) unsigned NOT NULL, category_id int(10) unsigned NOT NULL, category_code varchar(10) NOT NULL, category_label varchar(64) NOT NULL, PRIMARY KEY (category_id) ) ENGINE=InnoDB DEFAULT CHARSET=latin1;
insert into category (concentration_id, category_id, category_code, category_label) values (1, 1, 'TMF', 'Theoretical/Mathematical Foundations');
insert into category (concentration_id, category_id, category_code, category_label) values (1, 2, 'DCOM', 'Data Communications');
insert into category (concentration_id, category_id, category_code, category_label) values (1, 3, 'DC', 'Distributed Computing');
insert into category (concentration_id, category_id, category_code, category_label) values (1, 4, 'SP', 'Systems Programming');
insert into category (concentration_id, category_id, category_code, category_label) values (1, 5, 'SD', 'Software Design');
insert into category (concentration_id, category_id, category_code, category_label) values (1, 6, 'WAD', 'Web Application Development');
insert into category (concentration_id, category_id, category_code, category_label) values (1, 7, 'CAP', 'Capstone');
insert into category (concentration_id, category_id, category_code, category_label) values (1, 8, 'E', 'Electives');
insert into category (concentration_id, category_id, category_code, category_label) values (1, 9, 'DSCI', 'IT Program Prof Certificate in Data Science');
insert into category (concentration_id, category_id, category_code, category_label) values (2, 10, 'WP', 'Web Principles');
insert into category (concentration_id, category_id, category_code, category_label) values (2, 11, 'DCOM', 'Data Communications');
insert into category (concentration_id, category_id, category_code, category_label) values (2, 12, 'DC', 'Distributed Computing');
insert into category (concentration_id, category_id, category_code, category_label) values (2, 13, 'SRM', 'Security And Risk Management');
insert into category (concentration_id, category_id, category_code, category_label) values (2, 14, 'DM', 'Database Management');
insert into category (concentration_id, category_id, category_code, category_label) values (2, 15, 'MGMT', 'Information Technology Management');
insert into category (concentration_id, category_id, category_code, category_label) values (2, 16, 'CAP', 'Capstone');
insert into category (concentration_id, category_id, category_code, category_label) values (2, 17, 'E', 'Electives');
insert into category (concentration_id, category_id, category_code, category_label) values (3, 18, 'AL', 'Algorithms');
insert into category (concentration_id, category_id, category_code, category_label) values (3, 19, 'P', 'Programming');
insert into category (concentration_id, category_id, category_code, category_label) values (3, 20, 'AC', 'Advanced Calculus');
insert into category (concentration_id, category_id, category_code, category_label) values (3, 21, 'LA', 'Linear Algebra');
insert into category (concentration_id, category_id, category_code, category_label) values (3, 22, 'TMF', 'Theoretical/Mathematical Foundations');
insert into category (concentration_id, category_id, category_code, category_label) values (3, 23, 'E', 'Electives');
insert into category (concentration_id, category_id, category_code, category_label) values (4, 24, 'CD', 'Computational Design');
insert into category (concentration_id, category_id, category_code, category_label) values (4, 25, 'DIGM', 'Digital Media');
insert into category (concentration_id, category_id, category_code, category_label) values (4, 26, 'EID', 'Education And Instructional Design');
insert into category (concentration_id, category_id, category_code, category_label) values (4, 27, 'WDD', 'Web Design And Application Development');
insert into category (concentration_id, category_id, category_code, category_label) values (4, 28, 'E', 'Electives');
insert into category (concentration_id, category_id, category_code, category_label) values (4, 29, 'DCAP', 'Digital Media Capstone');
CREATE TABLE category_req ( concentration_id int(10) unsigned NOT NULL, category_id int(10) unsigned NOT NULL, category_count int(10) unsigned NOT NULL, admission tinyint(1) NOT NULL, thesis tinyint(1) NOT NULL, capstone tinyint(1) NOT NULL ) ENGINE=InnoDB DEFAULT CHARSET=latin1;
insert into category_req (concentration_id, category_id, category_count, admission, thesis, capstone) values (1, 1, 1, true, true, false);
insert into category_req (concentration_id, category_id, category_count, admission, thesis, capstone) values (1, 2, 1, false, true, false);
insert into category_req (concentration_id, category_id, category_count, admission, thesis, capstone) values (1, 3, 1, false, true, false);
insert into category_req (concentration_id, category_id, category_count, admission, thesis, capstone) values (1, 4, 1, false, true, false);
insert into category_req (concentration_id, category_id, category_count, admission, thesis, capstone) values (1, 5, 1, false, true, false);
insert into category_req (concentration_id, category_id, category_count, admission, thesis, capstone) values (1, 6, 1, false, false, true);
insert into category_req (concentration_id, category_id, category_count, admission, thesis, capstone) values (1, 8, 4, false, true, false);
insert into category_req (concentration_id, category_id, category_count, admission, thesis, capstone) values (1, 8, 5, false, false, true);
insert into category_req (concentration_id, category_id, category_count, admission, thesis, capstone) values (1, 7, 1, false, false, true);
insert into category_req (concentration_id, category_id, category_count, admission, thesis, capstone) values (1, 9, 4, false, false, false);
insert into category_req (concentration_id, category_id, category_count, admission, thesis, capstone) values (2, 10, 1, false, true, false);
insert into category_req (concentration_id, category_id, category_count, admission, thesis, capstone) values (2, 11, 1, false, true, false);
insert into category_req (concentration_id, category_id, category_count, admission, thesis, capstone) values (2, 12, 1, false, true, false);
insert into category_req (concentration_id, category_id, category_count, admission, thesis, capstone) values (2, 13, 1, false, true, false);
insert into category_req (concentration_id, category_id, category_count, admission, thesis, capstone) values (2, 14, 1, false, true, false);
insert into category_req (concentration_id, category_id, category_count, admission, thesis, capstone) values (2, 15, 1, false, true, false);
insert into category_req (concentration_id, category_id, category_count, admission, thesis, capstone) values (2, 16, 1, false, false, true);
insert into category_req (concentration_id, category_id, category_count, admission, thesis, capstone) values (2, 17, 5, false, true, false);
insert into category_req (concentration_id, category_id, category_count, admission, thesis, capstone) values (3, 18, 1, false, true, false);
insert into category_req (concentration_id, category_id, category_count, admission, thesis, capstone) values (3, 19, 1, false, true, false);
insert into category_req (concentration_id, category_id, category_count, admission, thesis, capstone) values (3, 20, 1, false, true, false);
insert into category_req (concentration_id, category_id, category_count, admission, thesis, capstone) values (3, 21, 1, false, true, false);
insert into category_req (concentration_id, category_id, category_count, admission, thesis, capstone) values (3, 22, 1, false, true, false);
insert into category_req (concentration_id, category_id, category_count, admission, thesis, capstone) values (3, 23, 4, false, true, false);
insert into category_req (concentration_id, category_id, category_count, admission, thesis, capstone) values (4, 24, 1, true, true, false);
insert into category_req (concentration_id, category_id, category_count, admission, thesis, capstone) values (4, 25, 2, false, true, false);
insert into category_req (concentration_id, category_id, category_count, admission, thesis, capstone) values (4, 26, 1, false, true, false);
insert into category_req (concentration_id, category_id, category_count, admission, thesis, capstone) values (4, 27, 2, false, true, false);
insert into category_req (concentration_id, category_id, category_count, admission, thesis, capstone) values (4, 28, 3, false, true, false);
insert into category_req (concentration_id, category_id, category_count, admission, thesis, capstone) values (4, 29, 1, false, false, true);
CREATE TABLE concentration ( concentration_id int(10) unsigned NOT NULL, concentration_code varchar(10) NOT NULL, concentration_label varchar(64) NOT NULL, PRIMARY KEY (concentration_id) ) ENGINE=InnoDB DEFAULT CHARSET=latin1;
insert into concentration (concentration_id, concentration_code, concentration_label) values (0, 'NCC', 'No Concentration');
insert into concentration (concentration_id, concentration_code, concentration_label) values (1, 'SWE', 'Software Engineering');
insert into concentration (concentration_id, concentration_code, concentration_label) values (2, 'IMS', 'Information Management Systems');
insert into concentration (concentration_id, concentration_code, concentration_label) values (3, 'MAC', 'Mathematics And Computation');
insert into concentration (concentration_id, concentration_code, concentration_label) values (4, 'DGM', 'Digital Media And Instructional Design');
CREATE TABLE concentration_req ( concentration_id int(10) unsigned NOT NULL, num_courses int(10) unsigned NOT NULL, thesis tinyint(1) NOT NULL, capstone tinyint(1) NOT NULL ) ENGINE=InnoDB DEFAULT CHARSET=latin1;
insert into concentration_req (concentration_id, num_courses, thesis, capstone) values (1, 9, true, false);
insert into concentration_req (concentration_id, num_courses, thesis, capstone) values (1, 11, false, true);
insert into concentration_req (concentration_id, num_courses, thesis, capstone) values (2, 11, false, true);
insert into concentration_req (concentration_id, num_courses, thesis, capstone) values (3, 9, true, false);
insert into concentration_req (concentration_id, num_courses, thesis, capstone) values (4, 9, true, false);
insert into concentration_req (concentration_id, num_courses, thesis, capstone) values (4, 9, false, true);
CREATE TABLE course ( concentration_id int(10) unsigned NOT NULL, hes_course_id int(10) unsigned NOT NULL, course_id int(10) unsigned NOT NULL, course_code varchar(64) NOT NULL, course_title varchar(255) NOT NULL, course_term_id int(10) unsigned NOT NULL, course_day set('MON','TUES','WED','THUR','FRI','SAT','SUN'), course_time varchar(64) NOT NULL, course_type varchar(64) NOT NULL, course_limit int(3) unsigned, location varchar(64), attributes set('TMF','DCOM','DC','SP','SD','WAD','WP','SRM','DM','MGMT','AL','P','AC','LA','CD','DIGM','EID','WDD','CAP','E','DSCI','DCAP') NOT NULL, course_url varchar(255), PRIMARY KEY (course_id) ) ENGINE=InnoDB DEFAULT CHARSET=latin1;
insert into course (concentration_id, hes_course_id, course_id, course_code, course_title, course_term_id, course_day, course_time, course_type, course_limit, location, attributes, course_url) values (1, 0, 1, 'APMAE-207', 'Monte Carlo Methods for Inference and Data Analysis', 4, '', '', 'Online Only', 0, '', 'E', '');
insert into course (concentration_id, hes_course_id, course_id, course_code, course_title, course_term_id, course_day, course_time, course_type, course_limit, location, attributes, course_url) values (1, 0, 2, 'CSCIE-8', 'Web GIS: Principles and Applications', 4, 'THUR', '7:40 - 9:40 pm', 'Web-Conference Course', 50, '', 'E', '');
insert into course (concentration_id, hes_course_id, course_id, course_code, course_title, course_term_id, course_day, course_time, course_type, course_limit, location, attributes, course_url) values (1, 0, 3, 'CSCIE-17', 'Medical Informatics', 4, 'THUR', '5:30 - 7:30 pm', 'Online Option', 0, '1 Story Street 307', 'E', '');
insert into course (concentration_id, hes_course_id, course_id, course_code, course_title, course_term_id, course_day, course_time, course_type, course_limit, location, attributes, course_url) values (1, 0, 4, 'CSCIE-20', 'Discrete Mathematics for Computer Science', 4, 'TUES', '9 - 11 pm', 'Web-Conference Course', 32, '', 'TMF,E', '');
insert into course (concentration_id, hes_course_id, course_id, course_code, course_title, course_term_id, course_day, course_time, course_type, course_limit, location, attributes, course_url) values (1, 0, 5, 'CSCIE-28', 'Unix/Linux Systems Programming', 4, 'TUES', '7:40 - 9:40 pm', 'Online Option', 0, '53 Church Street L01', 'SP,E', '');
insert into course (concentration_id, hes_course_id, course_id, course_code, course_title, course_term_id, course_day, course_time, course_type, course_limit, location, attributes, course_url) values (1, 0, 6, 'CSCIE-35', 'Essential Modern UI Windows 8.1 App Development and Cloud Computing', 4, 'WED', '7:40 - 9:40 pm', 'Online Option', 0, '1 Story Street 303', 'E', '');
insert into course (concentration_id, hes_course_id, course_id, course_code, course_title, course_term_id, course_day, course_time, course_type, course_limit, location, attributes, course_url) values (1, 0, 7, 'CSCIE-40', 'Communication Protocols and Internet Architectures', 4, '', '', 'Online Only', 0, '', 'DCOM,E', '');
insert into course (concentration_id, hes_course_id, course_id, course_code, course_title, course_term_id, course_day, course_time, course_type, course_limit, location, attributes, course_url) values (1, 0, 8, 'CSCIE-42', 'Internet Voice Video and Telepresence', 4, 'MON', '5:30 - 7:30 pm', 'Online Option', 0, 'Maxwell-Dworkin G125', 'DCOM,E', '');
insert into course (concentration_id, hes_course_id, course_id, course_code, course_title, course_term_id, course_day, course_time, course_type, course_limit, location, attributes, course_url) values (1, 0, 9, 'CSCIE-45B', 'Working in and Running the Cyberworld', 4, 'FRI', '5:30 - 7:30 pm', 'Online Option', 0, 'Maxwell-Dworkin G125', 'DCOM,E', '');
insert into course (concentration_id, hes_course_id, course_id, course_code, course_title, course_term_id, course_day, course_time, course_type, course_limit, location, attributes, course_url) values (1, 0, 10, 'CSCIE-51', 'Abstraction and Design in Computation', 4, '', '', 'Online Only', 0, '', 'TMF,E', '');
insert into course (concentration_id, hes_course_id, course_id, course_code, course_title, course_term_id, course_day, course_time, course_type, course_limit, location, attributes, course_url) values (1, 0, 11, 'CSCIE-55', 'Java for Distributed Computing', 4, '', '', 'Online Only', 0, '', 'DC,E', '');
insert into course (concentration_id, hes_course_id, course_id, course_code, course_title, course_term_id, course_day, course_time, course_type, course_limit, location, attributes, course_url) values (1, 0, 12, 'CSCIE-58', 'Bioinformatics Algorithms', 4, 'WED', '7:40 - 9:40 pm', 'On Campus Only', 0, 'Harvard Hall 103', 'E', '');
insert into course (concentration_id, hes_course_id, course_id, course_code, course_title, course_term_id, course_day, course_time, course_type, course_limit, location, attributes, course_url) values (1, 0, 13, 'CSCIE-63', 'Big Data Analytics', 4, 'FRI', '5:30 - 7:30 pm', 'Online Option', 0, '1 Story Street 306', 'E', '');
insert into course (concentration_id, hes_course_id, course_id, course_code, course_title, course_term_id, course_day, course_time, course_type, course_limit, location, attributes, course_url) values (1, 0, 14, 'CSCIE-66', 'Database and Information Management Systems', 4, 'WED', '7:40 - 9:40 pm', 'Online Option', 0, '1 Story Street 306', 'E', '');
insert into course (concentration_id, hes_course_id, course_id, course_code, course_title, course_term_id, course_day, course_time, course_type, course_limit, location, attributes, course_url) values (1, 0, 15, 'CSCIE-92', 'Principles of Operating Systems', 4, 'TUES', '7:40 - 9:40 pm', 'On Campus Only', 0, 'Science Center 109', 'SP,E', '');
insert into course (concentration_id, hes_course_id, course_id, course_code, course_title, course_term_id, course_day, course_time, course_type, course_limit, location, attributes, course_url) values (1, 0, 16, 'CSCIE-124', 'Data Structures and Algorithms', 4, '', '', 'Online Only', 0, '', 'TMF,E', '');
insert into course (concentration_id, hes_course_id, course_id, course_code, course_title, course_term_id, course_day, course_time, course_type, course_limit, location, attributes, course_url) values (1, 0, 17, 'CSCIE-152', 'Programming Languages', 4, '', '', 'Online Only', 0, '', 'TMF,E', '');
insert into course (concentration_id, hes_course_id, course_id, course_code, course_title, course_term_id, course_day, course_time, course_type, course_limit, location, attributes, course_url) values (1, 0, 18, 'CSCIE-171', 'Visualization', 4, '', '', 'Online Only', 0, '', 'E', '');
insert into course (concentration_id, hes_course_id, course_id, course_code, course_title, course_term_id, course_day, course_time, course_type, course_limit, location, attributes, course_url) values (1, 0, 19, 'CSCIE-181', 'Machine Learning', 4, '', '', 'Online Only', 0, '', 'TMF,E', '');
insert into course (concentration_id, hes_course_id, course_id, course_code, course_title, course_term_id, course_day, course_time, course_type, course_limit, location, attributes, course_url) values (1, 0, 20, 'CSCIE-186', 'Economics and Computation', 4, '', '', 'Online Only', 0, '', 'TMF,E', '');
insert into course (concentration_id, hes_course_id, course_id, course_code, course_title, course_term_id, course_day, course_time, course_type, course_limit, location, attributes, course_url) values (1, 0, 21, 'DGMDE-25', 'Introduction to Web Content Management Systems Site Development', 4, '', '', 'Online Only', 0, '', 'WAD,E', '');
insert into course (concentration_id, hes_course_id, course_id, course_code, course_title, course_term_id, course_day, course_time, course_type, course_limit, location, attributes, course_url) values (1, 0, 22, 'ENSCE-105', 'Engineering Innovation with Information Technology', 4, 'TUES', '7:40 - 9:40 pm', 'Online Option', 0, 'Byerly Hall 013', 'E', '');
insert into course (concentration_id, hes_course_id, course_id, course_code, course_title, course_term_id, course_day, course_time, course_type, course_limit, location, attributes, course_url) values (1, 0, 23, 'ENSCE-123', 'Laboratory Electronics: Digital Circuit Design', 4, 'THUR', '6 - 9 pm', 'On Campus Only', 22, 'Science Center 206', 'E', '');
insert into course (concentration_id, hes_course_id, course_id, course_code, course_title, course_term_id, course_day, course_time, course_type, course_limit, location, attributes, course_url) values (1, 0, 24, 'ENSCE-155', 'Fundamentals and Applications of Microfluidics', 4, 'TUES', '5:30 - 7:30 pm', 'Online Option', 0, 'Maxwell-Dworkin G135', 'E', '');
insert into course (concentration_id, hes_course_id, course_id, course_code, course_title, course_term_id, course_day, course_time, course_type, course_limit, location, attributes, course_url) values (1, 0, 25, 'ISMTE-155', 'Geographic Communication Today', 4, 'MON', '5:30 - 7:30 pm', 'On Campus Only', 30, '53 Church Street 201', 'E', '');
insert into course (concentration_id, hes_course_id, course_id, course_code, course_title, course_term_id, course_day, course_time, course_type, course_limit, location, attributes, course_url) values (1, 0, 26, 'MATHE-23B', 'Linear Algebra and Real Analysis II', 4, 'TUES,THUR', '2:30 - 4 pm', 'On Campus Only', 0, 'Room to be announced', 'E', '');
insert into course (concentration_id, hes_course_id, course_id, course_code, course_title, course_term_id, course_day, course_time, course_type, course_limit, location, attributes, course_url) values (1, 0, 27, 'MATHE-155R', 'Combinatorics', 4, 'TUES,THUR', '11:30 am - 1 pm', 'On Campus Only', 0, 'Room to be announced', 'E', '');
insert into course (concentration_id, hes_course_id, course_id, course_code, course_title, course_term_id, course_day, course_time, course_type, course_limit, location, attributes, course_url) values (1, 0, 28, 'MATHE-156', 'Mathematical Foundations of Statistical Software', 4, 'WED', '7:40 - 9:40 pm', 'On Campus Only', 0, 'Science Center 112', 'E', '');
insert into course (concentration_id, hes_course_id, course_id, course_code, course_title, course_term_id, course_day, course_time, course_type, course_limit, location, attributes, course_url) values (1, 0, 29, 'MATHE-210', 'Vector Space Methods for Differential Equations', 4, 'TUES,THUR', '11:30 am - 1 pm', 'On Campus Only', 0, 'Room to be announced', 'E', '');
insert into course (concentration_id, hes_course_id, course_id, course_code, course_title, course_term_id, course_day, course_time, course_type, course_limit, location, attributes, course_url) values (1, 0, 30, 'CSCIE-15', 'Dynamic Web Applications', 2, 'WED', '5:30 - 7:30 pm', 'Online Option', 0, 'Maxwell-Dworkin G115', 'WAD,E', '');
insert into course (concentration_id, hes_course_id, course_id, course_code, course_title, course_term_id, course_day, course_time, course_type, course_limit, location, attributes, course_url) values (1, 0, 31, 'CSCIE-18', 'Web Development Using XML', 2, 'MON', '7:40 - 9:40 pm', 'Online Option', 0, '1 Story Street 304', 'WAD,E', '');
insert into course (concentration_id, hes_course_id, course_id, course_code, course_title, course_term_id, course_day, course_time, course_type, course_limit, location, attributes, course_url) values (1, 0, 32, 'CSCIE-26', 'Introduction to C Unix/Linux Programming and Web Interfaces', 2, 'WED', '7:40 - 9:40 pm', 'On Campus Only', 0, 'Science Center B-10', 'E', '');
insert into course (concentration_id, hes_course_id, course_id, course_code, course_title, course_term_id, course_day, course_time, course_type, course_limit, location, attributes, course_url) values (1, 0, 33, 'CSCIE-33', 'Programming Microsoft .NET', 2, 'MON', '7:40 - 9:40 pm', 'Online Option', 0, '1 Story Street 307', 'E', '');
insert into course (concentration_id, hes_course_id, course_id, course_code, course_title, course_term_id, course_day, course_time, course_type, course_limit, location, attributes, course_url) values (1, 0, 34, 'CSCIE-40', 'Communication Protocols and Internet Architectures', 2, 'MON', '5:30 - 7:30 pm', 'Online Option', 0, '53 Church Street L01', 'DCOM,E', '');
insert into course (concentration_id, hes_course_id, course_id, course_code, course_title, course_term_id, course_day, course_time, course_type, course_limit, location, attributes, course_url) values (1, 0, 35, 'CSCIE-45A', 'Understanding and Securing the Cyber Infrastructure', 2, 'FRI', '5:30 - 7:30 pm', 'Online Option', 0, 'Maxwell-Dworkin G125', 'DCOM,E', '');
insert into course (concentration_id, hes_course_id, course_id, course_code, course_title, course_term_id, course_day, course_time, course_type, course_limit, location, attributes, course_url) values (1, 0, 36, 'CSCIE-55', 'Java for Distributed Computing', 2, 'WED', '7:40 - 9:40 pm', 'Online Option', 0, 'Byerly Hall 013', 'DC,E', '');
insert into course (concentration_id, hes_course_id, course_id, course_code, course_title, course_term_id, course_day, course_time, course_type, course_limit, location, attributes, course_url) values (1, 0, 37, 'CSCIE-56', 'Web Application Development with Groovy and Grails', 2, 'FRI', '5:30 - 7:30 pm', 'Online Option', 0, '53 Church Street L01', 'WAD,E', '');
insert into course (concentration_id, hes_course_id, course_id, course_code, course_title, course_term_id, course_day, course_time, course_type, course_limit, location, attributes, course_url) values (1, 0, 38, 'CSCIE-60', 'Developing Web-Based Database Applications', 2, 'MON', '5:30 - 7:30 pm', 'Online Option', 0, '1 Story Street 303', 'WAD,E', '');
insert into course (concentration_id, hes_course_id, course_id, course_code, course_title, course_term_id, course_day, course_time, course_type, course_limit, location, attributes, course_url) values (1, 0, 39, 'CSCIE-61', 'Systems Programming and Machine Organization', 2, '', '', 'Online Only', 0, '', 'SP,E', '');
insert into course (concentration_id, hes_course_id, course_id, course_code, course_title, course_term_id, course_day, course_time, course_type, course_limit, location, attributes, course_url) values (1, 0, 40, 'CSCIE-62', 'Modern Mobile Development', 2, 'TUES', '5:30 - 7:30 pm', 'On Campus Only', 30, '53 Church Street 203', 'WAD,E', '');
insert into course (concentration_id, hes_course_id, course_id, course_code, course_title, course_term_id, course_day, course_time, course_type, course_limit, location, attributes, course_url) values (1, 0, 41, 'CSCIE-65', 'Building Mobile Apps: A Comparative View of Mobile Application Development', 2, 'FRI', '5:30 - 7:30 pm', 'Online Option', 120, 'Maxwell-Dworkin G115', 'WAD,E', '');
insert into course (concentration_id, hes_course_id, course_id, course_code, course_title, course_term_id, course_day, course_time, course_type, course_limit, location, attributes, course_url) values (1, 0, 42, 'CSCIE-72', 'Introduction to Computer Graphics', 2, 'TUES', '5:30 - 7:30 pm', 'Online Option', 0, '1 Story Street 303', 'E', '');
insert into course (concentration_id, hes_course_id, course_id, course_code, course_title, course_term_id, course_day, course_time, course_type, course_limit, location, attributes, course_url) values (1, 0, 43, 'CSCIE-80', 'Artificial Intelligence', 2, 'THUR', '5:30 - 7:30 pm', 'On Campus Only', 0, 'Northwest Science Building B108', 'E', '');
insert into course (concentration_id, hes_course_id, course_id, course_code, course_title, course_term_id, course_day, course_time, course_type, course_limit, location, attributes, course_url) values (1, 0, 44, 'CSCIE-90', 'Cloud Computing', 2, 'FRI', '5:30 - 7:30 pm', 'Online Option', 0, '1 Story Street 306', 'DC,E', '');
insert into course (concentration_id, hes_course_id, course_id, course_code, course_title, course_term_id, course_day, course_time, course_type, course_limit, location, attributes, course_url) values (1, 0, 45, 'CSCIE-95', 'Compiler Design and Implementation', 2, 'TUES', '7:40 - 9:40 pm', 'On Campus Only', 0, 'Science Center 109', 'TMF,E', '');
insert into course (concentration_id, hes_course_id, course_id, course_code, course_title, course_term_id, course_day, course_time, course_type, course_limit, location, attributes, course_url) values (1, 0, 46, 'CSCIE-97', 'Software Design: Principles Models and Patterns', 2, 'THUR', '7:40 - 9:40 pm', 'Online Option', 0, '1 Story Street 304', 'SD,E', '');
insert into course (concentration_id, hes_course_id, course_id, course_code, course_title, course_term_id, course_day, course_time, course_type, course_limit, location, attributes, course_url) values (1, 0, 47, 'CSCIE-109', 'Data Science', 2, '', '', 'Online Only', 60, '', 'TMF,E', '');
insert into course (concentration_id, hes_course_id, course_id, course_code, course_title, course_term_id, course_day, course_time, course_type, course_limit, location, attributes, course_url) values (1, 0, 48, 'CSCIE-121', 'Introduction to the Theory of Computation', 2, '', '', 'Online Only', 0, '', 'TMF,E', '');
insert into course (concentration_id, hes_course_id, course_id, course_code, course_title, course_term_id, course_day, course_time, course_type, course_limit, location, attributes, course_url) values (1, 0, 49, 'CSCIE-127', 'Introduction to Cryptography', 2, '', '', 'Online Only', 0, '', 'TMF,E', '');
insert into course (concentration_id, hes_course_id, course_id, course_code, course_title, course_term_id, course_day, course_time, course_type, course_limit, location, attributes, course_url) values (1, 0, 50, 'CSCIE-205', 'Computing Foundations for Computational Science', 2, '', '', 'Online Only', 0, '', 'E', '');
insert into course (concentration_id, hes_course_id, course_id, course_code, course_title, course_term_id, course_day, course_time, course_type, course_limit, location, attributes, course_url) values (1, 0, 51, 'ENSCE-130', 'Introduction to MEMS with BioMEMS', 2, 'TUES', '5:30 - 7:30 pm', 'Online Option', 0, 'Pierce Hall 301', 'E', '');
insert into course (concentration_id, hes_course_id, course_id, course_code, course_title, course_term_id, course_day, course_time, course_type, course_limit, location, attributes, course_url) values (1, 0, 52, 'ENSCE-150', 'Introduction to Nanobiotechnology: Concepts and Applications', 2, 'TUES', '5:30 - 7:30 pm', 'Online Option', 0, 'Pierce Hall 209', 'E', '');
insert into course (concentration_id, hes_course_id, course_id, course_code, course_title, course_term_id, course_day, course_time, course_type, course_limit, location, attributes, course_url) values (1, 0, 53, 'MATHE-23A', 'Linear Algebra and Real Analysis I', 2, 'TUES,THUR', '2:30 - 4 pm', 'On Campus Only', 0, 'Science Center Hall A', 'E', '');
insert into course (concentration_id, hes_course_id, course_id, course_code, course_title, course_term_id, course_day, course_time, course_type, course_limit, location, attributes, course_url) values (1, 0, 54, 'MATHE-154', 'Probability Theory', 2, 'MON,WED,FRI', '12 - 1 pm', 'On Campus Only', 0, 'Science Center 507', 'E', '');
insert into course (concentration_id, hes_course_id, course_id, course_code, course_title, course_term_id, course_day, course_time, course_type, course_limit, location, attributes, course_url) values (1, 0, 55, 'APMAS-111', 'Introduction to Scientific Computing', 1, 'MON,WED', '8:30 am - 11:30 am', 'On Campus Only', 0, 'Science Center B-09', 'TMF,E', '');
insert into course (concentration_id, hes_course_id, course_id, course_code, course_title, course_term_id, course_day, course_time, course_type, course_limit, location, attributes, course_url) values (1, 0, 56, 'CSCIS-76', 'Building Mobile Applications', 1, 'MON,WED', '6:30 - 9:30 pm', 'On Campus Only', 30, 'Northwest Science Building B101', 'WAD,E', '');
insert into course (concentration_id, hes_course_id, course_id, course_code, course_title, course_term_id, course_day, course_time, course_type, course_limit, location, attributes, course_url) values (1, 0, 57, 'CSCIS-131B', 'Communication Protocols and Internet Architectures', 1, '', '', 'Online Only', 0, '', 'DCOM,E', '');
insert into course (concentration_id, hes_course_id, course_id, course_code, course_title, course_term_id, course_day, course_time, course_type, course_limit, location, attributes, course_url) values (1, 0, 58, 'ENSCS-157', 'Introduction to Fabrication of Microfluidic Devices', 1, 'TUES,THUR', '6:30 - 9:30 pm', 'On Campus Only', 15, 'LISE 303', 'E', '');
insert into course (concentration_id, hes_course_id, course_id, course_code, course_title, course_term_id, course_day, course_time, course_type, course_limit, location, attributes, course_url) values (1, 0, 59, 'ISMTS-170', 'Human Factors in Information Systems Design', 1, 'TUES,THUR', '6:30 - 9:30 pm', 'On Campus Only', 50, 'Northwest Science Building B108', 'E', '');
insert into course (concentration_id, hes_course_id, course_id, course_code, course_title, course_term_id, course_day, course_time, course_type, course_limit, location, attributes, course_url) values (1, 0, 60, 'MATHS-19A', 'Modeling and Differential Equations for the Life Sciences', 1, 'MON,WED,FRI', '12:30 - 2:30 pm', 'On Campus Only', 0, 'Science Center 411', 'TMF,E', '');
insert into course (concentration_id, hes_course_id, course_id, course_code, course_title, course_term_id, course_day, course_time, course_type, course_limit, location, attributes, course_url) values (1, 0, 61, 'PHILS-140', 'Deductive Logic', 1, 'MON,WED', '8:30 am - 11:30 am', 'On Campus Only', 0, 'Lamont Library 240', 'E', '');
insert into course (concentration_id, hes_course_id, course_id, course_code, course_title, course_term_id, course_day, course_time, course_type, course_limit, location, attributes, course_url) values (1, 0, 62, 'PHYSS-123', 'Laboratory Electronics: Analog and Digital Circuit Design', 1, 'MON,WED,THUR', '9 am - 1 pm', 'On Campus Only', 20, 'Science Center 206', 'E', '');
insert into course (concentration_id, hes_course_id, course_id, course_code, course_title, course_term_id, course_day, course_time, course_type, course_limit, location, attributes, course_url) values (1, 14291, 63, 'CSCIE-15', 'Dynamic Web Applications', 6, 'THUR', '5:30 - 7:30 pm', 'Online Option', 0, 'Maxwell-Dworkin G115', 'WAD,E', 'http://www.extension.harvard.edu/courses/14291');
insert into course (concentration_id, hes_course_id, course_id, course_code, course_title, course_term_id, course_day, course_time, course_type, course_limit, location, attributes, course_url) values (1, 14297, 64, 'CSCIE-18', 'Web Development Using XML', 6, 'MON', '7:40 - 9:40 pm', 'Online Option', 0, '1 Story Street 306', 'WAD,E', 'http://www.extension.harvard.edu/courses/14297');
insert into course (concentration_id, hes_course_id, course_id, course_code, course_title, course_term_id, course_day, course_time, course_type, course_limit, location, attributes, course_url) values (1, 14469, 65, 'CSCIE-24', 'Numerical Analysis', 6, 'WED', '7:40 - 9:40 pm', 'Online Option', 0, '1 Story Street 304', 'TMF,E', 'http://www.extension.harvard.edu/courses/14469');
insert into course (concentration_id, hes_course_id, course_id, course_code, course_title, course_term_id, course_day, course_time, course_type, course_limit, location, attributes, course_url) values (1, 14294, 66, 'CSCIE-26', 'Introduction to C Unix/Linux Programming and Web Interfaces', 6, 'WED', '7:40 - 9:40 pm', 'On Campus Only', 0, 'Science Center B-10', 'E', 'http://www.extension.harvard.edu/courses/14294');
insert into course (concentration_id, hes_course_id, course_id, course_code, course_title, course_term_id, course_day, course_time, course_type, course_limit, location, attributes, course_url) values (1, 14310, 67, 'CSCIE-33', 'Programming Microsoft .NET', 6, 'TUES', '7:40 - 9:40 pm', 'Online Option', 0, '53 Church Street L01', 'E', 'http://www.extension.harvard.edu/courses/14310');
insert into course (concentration_id, hes_course_id, course_id, course_code, course_title, course_term_id, course_day, course_time, course_type, course_limit, location, attributes, course_url) values (1, 14557, 68, 'CSCIE-34', 'User Experience Engineering', 6, 'MON', '7:40 - 9:40 pm', 'Online Option', 0, 'Maxwell-Dworkin G125', 'E', 'http://www.extension.harvard.edu/courses/14557');
insert into course (concentration_id, hes_course_id, course_id, course_code, course_title, course_term_id, course_day, course_time, course_type, course_limit, location, attributes, course_url) values (1, 14296, 69, 'CSCIE-40', 'Communication Protocols and Internet Architectures', 6, 'MON', '5:30 - 7:30 pm', 'Online Option', 0, '53 Church Street L01', 'DCOM,E', 'http://www.extension.harvard.edu/courses/14296');
insert into course (concentration_id, hes_course_id, course_id, course_code, course_title, course_term_id, course_day, course_time, course_type, course_limit, location, attributes, course_url) values (1, 14299, 70, 'CSCIE-45A', 'The Cyber World: Hardware Software Networks Security and Management', 6, 'FRI', '5:30 - 7:30 pm', 'Online Option', 0, 'Maxwell-Dworkin G125', 'DCOM,E', 'http://www.extension.harvard.edu/courses/14299');
insert into course (concentration_id, hes_course_id, course_id, course_code, course_title, course_term_id, course_day, course_time, course_type, course_limit, location, attributes, course_url) values (1, 14298, 71, 'CSCIE-55', 'Java for Distributed Computing', 6, 'WED', '7:40 - 9:40 pm', 'Online Option', 0, 'Byerly Hall 013', 'DC,E', 'http://www.extension.harvard.edu/courses/14298');
insert into course (concentration_id, hes_course_id, course_id, course_code, course_title, course_term_id, course_day, course_time, course_type, course_limit, location, attributes, course_url) values (1, 14325, 72, 'CSCIE-56', 'Web Application Development with Groovy and Grails', 6, 'WED', '5:30 - 7:30 pm', 'Online Option', 0, '53 Church Street L01', 'WAD,E', 'http://www.extension.harvard.edu/courses/14325');
insert into course (concentration_id, hes_course_id, course_id, course_code, course_title, course_term_id, course_day, course_time, course_type, course_limit, location, attributes, course_url) values (1, 14307, 73, 'CSCIE-60', 'Developing Web-Based Database Applications', 6, 'WED', '5:30 - 7:30 pm', 'Online Option', 0, 'Maxwell-Dworkin G125', 'WAD,E', 'http://www.extension.harvard.edu/courses/14307');
insert into course (concentration_id, hes_course_id, course_id, course_code, course_title, course_term_id, course_day, course_time, course_type, course_limit, location, attributes, course_url) values (1, 13836, 74, 'CSCIE-61', 'Systems Programming and Machine Organization', 6, '', '', 'Online Only', 0, '', 'SP,E', 'http://www.extension.harvard.edu/courses/13836');
insert into course (concentration_id, hes_course_id, course_id, course_code, course_title, course_term_id, course_day, course_time, course_type, course_limit, location, attributes, course_url) values (1, 14300, 75, 'CSCIE-90', 'Cloud Computing', 6, 'FRI', '5:30 - 7:30 pm', 'Online Option', 0, '1 Story Street 306', 'DC,E', 'http://www.extension.harvard.edu/courses/14300');
insert into course (concentration_id, hes_course_id, course_id, course_code, course_title, course_term_id, course_day, course_time, course_type, course_limit, location, attributes, course_url) values (1, 14532, 76, 'CSCIE-93', 'Computer Architecture', 6, 'TUES', '7:40 - 9:40 pm', 'Online Option', 40, '1 Story Street 302', 'TMF,E', 'http://www.extension.harvard.edu/courses/14532');
insert into course (concentration_id, hes_course_id, course_id, course_code, course_title, course_term_id, course_day, course_time, course_type, course_limit, location, attributes, course_url) values (1, 14306, 77, 'CSCIE-97', 'Software Design: Principles Models and Patterns', 6, 'THUR', '7:40 - 9:40 pm', 'Online Option', 0, '1 Story Street 304', 'SD,E', 'http://www.extension.harvard.edu/courses/14306');
insert into course (concentration_id, hes_course_id, course_id, course_code, course_title, course_term_id, course_day, course_time, course_type, course_limit, location, attributes, course_url) values (1, 14531, 78, 'CSCIE-98', 'Managed Environments for the Execution of Programs', 6, 'MON', '5:30 - 7:30 pm', 'Online Option', 0, '1 Story Street 304', 'SD,E', 'http://www.extension.harvard.edu/courses/14531');
insert into course (concentration_id, hes_course_id, course_id, course_code, course_title, course_term_id, course_day, course_time, course_type, course_limit, location, attributes, course_url) values (1, 14328, 79, 'CSCIE-109', 'Data Science', 6, '', '', 'Online Only', 60, '', 'TMF,E,DSCI', 'http://www.extension.harvard.edu/courses/14328');
insert into course (concentration_id, hes_course_id, course_id, course_code, course_title, course_term_id, course_day, course_time, course_type, course_limit, location, attributes, course_url) values (1, 14302, 80, 'CSCIE-121', 'Introduction to the Theory of Computation', 6, '', '', 'Online Only', 0, '', 'TMF,E', 'http://www.extension.harvard.edu/courses/14302');
insert into course (concentration_id, hes_course_id, course_id, course_code, course_title, course_term_id, course_day, course_time, course_type, course_limit, location, attributes, course_url) values (1, 14549, 81, 'CSCIE-207', 'Systems Development for Computational Science', 6, '', '', 'Online Only', 0, '', 'SP,E,DSCI', 'http://www.extension.harvard.edu/courses/14549');
insert into course (concentration_id, hes_course_id, course_id, course_code, course_title, course_term_id, course_day, course_time, course_type, course_limit, location, attributes, course_url) values (1, 14331, 82, 'ENSCE-130', 'Introduction to MEMS with BioMEMS', 6, 'TUES', '5:30 - 7:30 pm', 'Online Option', 0, 'Maxwell-Dworkin G125', 'E', 'http://www.extension.harvard.edu/courses/14331');
insert into course (concentration_id, hes_course_id, course_id, course_code, course_title, course_term_id, course_day, course_time, course_type, course_limit, location, attributes, course_url) values (1, 12806, 83, 'ENSCE-150', 'Introduction to Nanobiotechnology: Concepts and Applications', 6, 'MON', '5:30 - 7:30 pm', 'Online Option', 0, 'Pierce Hall 209', 'E', 'http://www.extension.harvard.edu/courses/12806');
insert into course (concentration_id, hes_course_id, course_id, course_code, course_title, course_term_id, course_day, course_time, course_type, course_limit, location, attributes, course_url) values (1, 13313, 84, 'MATHE-23A', 'Linear Algebra and Real Analysis I', 6, 'TUES,THUR', '2:30 - 4 pm', 'On Campus Only', 0, '', 'E', 'http://www.extension.harvard.edu/courses/13313');
insert into course (concentration_id, hes_course_id, course_id, course_code, course_title, course_term_id, course_day, course_time, course_type, course_limit, location, attributes, course_url) values (1, 14512, 85, 'MATHE-156', 'Mathematical Foundations of Statistical Software', 6, 'MON', '2 - 4:30 pm', 'On Campus Only', 0, '', 'TMF,E,DSCI', 'http://www.extension.harvard.edu/courses/14512');
insert into course (concentration_id, hes_course_id, course_id, course_code, course_title, course_term_id, course_day, course_time, course_type, course_limit, location, attributes, course_url) values (1, 14574, 86, 'STATE-100', 'Introduction to Quantitative Methods for the Social Sciences and Humanities', 6, '', '', 'Online Only', 0, '', 'E,DSCI', 'http://www.extension.harvard.edu/courses/14574');
insert into course (concentration_id, hes_course_id, course_id, course_code, course_title, course_term_id, course_day, course_time, course_type, course_limit, location, attributes, course_url) values (1, 14527, 87, 'STATE-104', 'Introduction to Quantitative Methods for Economics and Other Quantitative Fields', 6, '', '', 'Online Only', 0, '', 'E,DSCI', 'http://www.extension.harvard.edu/courses/14527');
insert into course (concentration_id, hes_course_id, course_id, course_code, course_title, course_term_id, course_day, course_time, course_type, course_limit, location, attributes, course_url) values (1, 14567, 88, 'STATE-150', 'Statistical Methods', 6, 'TUES', '7:40 - 9:40 pm', 'On Campus Only', 0, 'Harvard Hall 201', 'E,DSCI', 'http://www.extension.harvard.edu/courses/14567');
insert into course (concentration_id, hes_course_id, course_id, course_code, course_title, course_term_id, course_day, course_time, course_type, course_limit, location, attributes, course_url) values (1, 24269, 89, 'DGMDE-27', 'Beyond the Basics of Front-End Web Design', 7, 'MON,TUES,WED,THUR', '9 am - 12 pm', 'On Campus Only', 30, '53 Church Street 104', 'WAD,E', 'http://www.extension.harvard.edu/courses/24269');
insert into course (concentration_id, hes_course_id, course_id, course_code, course_title, course_term_id, course_day, course_time, course_type, course_limit, location, attributes, course_url) values (1, 24104, 90, 'APMAE-207', 'Monte Carlo Methods for Inference and Data Analysis', 8, '', '', 'Online Only', 0, '', 'E,DSCI', 'http://www.extension.harvard.edu/courses/24104');
insert into course (concentration_id, hes_course_id, course_id, course_code, course_title, course_term_id, course_day, course_time, course_type, course_limit, location, attributes, course_url) values (1, 24031, 91, 'CSCIE-8', 'Web GIS: Principles and Applications', 8, 'THUR', '7:40 - 9:40 pm', 'Web-Conference Course', 50, '', 'E', 'http://www.extension.harvard.edu/courses/24031');
insert into course (concentration_id, hes_course_id, course_id, course_code, course_title, course_term_id, course_day, course_time, course_type, course_limit, location, attributes, course_url) values (1, 24035, 92, 'CSCIE-17', 'Medical Informatics', 8, 'THUR', '5:30 - 7:30 pm', 'Online Option', 0, '1 Story Street 307', 'E', 'http://www.extension.harvard.edu/courses/24035');
insert into course (concentration_id, hes_course_id, course_id, course_code, course_title, course_term_id, course_day, course_time, course_type, course_limit, location, attributes, course_url) values (1, 24032, 93, 'CSCIE-20', 'Discrete Mathematics for Computer Science', 8, 'TUES', '9 - 11 pm', 'Web-Conference Course', 45, '', 'TMF,E', 'http://www.extension.harvard.edu/courses/24032');
insert into course (concentration_id, hes_course_id, course_id, course_code, course_title, course_term_id, course_day, course_time, course_type, course_limit, location, attributes, course_url) values (1, 24040, 94, 'CSCIE-28', 'Unix/Linux Systems Programming', 8, 'TUES', '5:30 - 7:30 pm', 'Online Option', 0, '53 Church Street L01', 'SP,E', 'http://www.extension.harvard.edu/courses/24040');
insert into course (concentration_id, hes_course_id, course_id, course_code, course_title, course_term_id, course_day, course_time, course_type, course_limit, location, attributes, course_url) values (1, 24033, 95, 'CSCIE-40', 'Communication Protocols and Internet Architectures', 8, '', '', 'Online Only', 0, '', 'DCOM,E', 'http://www.extension.harvard.edu/courses/24033');
insert into course (concentration_id, hes_course_id, course_id, course_code, course_title, course_term_id, course_day, course_time, course_type, course_limit, location, attributes, course_url) values (1, 24037, 96, 'CSCIE-45B', 'The Cyber World: Governance Threats Conflict Privacy Identity and Commerce', 8, 'FRI', '5:30 - 7:30 pm', 'Online Option', 0, 'Maxwell-Dworkin G125', 'DCOM,E', 'http://www.extension.harvard.edu/courses/24037');
insert into course (concentration_id, hes_course_id, course_id, course_code, course_title, course_term_id, course_day, course_time, course_type, course_limit, location, attributes, course_url) values (1, 24043, 97, 'CSCIE-51', 'Abstraction and Design in Computation', 8, '', '', 'Online Only', 0, '', 'TMF,E', 'http://www.extension.harvard.edu/courses/24043');
insert into course (concentration_id, hes_course_id, course_id, course_code, course_title, course_term_id, course_day, course_time, course_type, course_limit, location, attributes, course_url) values (1, 24229, 98, 'CSCIE-54', 'Concurrent Programming in Scala', 8, 'MON', '7:40 - 9:40 pm', 'On Campus Only', 0, 'Sever Hall 206', 'E', 'http://www.extension.harvard.edu/courses/24229');
insert into course (concentration_id, hes_course_id, course_id, course_code, course_title, course_term_id, course_day, course_time, course_type, course_limit, location, attributes, course_url) values (1, 24036, 99, 'CSCIE-55', 'Java for Distributed Computing', 8, '', '', 'Online Only', 0, '', 'DC,E', 'http://www.extension.harvard.edu/courses/24036');
insert into course (concentration_id, hes_course_id, course_id, course_code, course_title, course_term_id, course_day, course_time, course_type, course_limit, location, attributes, course_url) values (1, 24039, 100, 'CSCIE-58', 'Bioinformatics Algorithms', 8, 'WED', '7:40 - 9:40 pm', 'Online Option', 0, '53 Church Street L01', 'E', 'http://www.extension.harvard.edu/courses/24039');
insert into course (concentration_id, hes_course_id, course_id, course_code, course_title, course_term_id, course_day, course_time, course_type, course_limit, location, attributes, course_url) values (1, 24038, 101, 'CSCIE-63', 'Big Data Analytics', 8, 'FRI', '5:30 - 7:30 pm', 'Online Option', 0, '1 Story Street 306', 'E,DSCI', 'http://www.extension.harvard.edu/courses/24038');
insert into course (concentration_id, hes_course_id, course_id, course_code, course_title, course_term_id, course_day, course_time, course_type, course_limit, location, attributes, course_url) values (1, 24228, 102, 'CSCIE-64', 'Mobile and Cloud Computing', 8, 'THUR', '7:40 - 9:40 pm', 'Online Option', 0, 'Maxwell-Dworkin G125', 'E', 'http://www.extension.harvard.edu/courses/24228');
insert into course (concentration_id, hes_course_id, course_id, course_code, course_title, course_term_id, course_day, course_time, course_type, course_limit, location, attributes, course_url) values (1, 24046, 103, 'CSCIE-66', 'Database Systems', 8, 'WED', '7:40 - 9:40 pm', 'Online Option', 0, '1 Story Street 306', 'E,DSCI', 'http://www.extension.harvard.edu/courses/24046');
insert into course (concentration_id, hes_course_id, course_id, course_code, course_title, course_term_id, course_day, course_time, course_type, course_limit, location, attributes, course_url) values (1, 24207, 104, 'CSCIE-95', 'Compiler Design and Implementation', 8, 'TUES', '7:40 - 9:40 pm', 'Online Option', 40, '1 Story Street 307', 'TMF,E', 'http://www.extension.harvard.edu/courses/24207');
insert into course (concentration_id, hes_course_id, course_id, course_code, course_title, course_term_id, course_day, course_time, course_type, course_limit, location, attributes, course_url) values (1, 21462, 105, 'CSCIE-124', 'Data Structures and Algorithms', 8, '', '', 'Online Only', 0, '', 'TMF,E', 'http://www.extension.harvard.edu/courses/21462');
insert into course (concentration_id, hes_course_id, course_id, course_code, course_title, course_term_id, course_day, course_time, course_type, course_limit, location, attributes, course_url) values (1, 23837, 106, 'CSCIE-152', 'Programming Languages', 8, '', '', 'Online Only', 0, '', 'TMF,E', 'http://www.extension.harvard.edu/courses/23837');
insert into course (concentration_id, hes_course_id, course_id, course_code, course_title, course_term_id, course_day, course_time, course_type, course_limit, location, attributes, course_url) values (1, 24028, 107, 'CSCIE-171', 'Visualization', 8, '', '', 'Online Only', 0, '', 'E,DSCI', 'http://www.extension.harvard.edu/courses/24028');
insert into course (concentration_id, hes_course_id, course_id, course_code, course_title, course_term_id, course_day, course_time, course_type, course_limit, location, attributes, course_url) values (1, 23816, 108, 'CSCIE-186', 'Economics and Computation', 8, '', '', 'Online Only', 0, '', 'TMF,E', 'http://www.extension.harvard.edu/courses/23816');
insert into course (concentration_id, hes_course_id, course_id, course_code, course_title, course_term_id, course_day, course_time, course_type, course_limit, location, attributes, course_url) values (1, 24048, 109, 'DGMDE-25', 'Introduction to Web Content Management Systems Site Development', 8, '', '', 'Online Only', 0, '', 'WAD,E', 'http://www.extension.harvard.edu/courses/24048');
insert into course (concentration_id, hes_course_id, course_id, course_code, course_title, course_term_id, course_day, course_time, course_type, course_limit, location, attributes, course_url) values (1, 24013, 110, 'ENSCE-105', 'Engineering Innovation with Information Technology', 8, 'WED', '7:40 - 9:40 pm', 'Web-Conference Course', 40, '', 'E', 'http://www.extension.harvard.edu/courses/24013');
insert into course (concentration_id, hes_course_id, course_id, course_code, course_title, course_term_id, course_day, course_time, course_type, course_limit, location, attributes, course_url) values (1, 22098, 111, 'ENSCE-123', 'Laboratory Electronics: Digital Circuit Design', 8, 'THUR', '6 - 9:30 pm', 'On Campus Only', 22, 'Science Center 206', 'E', 'http://www.extension.harvard.edu/courses/22098');
insert into course (concentration_id, hes_course_id, course_id, course_code, course_title, course_term_id, course_day, course_time, course_type, course_limit, location, attributes, course_url) values (1, 22768, 112, 'ENSCE-155', 'Fundamentals and Applications of Microfluidics', 8, 'TUES', '5:30 - 7:30 pm', 'Online Option', 0, 'Pierce Hall 209', 'E', 'http://www.extension.harvard.edu/courses/22768');
insert into course (concentration_id, hes_course_id, course_id, course_code, course_title, course_term_id, course_day, course_time, course_type, course_limit, location, attributes, course_url) values (1, 24313, 113, 'ISMTE-155', 'Geographic Communication Today', 8, 'MON', '5:30 - 7:30 pm', 'Web-Conference Course', 30, '', 'E', 'http://www.extension.harvard.edu/courses/24313');
insert into course (concentration_id, hes_course_id, course_id, course_code, course_title, course_term_id, course_day, course_time, course_type, course_limit, location, attributes, course_url) values (1, 24279, 114, 'ISMTE-170', 'Human Factors in Information Systems Design', 8, 'MON', '7:40 - 9:40 pm', 'Web-Conference Course', 35, '', 'E', 'http://www.extension.harvard.edu/courses/24279');
insert into course (concentration_id, hes_course_id, course_id, course_code, course_title, course_term_id, course_day, course_time, course_type, course_limit, location, attributes, course_url) values (1, 23175, 115, 'MATHE-23B', 'Linear Algebra and Real Analysis II', 8, 'TUES,THUR', '2:30 - 4 pm', 'On Campus Only', 0, '', 'E', 'http://www.extension.harvard.edu/courses/23175');
insert into course (concentration_id, hes_course_id, course_id, course_code, course_title, course_term_id, course_day, course_time, course_type, course_limit, location, attributes, course_url) values (1, 24041, 116, 'MATHE-155R', 'Combinatorics', 8, 'TUES,THUR', '1 - 2:30 pm', 'On Campus Only', 0, 'Science Center', 'E', 'http://www.extension.harvard.edu/courses/24041');
insert into course (concentration_id, hes_course_id, course_id, course_code, course_title, course_term_id, course_day, course_time, course_type, course_limit, location, attributes, course_url) values (1, 23498, 117, 'MATHE-210', 'Vector Space Methods for Differential Equations', 8, 'MON,WED', '2 - 3:30 pm', 'On Campus Only', 0, '', 'E', 'http://www.extension.harvard.edu/courses/23498');
insert into course (concentration_id, hes_course_id, course_id, course_code, course_title, course_term_id, course_day, course_time, course_type, course_limit, location, attributes, course_url) values (1, 23274, 118, 'MGMTE-5070', 'Data Mining and Forecast Management', 8, 'TUES', '7:40 - 9:40 pm', 'On Campus Only', 35, 'Emerson Hall 104', 'E,DSCI', 'http://www.extension.harvard.edu/courses/23274');
insert into course (concentration_id, hes_course_id, course_id, course_code, course_title, course_term_id, course_day, course_time, course_type, course_limit, location, attributes, course_url) values (1, 24277, 119, 'STATE-101', 'Introduction to Statistics for the Behavioral Sciences', 8, '', '', 'Online Only', 0, '', 'E,DSCI', 'http://www.extension.harvard.edu/courses/24277');
insert into course (concentration_id, hes_course_id, course_id, course_code, course_title, course_term_id, course_day, course_time, course_type, course_limit, location, attributes, course_url) values (1, 23171, 120, 'STATE-102', 'Fundamentals of Biostatistics', 8, 'TUES', '5:30 - 7:30 pm', 'On Campus Only', 0, 'Sever Hall 113', 'E,DSCI', 'http://www.extension.harvard.edu/courses/23171');
insert into course (concentration_id, hes_course_id, course_id, course_code, course_title, course_term_id, course_day, course_time, course_type, course_limit, location, attributes, course_url) values (1, 23445, 121, 'STATE-150', 'Statistical Methods', 8, 'WED', '5:30 - 7:30 pm', 'Online Option', 0, 'Science Center Hall A', 'E,DSCI', 'http://www.extension.harvard.edu/courses/23445');
insert into course (concentration_id, hes_course_id, course_id, course_code, course_title, course_term_id, course_day, course_time, course_type, course_limit, location, attributes, course_url) values (1, 33214, 122, 'CSCIS-15', 'Dynamic Web Applications', 5, 'TUES,THUR', '6:30 - 9:30 pm', 'On Campus Only', 0, 'Northwest Science Building B103', 'WAD,E', 'http://www.summer.harvard.edu/courses/33214');
insert into course (concentration_id, hes_course_id, course_id, course_code, course_title, course_term_id, course_day, course_time, course_type, course_limit, location, attributes, course_url) values (1, 33106, 123, 'CSCIS-40', 'Communication Protocols and Internet Architectures', 5, '', '', 'Online Only', 0, '', 'DCOM,E', 'http://www.summer.harvard.edu/courses/33106');
insert into course (concentration_id, hes_course_id, course_id, course_code, course_title, course_term_id, course_day, course_time, course_type, course_limit, location, attributes, course_url) values (1, 32627, 124, 'ENSCS-157', 'Introduction to Fabrication of Microfluidic Devices', 5, 'MON,WED', '6:30 - 9:30 pm', 'On Campus Only', 15, 'LISE 303', 'E', 'http://www.summer.harvard.edu/courses/32627');
insert into course (concentration_id, hes_course_id, course_id, course_code, course_title, course_term_id, course_day, course_time, course_type, course_limit, location, attributes, course_url) values (1, 33188, 125, 'ENSCS-175', 'Introduction to Semiconductor Device Physics with Applications to Chip Design and Manufacturing', 5, 'MON,WED', '12 - 3 pm', 'On Campus Only', 0, 'Cruft Laboratory 309', 'E', 'http://www.summer.harvard.edu/courses/33188');
insert into course (concentration_id, hes_course_id, course_id, course_code, course_title, course_term_id, course_day, course_time, course_type, course_limit, location, attributes, course_url) values (1, 32596, 126, 'ISMTS-170', 'Human Factors in Information Systems Design', 5, 'TUES,THUR', '6:30 - 9:30 pm', 'On Campus Only', 44, 'Northwest Science Building B108', 'E', 'http://www.summer.harvard.edu/courses/32596');
insert into course (concentration_id, hes_course_id, course_id, course_code, course_title, course_term_id, course_day, course_time, course_type, course_limit, location, attributes, course_url) values (1, 33136, 127, 'MATHS-323', 'Vectors: a Tool for Teaching Algebra Geometry and Trigonometry', 5, 'MON,TUES,WED,THUR,FRI', '9 am - 11:30 am', 'On Campus Only', 0, 'Northwest Science Building B104', 'E', 'http://www.summer.harvard.edu/courses/33136');
insert into course (concentration_id, hes_course_id, course_id, course_code, course_title, course_term_id, course_day, course_time, course_type, course_limit, location, attributes, course_url) values (1, 33036, 128, 'PHILS-140', 'Deductive Logic', 5, 'MON,WED', '8:30 am - 11:30 am', 'On Campus Only', 0, 'Boylston Hall 105', 'E', 'http://www.summer.harvard.edu/courses/33036');
insert into course (concentration_id, hes_course_id, course_id, course_code, course_title, course_term_id, course_day, course_time, course_type, course_limit, location, attributes, course_url) values (1, 33175, 129, 'STATS-110', 'Introduction to Probability', 5, 'MON,WED', '3:15 - 6:15 pm', 'Online Option', 0, '1 Story Street 306', 'TMF,E', 'http://www.summer.harvard.edu/courses/33175');
insert into course (concentration_id, hes_course_id, course_id, course_code, course_title, course_term_id, course_day, course_time, course_type, course_limit, location, attributes, course_url) values (2, 0, 130, 'MGMTE-5050', 'Strategic Resource Allocation and Planning', 3, 'MON,TUES,WED,THUR', '6 - 9:30 pm', 'On Campus Only', 35, 'Emerson Hall 104', 'SRM,E', '');
insert into course (concentration_id, hes_course_id, course_id, course_code, course_title, course_term_id, course_day, course_time, course_type, course_limit, location, attributes, course_url) values (2, 0, 131, 'CSCIE-8', 'Web GIS: Principles and Applications', 4, 'THUR', '7:40 - 9:40 pm', 'Web-Conference Course', 50, '', 'E', '');
insert into course (concentration_id, hes_course_id, course_id, course_code, course_title, course_term_id, course_day, course_time, course_type, course_limit, location, attributes, course_url) values (2, 0, 132, 'CSCIE-12', 'Fundamentals of Website Development', 4, 'MON', '7:40 - 9:40 pm', 'Online Option', 0, 'Maxwell-Dworkin G115', 'WP,E', '');
insert into course (concentration_id, hes_course_id, course_id, course_code, course_title, course_term_id, course_day, course_time, course_type, course_limit, location, attributes, course_url) values (2, 0, 133, 'CSCIE-17', 'Medical Informatics', 4, 'THUR', '5:30 - 7:30 pm', 'Online Option', 0, '1 Story Street 307', 'MGMT,E', '');
insert into course (concentration_id, hes_course_id, course_id, course_code, course_title, course_term_id, course_day, course_time, course_type, course_limit, location, attributes, course_url) values (2, 0, 134, 'CSCIE-35', 'Essential Modern UI Windows 8.1 App Development and Cloud Computing', 4, 'WED', '7:40 - 9:40 pm', 'Online Option', 0, '1 Story Street 303', 'E', '');
insert into course (concentration_id, hes_course_id, course_id, course_code, course_title, course_term_id, course_day, course_time, course_type, course_limit, location, attributes, course_url) values (2, 0, 135, 'CSCIE-40', 'Communication Protocols and Internet Architectures', 4, '', '', 'Online Only', 0, '', 'DCOM,E', '');
insert into course (concentration_id, hes_course_id, course_id, course_code, course_title, course_term_id, course_day, course_time, course_type, course_limit, location, attributes, course_url) values (2, 0, 136, 'CSCIE-42', 'Internet Voice Video and Telepresence', 4, 'MON', '5:30 - 7:30 pm', 'Online Option', 0, 'Maxwell-Dworkin G125', 'E', '');
insert into course (concentration_id, hes_course_id, course_id, course_code, course_title, course_term_id, course_day, course_time, course_type, course_limit, location, attributes, course_url) values (2, 0, 137, 'CSCIE-45B', 'Working in and Running the Cyberworld', 4, 'FRI', '5:30 - 7:30 pm', 'Online Option', 0, 'Maxwell-Dworkin G125', 'SRM,E', '');
insert into course (concentration_id, hes_course_id, course_id, course_code, course_title, course_term_id, course_day, course_time, course_type, course_limit, location, attributes, course_url) values (2, 0, 138, 'CSCIE-55', 'Java for Distributed Computing', 4, '', '', 'Online Only', 0, '', 'DC,E', '');
insert into course (concentration_id, hes_course_id, course_id, course_code, course_title, course_term_id, course_day, course_time, course_type, course_limit, location, attributes, course_url) values (2, 0, 139, 'CSCIE-63', 'Big Data Analytics', 4, 'FRI', '5:30 - 7:30 pm', 'Online Option', 0, '1 Story Street 306', 'E', '');
insert into course (concentration_id, hes_course_id, course_id, course_code, course_title, course_term_id, course_day, course_time, course_type, course_limit, location, attributes, course_url) values (2, 0, 140, 'CSCIE-66', 'Database and Information Management Systems', 4, 'WED', '7:40 - 9:40 pm', 'Online Option', 0, '1 Story Street 306', 'DM,E', '');
insert into course (concentration_id, hes_course_id, course_id, course_code, course_title, course_term_id, course_day, course_time, course_type, course_limit, location, attributes, course_url) values (2, 0, 141, 'CSCIE-67', 'Oracle Database Administration', 4, 'TUES', '5:30 - 7:30 pm', 'Online Option', 0, 'Maxwell-Dworkin G125', 'DM,E', '');
insert into course (concentration_id, hes_course_id, course_id, course_code, course_title, course_term_id, course_day, course_time, course_type, course_limit, location, attributes, course_url) values (2, 0, 142, 'CSCIE-92', 'Principles of Operating Systems', 4, 'TUES', '7:40 - 9:40 pm', 'On Campus Only', 0, 'Science Center 109', 'E', '');
insert into course (concentration_id, hes_course_id, course_id, course_code, course_title, course_term_id, course_day, course_time, course_type, course_limit, location, attributes, course_url) values (2, 0, 143, 'CSCIE-171', 'Visualization', 4, '', '', 'Online Only', 0, '', 'E', '');
insert into course (concentration_id, hes_course_id, course_id, course_code, course_title, course_term_id, course_day, course_time, course_type, course_limit, location, attributes, course_url) values (2, 0, 144, 'CSCIE-186', 'Economics and Computation', 4, '', '', 'Online Only', 0, '', 'E', '');
insert into course (concentration_id, hes_course_id, course_id, course_code, course_title, course_term_id, course_day, course_time, course_type, course_limit, location, attributes, course_url) values (2, 0, 145, 'DGMDE-25', 'Introduction to Web Content Management Systems Site Development', 4, '', '', 'Online Only', 0, '', 'E', '');
insert into course (concentration_id, hes_course_id, course_id, course_code, course_title, course_term_id, course_day, course_time, course_type, course_limit, location, attributes, course_url) values (2, 0, 146, 'ENSCE-105', 'Engineering Innovation with Information Technology', 4, 'TUES', '7:40 - 9:40 pm', 'Online Option', 0, 'Byerly Hall 013', 'E', '');
insert into course (concentration_id, hes_course_id, course_id, course_code, course_title, course_term_id, course_day, course_time, course_type, course_limit, location, attributes, course_url) values (2, 0, 147, 'ISMTE-155', 'Geographic Communication Today', 4, 'MON', '5:30 - 7:30 pm', 'On Campus Only', 30, '53 Church Street 201', 'E', '');
insert into course (concentration_id, hes_course_id, course_id, course_code, course_title, course_term_id, course_day, course_time, course_type, course_limit, location, attributes, course_url) values (2, 0, 148, 'ISMTE-180', 'Building and Managing Business Intelligence Systems', 4, 'MON', '7:40 - 9:40 pm', 'On Campus Only', 24, 'Northwest Science Building B108', 'E', '');
insert into course (concentration_id, hes_course_id, course_id, course_code, course_title, course_term_id, course_day, course_time, course_type, course_limit, location, attributes, course_url) values (2, 0, 149, 'ISMTE-200', 'Capstone Seminar in Enterprise Systems', 4, 'MON', '7:40 - 9:40 pm', 'On Campus Only', 20, 'Northwest Science Building B104', 'CAP', '');
insert into course (concentration_id, hes_course_id, course_id, course_code, course_title, course_term_id, course_day, course_time, course_type, course_limit, location, attributes, course_url) values (2, 0, 150, 'MGMTE-1600', 'Managerial Accounting', 4, 'THUR', '5:30 - 7:30 pm', 'Online Option', 70, '1 Story Street 306', 'E', '');
insert into course (concentration_id, hes_course_id, course_id, course_code, course_title, course_term_id, course_day, course_time, course_type, course_limit, location, attributes, course_url) values (2, 0, 151, 'MGMTE-4000', 'Organizational Behavior', 4, 'THUR', '5:30 - 7:30 pm', 'Web-Conference Course', 35, '', 'E', '');
insert into course (concentration_id, hes_course_id, course_id, course_code, course_title, course_term_id, course_day, course_time, course_type, course_limit, location, attributes, course_url) values (2, 0, 152, 'MGMTE-4000', 'Organizational Behavior', 4, 'MON', '7:40 - 9:40 pm', 'On Campus Only', 38, 'Pound Hall 204', 'E', '');
insert into course (concentration_id, hes_course_id, course_id, course_code, course_title, course_term_id, course_day, course_time, course_type, course_limit, location, attributes, course_url) values (2, 0, 153, 'MGMTE-4000', 'Organizational Behavior', 4, 'WED', '5:30 - 7:30 pm', 'Web-Conference Course', 30, '', 'E', '');
insert into course (concentration_id, hes_course_id, course_id, course_code, course_title, course_term_id, course_day, course_time, course_type, course_limit, location, attributes, course_url) values (2, 0, 154, 'MGMTE-4000', 'Organizational Behavior', 4, 'THUR', '5:30 - 7:30 pm', 'On Campus Only', 38, 'Sever Hall 106', 'E', '');
insert into course (concentration_id, hes_course_id, course_id, course_code, course_title, course_term_id, course_day, course_time, course_type, course_limit, location, attributes, course_url) values (2, 0, 155, 'MGMTE-4000', 'Organizational Behavior', 4, 'TUES', '5:30 - 7:30 pm', 'Web-Conference Course', 35, '', 'E', '');
insert into course (concentration_id, hes_course_id, course_id, course_code, course_title, course_term_id, course_day, course_time, course_type, course_limit, location, attributes, course_url) values (2, 0, 156, 'MGMTE-4030', 'Leading through Change', 4, 'TUES', '5:30 - 7:30 pm', 'Online Option', 60, '53 Church Street L01', 'E', '');
insert into course (concentration_id, hes_course_id, course_id, course_code, course_title, course_term_id, course_day, course_time, course_type, course_limit, location, attributes, course_url) values (2, 0, 157, 'MGMTE-4170', 'Managing Virtual Teams', 4, 'MON', '5:30 - 7:30 pm', 'Web-Conference Course', 38, '', 'MGMT,E', '');
insert into course (concentration_id, hes_course_id, course_id, course_code, course_title, course_term_id, course_day, course_time, course_type, course_limit, location, attributes, course_url) values (2, 0, 158, 'MGMTE-5040', 'Project Management of Information Technology', 4, 'MON', '7:40 - 9:40 pm', 'On Campus Only', 50, 'CGIS South S020', 'MGMT,E', '');
insert into course (concentration_id, hes_course_id, course_id, course_code, course_title, course_term_id, course_day, course_time, course_type, course_limit, location, attributes, course_url) values (2, 0, 159, 'MGMTE-5070', 'Data Mining and Forecast Management', 4, 'TUES', '7:40 - 9:40 pm', 'On Campus Only', 35, 'Emerson Hall 104', 'SRM,E', '');
insert into course (concentration_id, hes_course_id, course_id, course_code, course_title, course_term_id, course_day, course_time, course_type, course_limit, location, attributes, course_url) values (2, 0, 160, 'MGMTE-5450', 'Launching an e-Commerce Start-up', 4, 'TUES', '5:30 - 7:30 pm', 'On Campus Only', 30, '53 Church Street 201', 'MGMT,E', '');
insert into course (concentration_id, hes_course_id, course_id, course_code, course_title, course_term_id, course_day, course_time, course_type, course_limit, location, attributes, course_url) values (2, 0, 161, 'CSCIE-15', 'Dynamic Web Applications', 2, 'WED', '5:30 - 7:30 pm', 'Online Option', 0, 'Maxwell-Dworkin G115', 'WP,E', '');
insert into course (concentration_id, hes_course_id, course_id, course_code, course_title, course_term_id, course_day, course_time, course_type, course_limit, location, attributes, course_url) values (2, 0, 162, 'CSCIE-18', 'Web Development Using XML', 2, 'MON', '7:40 - 9:40 pm', 'Online Option', 0, '1 Story Street 304', 'WP,E', '');
insert into course (concentration_id, hes_course_id, course_id, course_code, course_title, course_term_id, course_day, course_time, course_type, course_limit, location, attributes, course_url) values (2, 0, 163, 'CSCIE-26', 'Introduction to C Unix/Linux Programming and Web Interfaces', 2, 'WED', '7:40 - 9:40 pm', 'On Campus Only', 0, 'Science Center B-10', 'E', '');
insert into course (concentration_id, hes_course_id, course_id, course_code, course_title, course_term_id, course_day, course_time, course_type, course_limit, location, attributes, course_url) values (2, 0, 164, 'CSCIE-33', 'Programming Microsoft .NET', 2, 'MON', '7:40 - 9:40 pm', 'Online Option', 0, '1 Story Street 307', 'E', '');
insert into course (concentration_id, hes_course_id, course_id, course_code, course_title, course_term_id, course_day, course_time, course_type, course_limit, location, attributes, course_url) values (2, 0, 165, 'CSCIE-40', 'Communication Protocols and Internet Architectures', 2, 'MON', '5:30 - 7:30 pm', 'Online Option', 0, '53 Church Street L01', 'DCOM,E', '');
insert into course (concentration_id, hes_course_id, course_id, course_code, course_title, course_term_id, course_day, course_time, course_type, course_limit, location, attributes, course_url) values (2, 0, 166, 'CSCIE-45A', 'Understanding and Securing the Cyber Infrastructure', 2, 'FRI', '5:30 - 7:30 pm', 'Online Option', 0, 'Maxwell-Dworkin G125', 'SRM,E', '');
insert into course (concentration_id, hes_course_id, course_id, course_code, course_title, course_term_id, course_day, course_time, course_type, course_limit, location, attributes, course_url) values (2, 0, 167, 'CSCIE-55', 'Java for Distributed Computing', 2, 'WED', '7:40 - 9:40 pm', 'Online Option', 0, 'Byerly Hall 013', 'DC,E', '');
insert into course (concentration_id, hes_course_id, course_id, course_code, course_title, course_term_id, course_day, course_time, course_type, course_limit, location, attributes, course_url) values (2, 0, 168, 'CSCIE-56', 'Web Application Development with Groovy and Grails', 2, 'FRI', '5:30 - 7:30 pm', 'Online Option', 0, '53 Church Street L01', 'WP,E', '');
insert into course (concentration_id, hes_course_id, course_id, course_code, course_title, course_term_id, course_day, course_time, course_type, course_limit, location, attributes, course_url) values (2, 0, 169, 'CSCIE-60', 'Developing Web-Based Database Applications', 2, 'MON', '5:30 - 7:30 pm', 'Online Option', 0, '1 Story Street 303', 'DM,E', '');
insert into course (concentration_id, hes_course_id, course_id, course_code, course_title, course_term_id, course_day, course_time, course_type, course_limit, location, attributes, course_url) values (2, 0, 170, 'CSCIE-61', 'Systems Programming and Machine Organization', 2, '', '', 'Online Only', 0, '', 'E', '');
insert into course (concentration_id, hes_course_id, course_id, course_code, course_title, course_term_id, course_day, course_time, course_type, course_limit, location, attributes, course_url) values (2, 0, 171, 'CSCIE-62', 'Modern Mobile Development', 2, 'TUES', '5:30 - 7:30 pm', 'On Campus Only', 30, '53 Church Street 203', 'E', '');
insert into course (concentration_id, hes_course_id, course_id, course_code, course_title, course_term_id, course_day, course_time, course_type, course_limit, location, attributes, course_url) values (2, 0, 172, 'CSCIE-65', 'Building Mobile Apps: A Comparative View of Mobile Application Development', 2, 'FRI', '5:30 - 7:30 pm', 'Online Option', 120, 'Maxwell-Dworkin G115', 'E', '');
insert into course (concentration_id, hes_course_id, course_id, course_code, course_title, course_term_id, course_day, course_time, course_type, course_limit, location, attributes, course_url) values (2, 0, 173, 'CSCIE-90', 'Cloud Computing', 2, 'FRI', '5:30 - 7:30 pm', 'Online Option', 0, '1 Story Street 306', 'DC,E', '');
insert into course (concentration_id, hes_course_id, course_id, course_code, course_title, course_term_id, course_day, course_time, course_type, course_limit, location, attributes, course_url) values (2, 0, 174, 'CSCIE-95', 'Compiler Design and Implementation', 2, 'TUES', '7:40 - 9:40 pm', 'On Campus Only', 0, 'Science Center 109', 'E', '');
insert into course (concentration_id, hes_course_id, course_id, course_code, course_title, course_term_id, course_day, course_time, course_type, course_limit, location, attributes, course_url) values (2, 0, 175, 'CSCIE-97', 'Software Design: Principles Models and Patterns', 2, 'THUR', '7:40 - 9:40 pm', 'Online Option', 0, '1 Story Street 304', 'E', '');
insert into course (concentration_id, hes_course_id, course_id, course_code, course_title, course_term_id, course_day, course_time, course_type, course_limit, location, attributes, course_url) values (2, 0, 176, 'CSCIE-205', 'Computing Foundations for Computational Science', 2, '', '', 'Online Only', 0, '', 'E', '');
insert into course (concentration_id, hes_course_id, course_id, course_code, course_title, course_term_id, course_day, course_time, course_type, course_limit, location, attributes, course_url) values (2, 0, 177, 'ISMTE-100', 'Information Systems Management', 2, 'MON', '7:40 - 9:40 pm', 'On Campus Only', 50, 'CGIS South S020', 'MGMT,E', '');
insert into course (concentration_id, hes_course_id, course_id, course_code, course_title, course_term_id, course_day, course_time, course_type, course_limit, location, attributes, course_url) values (2, 0, 178, 'ISMTE-130', 'Spreadsheet Models for Managers', 2, 'WED', '7:40 - 9:40 pm', 'Online Option', 0, '53 Church Street L01', 'E', '');
insert into course (concentration_id, hes_course_id, course_id, course_code, course_title, course_term_id, course_day, course_time, course_type, course_limit, location, attributes, course_url) values (2, 0, 179, 'ISMTE-150', 'Introduction to GIS', 2, 'THUR', '5:30 - 7:30 pm', 'On Campus Only', 20, '53 Church Street 201', 'E', '');
insert into course (concentration_id, hes_course_id, course_id, course_code, course_title, course_term_id, course_day, course_time, course_type, course_limit, location, attributes, course_url) values (2, 0, 180, 'ISMTE-190', 'Enterprise Content Management', 2, 'TUES', '7:40 - 9:40 pm', 'Online Option', 0, 'Byerly Hall 013', 'E', '');
insert into course (concentration_id, hes_course_id, course_id, course_code, course_title, course_term_id, course_day, course_time, course_type, course_limit, location, attributes, course_url) values (2, 0, 181, 'ISMTE-200', 'Capstone Seminar in Enterprise Systems', 2, 'MON', '7:40 - 9:40 pm', 'On Campus Only', 20, 'Northwest Science Building B104', 'CAP', '');
insert into course (concentration_id, hes_course_id, course_id, course_code, course_title, course_term_id, course_day, course_time, course_type, course_limit, location, attributes, course_url) values (2, 0, 182, 'MGMTE-1600', 'Managerial Accounting', 2, 'THUR', '7:40 - 9:40 pm', 'Online Option', 70, '1 Story Street 306', 'E', '');
insert into course (concentration_id, hes_course_id, course_id, course_code, course_title, course_term_id, course_day, course_time, course_type, course_limit, location, attributes, course_url) values (2, 0, 183, 'MGMTE-4000', 'Organizational Behavior', 2, 'THUR', '5:30 - 7:30 pm', 'Web-Conference Course', 35, '', 'E', '');
insert into course (concentration_id, hes_course_id, course_id, course_code, course_title, course_term_id, course_day, course_time, course_type, course_limit, location, attributes, course_url) values (2, 0, 184, 'MGMTE-4000', 'Organizational Behavior', 2, 'WED', '7:40 - 9:40 pm', 'On Campus Only', 38, 'Sever Hall 203', 'E', '');
insert into course (concentration_id, hes_course_id, course_id, course_code, course_title, course_term_id, course_day, course_time, course_type, course_limit, location, attributes, course_url) values (2, 0, 185, 'MGMTE-4000', 'Organizational Behavior', 2, 'MON', '7:40 - 9:40 pm', 'Web-Conference Course', 40, '', 'E', '');
insert into course (concentration_id, hes_course_id, course_id, course_code, course_title, course_term_id, course_day, course_time, course_type, course_limit, location, attributes, course_url) values (2, 0, 186, 'MGMTE-4000', 'Organizational Behavior', 2, 'TUES', '5:30 - 7:30 pm', 'Web-Conference Course', 35, '', 'E', '');
insert into course (concentration_id, hes_course_id, course_id, course_code, course_title, course_term_id, course_day, course_time, course_type, course_limit, location, attributes, course_url) values (2, 0, 187, 'MGMTE-4000', 'Organizational Behavior', 2, 'MON', '5:30 - 7:30 pm', 'Web-Conference Course', 30, '', 'E', '');
insert into course (concentration_id, hes_course_id, course_id, course_code, course_title, course_term_id, course_day, course_time, course_type, course_limit, location, attributes, course_url) values (2, 0, 188, 'MGMTE-4160', 'Creating and Leading Team Dynamics', 2, 'TUES', '5:30 - 7:30 pm', 'On Campus Only', 30, 'Sever Hall 206', 'E', '');
insert into course (concentration_id, hes_course_id, course_id, course_code, course_title, course_term_id, course_day, course_time, course_type, course_limit, location, attributes, course_url) values (2, 0, 189, 'MGMTE-5420', 'Innovation Entrepreneurship and Business Transformation', 2, 'MON', '7:40 - 9:40 pm', 'On Campus Only', 80, 'Pound Hall 200', 'E', '');
insert into course (concentration_id, hes_course_id, course_id, course_code, course_title, course_term_id, course_day, course_time, course_type, course_limit, location, attributes, course_url) values (2, 0, 190, 'CSCIS-76', 'Building Mobile Applications', 1, 'MON,WED', '6:30 - 9:30 pm', 'On Campus Only', 30, 'Northwest Science Building B101', 'E', '');
insert into course (concentration_id, hes_course_id, course_id, course_code, course_title, course_term_id, course_day, course_time, course_type, course_limit, location, attributes, course_url) values (2, 0, 191, 'CSCIS-131B', 'Communication Protocols and Internet Architectures', 1, '', '', 'Online Only', 0, '', 'DCOM,E', '');
insert into course (concentration_id, hes_course_id, course_id, course_code, course_title, course_term_id, course_day, course_time, course_type, course_limit, location, attributes, course_url) values (2, 0, 192, 'ECONS-1901', 'Managerial Accounting', 1, 'TUES,THUR', '6:30 - 9:30 pm', 'On Campus Only', 0, 'Harvard Hall 103', 'E', '');
insert into course (concentration_id, hes_course_id, course_id, course_code, course_title, course_term_id, course_day, course_time, course_type, course_limit, location, attributes, course_url) values (2, 0, 193, 'ISMTS-170', 'Human Factors in Information Systems Design', 1, 'TUES,THUR', '6:30 - 9:30 pm', 'On Campus Only', 50, 'Northwest Science Building B108', 'E', '');
insert into course (concentration_id, hes_course_id, course_id, course_code, course_title, course_term_id, course_day, course_time, course_type, course_limit, location, attributes, course_url) values (2, 0, 194, 'MGMTS-2800', 'Financial Modeling', 1, 'MON,WED', '8:30 am - 11:30 am', 'On Campus Only', 60, 'Sever Hall 102', 'E', '');
insert into course (concentration_id, hes_course_id, course_id, course_code, course_title, course_term_id, course_day, course_time, course_type, course_limit, location, attributes, course_url) values (2, 0, 195, 'MGMTS-4000', 'Organizational Behavior', 1, 'MON,WED', '6:30 - 9:30 pm', 'On Campus Only', 45, 'Sever Hall 203', 'E', '');
insert into course (concentration_id, hes_course_id, course_id, course_code, course_title, course_term_id, course_day, course_time, course_type, course_limit, location, attributes, course_url) values (2, 0, 196, 'MGMTS-4000', 'Organizational Behavior', 1, 'MON,WED', '3:15 - 6:15 pm', 'Web-Conference Course', 40, '', 'E', '');
insert into course (concentration_id, hes_course_id, course_id, course_code, course_title, course_term_id, course_day, course_time, course_type, course_limit, location, attributes, course_url) values (2, 0, 197, 'MGMTS-5000', 'Strategic Management', 1, 'MON,WED', '8:30 am - 11:30 am', 'On Campus Only', 50, 'CGIS South S020', 'E', '');
insert into course (concentration_id, hes_course_id, course_id, course_code, course_title, course_term_id, course_day, course_time, course_type, course_limit, location, attributes, course_url) values (2, 0, 198, 'MGMTS-5000', 'Strategic Management', 1, 'MON,WED', '6:30 - 9:30 pm', 'On Campus Only', 50, 'Harvard Hall 102', 'E', '');
insert into course (concentration_id, hes_course_id, course_id, course_code, course_title, course_term_id, course_day, course_time, course_type, course_limit, location, attributes, course_url) values (2, 0, 199, 'MGMTS-5010', 'Electronic Commerce Strategies', 1, 'TUES,THUR', '12 - 3 pm', 'On Campus Only', 40, '1 Story Street 304', 'E', '');
insert into course (concentration_id, hes_course_id, course_id, course_code, course_title, course_term_id, course_day, course_time, course_type, course_limit, location, attributes, course_url) values (2, 0, 200, 'MGMTS-5012', 'Systems Thinking', 1, 'TUES,THUR', '6:30 - 9:30 pm', 'On Campus Only', 60, 'Emerson Hall 210', 'E', '');
insert into course (concentration_id, hes_course_id, course_id, course_code, course_title, course_term_id, course_day, course_time, course_type, course_limit, location, attributes, course_url) values (2, 0, 201, 'MGMTS-5016', 'Management of Technology and Innovation', 1, 'MON,WED', '12 - 3 pm', 'On Campus Only', 60, 'Sever Hall 102', 'E', '');
insert into course (concentration_id, hes_course_id, course_id, course_code, course_title, course_term_id, course_day, course_time, course_type, course_limit, location, attributes, course_url) values (2, 0, 202, 'MGMTS-5034', 'Introduction to Decision and Operations Analysis', 1, 'MON,WED', '3:15 - 6:15 pm', 'On Campus Only', 60, 'Sever Hall 102', 'E', '');
insert into course (concentration_id, hes_course_id, course_id, course_code, course_title, course_term_id, course_day, course_time, course_type, course_limit, location, attributes, course_url) values (2, 0, 203, 'MGMTS-5035', 'Cross-Border Innovation', 1, 'TUES,THUR', '6:30 - 9:30 pm', 'On Campus Only', 55, 'Northwest Science Building B101', 'E', '');
insert into course (concentration_id, hes_course_id, course_id, course_code, course_title, course_term_id, course_day, course_time, course_type, course_limit, location, attributes, course_url) values (2, 0, 204, 'STATS-102', 'Fundamentals of Biostatistics', 1, 'TUES,THUR', '3:15 - 6:15 pm', 'On Campus Only', 0, 'Harvard Hall 103', 'E', '');
insert into course (concentration_id, hes_course_id, course_id, course_code, course_title, course_term_id, course_day, course_time, course_type, course_limit, location, attributes, course_url) values (2, 0, 205, 'STATS-107', 'Introduction to Financial Statistics', 1, 'TUES,THUR', '8:30 am - 11:30 am', 'On Campus Only', 0, '1 Story Street 304', 'E', '');
insert into course (concentration_id, hes_course_id, course_id, course_code, course_title, course_term_id, course_day, course_time, course_type, course_limit, location, attributes, course_url) values (2, 14291, 206, 'CSCIE-15', 'Dynamic Web Applications', 6, 'THUR', '5:30 - 7:30 pm', 'Online Option', 0, 'Maxwell-Dworkin G115', 'WP,E', 'http://www.extension.harvard.edu/courses/14291');
insert into course (concentration_id, hes_course_id, course_id, course_code, course_title, course_term_id, course_day, course_time, course_type, course_limit, location, attributes, course_url) values (2, 14297, 207, 'CSCIE-18', 'Web Development Using XML', 6, 'MON', '7:40 - 9:40 pm', 'Online Option', 0, '1 Story Street 306', 'WP,E', 'http://www.extension.harvard.edu/courses/14297');
insert into course (concentration_id, hes_course_id, course_id, course_code, course_title, course_term_id, course_day, course_time, course_type, course_limit, location, attributes, course_url) values (2, 14294, 208, 'CSCIE-26', 'Introduction to C Unix/Linux Programming and Web Interfaces', 6, 'WED', '7:40 - 9:40 pm', 'On Campus Only', 0, 'Science Center B-10', 'E', 'http://www.extension.harvard.edu/courses/14294');
insert into course (concentration_id, hes_course_id, course_id, course_code, course_title, course_term_id, course_day, course_time, course_type, course_limit, location, attributes, course_url) values (2, 14310, 209, 'CSCIE-33', 'Programming Microsoft .NET', 6, 'TUES', '7:40 - 9:40 pm', 'Online Option', 0, '53 Church Street L01', 'E', 'http://www.extension.harvard.edu/courses/14310');
insert into course (concentration_id, hes_course_id, course_id, course_code, course_title, course_term_id, course_day, course_time, course_type, course_limit, location, attributes, course_url) values (2, 14557, 210, 'CSCIE-34', 'User Experience Engineering', 6, 'MON', '7:40 - 9:40 pm', 'Online Option', 0, 'Maxwell-Dworkin G125', 'E', 'http://www.extension.harvard.edu/courses/14557');
insert into course (concentration_id, hes_course_id, course_id, course_code, course_title, course_term_id, course_day, course_time, course_type, course_limit, location, attributes, course_url) values (2, 14296, 211, 'CSCIE-40', 'Communication Protocols and Internet Architectures', 6, 'MON', '5:30 - 7:30 pm', 'Online Option', 0, '53 Church Street L01', 'DCOM,E', 'http://www.extension.harvard.edu/courses/14296');
insert into course (concentration_id, hes_course_id, course_id, course_code, course_title, course_term_id, course_day, course_time, course_type, course_limit, location, attributes, course_url) values (2, 14299, 212, 'CSCIE-45A', 'The Cyber World: Hardware Software Networks Security and Management', 6, 'FRI', '5:30 - 7:30 pm', 'Online Option', 0, 'Maxwell-Dworkin G125', 'SRM,E', 'http://www.extension.harvard.edu/courses/14299');
insert into course (concentration_id, hes_course_id, course_id, course_code, course_title, course_term_id, course_day, course_time, course_type, course_limit, location, attributes, course_url) values (2, 14298, 213, 'CSCIE-55', 'Java for Distributed Computing', 6, 'WED', '7:40 - 9:40 pm', 'Online Option', 0, 'Byerly Hall 013', 'DC,E', 'http://www.extension.harvard.edu/courses/14298');
insert into course (concentration_id, hes_course_id, course_id, course_code, course_title, course_term_id, course_day, course_time, course_type, course_limit, location, attributes, course_url) values (2, 14325, 214, 'CSCIE-56', 'Web Application Development with Groovy and Grails', 6, 'WED', '5:30 - 7:30 pm', 'Online Option', 0, '53 Church Street L01', 'WP,E', 'http://www.extension.harvard.edu/courses/14325');
insert into course (concentration_id, hes_course_id, course_id, course_code, course_title, course_term_id, course_day, course_time, course_type, course_limit, location, attributes, course_url) values (2, 14307, 215, 'CSCIE-60', 'Developing Web-Based Database Applications', 6, 'WED', '5:30 - 7:30 pm', 'Online Option', 0, 'Maxwell-Dworkin G125', 'DM,E', 'http://www.extension.harvard.edu/courses/14307');
insert into course (concentration_id, hes_course_id, course_id, course_code, course_title, course_term_id, course_day, course_time, course_type, course_limit, location, attributes, course_url) values (2, 13836, 216, 'CSCIE-61', 'Systems Programming and Machine Organization', 6, '', '', 'Online Only', 0, '', 'E', 'http://www.extension.harvard.edu/courses/13836');
insert into course (concentration_id, hes_course_id, course_id, course_code, course_title, course_term_id, course_day, course_time, course_type, course_limit, location, attributes, course_url) values (2, 14300, 217, 'CSCIE-90', 'Cloud Computing', 6, 'FRI', '5:30 - 7:30 pm', 'Online Option', 0, '1 Story Street 306', 'DC,E', 'http://www.extension.harvard.edu/courses/14300');
insert into course (concentration_id, hes_course_id, course_id, course_code, course_title, course_term_id, course_day, course_time, course_type, course_limit, location, attributes, course_url) values (2, 14306, 218, 'CSCIE-97', 'Software Design: Principles Models and Patterns', 6, 'THUR', '7:40 - 9:40 pm', 'Online Option', 0, '1 Story Street 304', 'E', 'http://www.extension.harvard.edu/courses/14306');
insert into course (concentration_id, hes_course_id, course_id, course_code, course_title, course_term_id, course_day, course_time, course_type, course_limit, location, attributes, course_url) values (2, 12528, 219, 'ISMTE-100', 'Information Systems Management', 6, 'MON', '7:40 - 9:40 pm', 'On Campus Only', 50, 'CGIS South S020', 'MGMT,E', 'http://www.extension.harvard.edu/courses/12528');
insert into course (concentration_id, hes_course_id, course_id, course_code, course_title, course_term_id, course_day, course_time, course_type, course_limit, location, attributes, course_url) values (2, 12917, 220, 'ISMTE-150', 'Introduction to GIS', 6, 'THUR', '5:30 - 7:30 pm', 'Web-Conference Course', 20, '', 'E', 'http://www.extension.harvard.edu/courses/12917');
insert into course (concentration_id, hes_course_id, course_id, course_code, course_title, course_term_id, course_day, course_time, course_type, course_limit, location, attributes, course_url) values (2, 14206, 221, 'ISMTE-190', 'Enterprise Content Management', 6, 'WED', '7:40 - 9:40 pm', 'Online Option', 0, 'Maxwell-Dworkin G125', 'E', 'http://www.extension.harvard.edu/courses/14206');
insert into course (concentration_id, hes_course_id, course_id, course_code, course_title, course_term_id, course_day, course_time, course_type, course_limit, location, attributes, course_url) values (2, 13043, 222, 'ISMTE-200', 'Capstone Seminar in Enterprise Systems', 6, 'MON', '7:40 - 9:40 pm', 'On Campus Only', 20, 'Northwest Science Building B104', 'CAP', 'http://www.extension.harvard.edu/courses/13043');
insert into course (concentration_id, hes_course_id, course_id, course_code, course_title, course_term_id, course_day, course_time, course_type, course_limit, location, attributes, course_url) values (2, 13341, 223, 'MGMTE-1600', 'Managerial Accounting', 6, 'THUR', '5:30 - 7:30 pm', 'Online Option', 70, '1 Story Street 304', 'E', 'http://www.extension.harvard.edu/courses/13341');
insert into course (concentration_id, hes_course_id, course_id, course_code, course_title, course_term_id, course_day, course_time, course_type, course_limit, location, attributes, course_url) values (2, 14529, 224, 'MGMTE-4000', 'Hybrid: Organizational Behavior', 6, 'TUES', '5:30 - 7:30 pm', 'Hybrid', 35, 'One Brattle Square 201', 'E', 'http://www.extension.harvard.edu/courses/14529');
insert into course (concentration_id, hes_course_id, course_id, course_code, course_title, course_term_id, course_day, course_time, course_type, course_limit, location, attributes, course_url) values (2, 13371, 225, 'MGMTE-4000', 'Organizational Behavior', 6, 'THUR', '5:30 - 7:30 pm', 'Web-Conference Course', 35, '', 'E', 'http://www.extension.harvard.edu/courses/13371');
insert into course (concentration_id, hes_course_id, course_id, course_code, course_title, course_term_id, course_day, course_time, course_type, course_limit, location, attributes, course_url) values (2, 14515, 226, 'MGMTE-4000', 'Organizational Behavior', 6, 'MON', '5:30 - 7:30 pm', 'On Campus Only', 38, 'Sever Hall 102', 'E', 'http://www.extension.harvard.edu/courses/14515');
insert into course (concentration_id, hes_course_id, course_id, course_code, course_title, course_term_id, course_day, course_time, course_type, course_limit, location, attributes, course_url) values (2, 14367, 227, 'MGMTE-4000', 'Organizational Behavior', 6, 'WED', '5:30 - 7:30 pm', 'Web-Conference Course', 40, '', 'E', 'http://www.extension.harvard.edu/courses/14367');
insert into course (concentration_id, hes_course_id, course_id, course_code, course_title, course_term_id, course_day, course_time, course_type, course_limit, location, attributes, course_url) values (2, 13813, 228, 'MGMTE-4000', 'Organizational Behavior', 6, 'MON', '7:40 - 9:40 pm', 'Web-Conference Course', 40, '', 'E', 'http://www.extension.harvard.edu/courses/13813');
insert into course (concentration_id, hes_course_id, course_id, course_code, course_title, course_term_id, course_day, course_time, course_type, course_limit, location, attributes, course_url) values (2, 13375, 229, 'MGMTE-4160', 'Creating and Leading Team Dynamics', 6, 'TUES', '5:30 - 7:30 pm', 'On Campus Only', 30, 'Sever Hall 206', 'E', 'http://www.extension.harvard.edu/courses/13375');
insert into course (concentration_id, hes_course_id, course_id, course_code, course_title, course_term_id, course_day, course_time, course_type, course_limit, location, attributes, course_url) values (2, 13355, 230, 'MGMTE-5420', 'Innovation Entrepreneurship and Business Transformation', 6, 'MON', '7:40 - 9:40 pm', 'On Campus Only', 80, 'Harvard Hall 102', 'E', 'http://www.extension.harvard.edu/courses/13355');
insert into course (concentration_id, hes_course_id, course_id, course_code, course_title, course_term_id, course_day, course_time, course_type, course_limit, location, attributes, course_url) values (2, 14574, 231, 'STATE-100', 'Introduction to Quantitative Methods for the Social Sciences and Humanities', 6, '', '', 'Online Only', 0, '', 'E', 'http://www.extension.harvard.edu/courses/14574');
insert into course (concentration_id, hes_course_id, course_id, course_code, course_title, course_term_id, course_day, course_time, course_type, course_limit, location, attributes, course_url) values (2, 14527, 232, 'STATE-104', 'Introduction to Quantitative Methods for Economics and Other Quantitative Fields', 6, '', '', 'Online Only', 0, '', 'E', 'http://www.extension.harvard.edu/courses/14527');
insert into course (concentration_id, hes_course_id, course_id, course_code, course_title, course_term_id, course_day, course_time, course_type, course_limit, location, attributes, course_url) values (2, 14567, 233, 'STATE-150', 'Statistical Methods', 6, 'TUES', '7:40 - 9:40 pm', 'On Campus Only', 0, 'Harvard Hall 201', 'E', 'http://www.extension.harvard.edu/courses/14567');
insert into course (concentration_id, hes_course_id, course_id, course_code, course_title, course_term_id, course_day, course_time, course_type, course_limit, location, attributes, course_url) values (2, 24269, 234, 'DGMDE-27', 'Beyond the Basics of Front-End Web Design', 7, 'MON,TUES,WED,THUR', '9 am - 12 pm', 'On Campus Only', 30, '53 Church Street 104', 'WP,E', 'http://www.extension.harvard.edu/courses/24269');
insert into course (concentration_id, hes_course_id, course_id, course_code, course_title, course_term_id, course_day, course_time, course_type, course_limit, location, attributes, course_url) values (2, 23468, 235, 'MGMTE-5050', 'Strategic Resource Allocation and Planning', 7, 'MON,TUES,WED,THUR', '6 - 9:30 pm', 'On Campus Only', 35, 'Emerson Hall 104', 'SRM,E', 'http://www.extension.harvard.edu/courses/23468');
insert into course (concentration_id, hes_course_id, course_id, course_code, course_title, course_term_id, course_day, course_time, course_type, course_limit, location, attributes, course_url) values (2, 24031, 236, 'CSCIE-8', 'Web GIS: Principles and Applications', 8, 'THUR', '7:40 - 9:40 pm', 'Web-Conference Course', 50, '', 'E', 'http://www.extension.harvard.edu/courses/24031');
insert into course (concentration_id, hes_course_id, course_id, course_code, course_title, course_term_id, course_day, course_time, course_type, course_limit, location, attributes, course_url) values (2, 21144, 237, 'CSCIE-12', 'Fundamentals of Website Development', 8, 'TUES', '7:40 - 9:40 pm', 'Online Option', 0, 'Maxwell-Dworkin G115', 'WP,E', 'http://www.extension.harvard.edu/courses/21144');
insert into course (concentration_id, hes_course_id, course_id, course_code, course_title, course_term_id, course_day, course_time, course_type, course_limit, location, attributes, course_url) values (2, 24035, 238, 'CSCIE-17', 'Medical Informatics', 8, 'THUR', '5:30 - 7:30 pm', 'Online Option', 0, '1 Story Street 307', 'MGMT,E', 'http://www.extension.harvard.edu/courses/24035');
insert into course (concentration_id, hes_course_id, course_id, course_code, course_title, course_term_id, course_day, course_time, course_type, course_limit, location, attributes, course_url) values (2, 24033, 239, 'CSCIE-40', 'Communication Protocols and Internet Architectures', 8, '', '', 'Online Only', 0, '', 'DCOM,E', 'http://www.extension.harvard.edu/courses/24033');
insert into course (concentration_id, hes_course_id, course_id, course_code, course_title, course_term_id, course_day, course_time, course_type, course_limit, location, attributes, course_url) values (2, 24037, 240, 'CSCIE-45B', 'The Cyber World: Governance Threats Conflict Privacy Identity and Commerce', 8, 'FRI', '5:30 - 7:30 pm', 'Online Option', 0, 'Maxwell-Dworkin G125', 'SRM,E', 'http://www.extension.harvard.edu/courses/24037');
insert into course (concentration_id, hes_course_id, course_id, course_code, course_title, course_term_id, course_day, course_time, course_type, course_limit, location, attributes, course_url) values (2, 24036, 241, 'CSCIE-55', 'Java for Distributed Computing', 8, '', '', 'Online Only', 0, '', 'DC,E', 'http://www.extension.harvard.edu/courses/24036');
insert into course (concentration_id, hes_course_id, course_id, course_code, course_title, course_term_id, course_day, course_time, course_type, course_limit, location, attributes, course_url) values (2, 24038, 242, 'CSCIE-63', 'Big Data Analytics', 8, 'FRI', '5:30 - 7:30 pm', 'Online Option', 0, '1 Story Street 306', 'E', 'http://www.extension.harvard.edu/courses/24038');
insert into course (concentration_id, hes_course_id, course_id, course_code, course_title, course_term_id, course_day, course_time, course_type, course_limit, location, attributes, course_url) values (2, 24046, 243, 'CSCIE-66', 'Database Systems', 8, 'WED', '7:40 - 9:40 pm', 'Online Option', 0, '1 Story Street 306', 'DM,E', 'http://www.extension.harvard.edu/courses/24046');
insert into course (concentration_id, hes_course_id, course_id, course_code, course_title, course_term_id, course_day, course_time, course_type, course_limit, location, attributes, course_url) values (2, 24045, 244, 'CSCIE-67', 'Oracle Database Administration', 8, 'TUES', '5:30 - 7:30 pm', 'Online Option', 0, 'Maxwell-Dworkin G125', 'DM,E', 'http://www.extension.harvard.edu/courses/24045');
insert into course (concentration_id, hes_course_id, course_id, course_code, course_title, course_term_id, course_day, course_time, course_type, course_limit, location, attributes, course_url) values (2, 24207, 245, 'CSCIE-95', 'Compiler Design and Implementation', 8, 'TUES', '7:40 - 9:40 pm', 'Online Option', 40, '1 Story Street 307', 'E', 'http://www.extension.harvard.edu/courses/24207');
insert into course (concentration_id, hes_course_id, course_id, course_code, course_title, course_term_id, course_day, course_time, course_type, course_limit, location, attributes, course_url) values (2, 24028, 246, 'CSCIE-171', 'Visualization', 8, '', '', 'Online Only', 0, '', 'E', 'http://www.extension.harvard.edu/courses/24028');
insert into course (concentration_id, hes_course_id, course_id, course_code, course_title, course_term_id, course_day, course_time, course_type, course_limit, location, attributes, course_url) values (2, 23816, 247, 'CSCIE-186', 'Economics and Computation', 8, '', '', 'Online Only', 0, '', 'E', 'http://www.extension.harvard.edu/courses/23816');
insert into course (concentration_id, hes_course_id, course_id, course_code, course_title, course_term_id, course_day, course_time, course_type, course_limit, location, attributes, course_url) values (2, 24048, 248, 'DGMDE-25', 'Introduction to Web Content Management Systems Site Development', 8, '', '', 'Online Only', 0, '', 'E', 'http://www.extension.harvard.edu/courses/24048');
insert into course (concentration_id, hes_course_id, course_id, course_code, course_title, course_term_id, course_day, course_time, course_type, course_limit, location, attributes, course_url) values (2, 24013, 249, 'ENSCE-105', 'Engineering Innovation with Information Technology', 8, 'WED', '7:40 - 9:40 pm', 'Web-Conference Course', 40, '', 'E', 'http://www.extension.harvard.edu/courses/24013');
insert into course (concentration_id, hes_course_id, course_id, course_code, course_title, course_term_id, course_day, course_time, course_type, course_limit, location, attributes, course_url) values (2, 24313, 250, 'ISMTE-155', 'Geographic Communication Today', 8, 'MON', '5:30 - 7:30 pm', 'Web-Conference Course', 30, '', 'E', 'http://www.extension.harvard.edu/courses/24313');
insert into course (concentration_id, hes_course_id, course_id, course_code, course_title, course_term_id, course_day, course_time, course_type, course_limit, location, attributes, course_url) values (2, 24279, 251, 'ISMTE-170', 'Human Factors in Information Systems Design', 8, 'MON', '7:40 - 9:40 pm', 'Web-Conference Course', 35, '', 'E', 'http://www.extension.harvard.edu/courses/24279');
insert into course (concentration_id, hes_course_id, course_id, course_code, course_title, course_term_id, course_day, course_time, course_type, course_limit, location, attributes, course_url) values (2, 23849, 252, 'ISMTE-180', 'Building and Managing Business Intelligence Systems', 8, 'TUES', '5:30 - 7:30 pm', 'On Campus Only', 24, 'Northwest Science Building B108', 'E', 'http://www.extension.harvard.edu/courses/23849');
insert into course (concentration_id, hes_course_id, course_id, course_code, course_title, course_term_id, course_day, course_time, course_type, course_limit, location, attributes, course_url) values (2, 22365, 253, 'ISMTE-200', 'Capstone Seminar in Enterprise Systems', 8, 'MON', '7:40 - 9:40 pm', 'On Campus Only', 20, 'Northwest Science Building B104', 'CAP', 'http://www.extension.harvard.edu/courses/22365');
insert into course (concentration_id, hes_course_id, course_id, course_code, course_title, course_term_id, course_day, course_time, course_type, course_limit, location, attributes, course_url) values (2, 24271, 254, 'ISMTE-200A', 'Hybrid: Online Capstone Seminar in Information Systems', 8, 'TUES', '5:30 - 7:30 pm', 'Hybrid', 20, '', 'CAP', 'http://www.extension.harvard.edu/courses/24271');
insert into course (concentration_id, hes_course_id, course_id, course_code, course_title, course_term_id, course_day, course_time, course_type, course_limit, location, attributes, course_url) values (2, 23198, 255, 'MGMTE-1600', 'Managerial Accounting', 8, 'THUR', '7:40 - 9:40 pm', 'Online Option', 70, '1 Story Street 306', 'E', 'http://www.extension.harvard.edu/courses/23198');
insert into course (concentration_id, hes_course_id, course_id, course_code, course_title, course_term_id, course_day, course_time, course_type, course_limit, location, attributes, course_url) values (2, 24227, 256, 'MGMTE-4000', 'Hybrid: Organizational Behavior', 8, 'TUES', '5:30 - 7:30 pm', 'Hybrid', 35, '', 'E', 'http://www.extension.harvard.edu/courses/24227');
insert into course (concentration_id, hes_course_id, course_id, course_code, course_title, course_term_id, course_day, course_time, course_type, course_limit, location, attributes, course_url) values (2, 23219, 257, 'MGMTE-4000', 'Organizational Behavior', 8, 'THUR', '5:30 - 7:30 pm', 'Web-Conference Course', 35, '', 'E', 'http://www.extension.harvard.edu/courses/23219');
insert into course (concentration_id, hes_course_id, course_id, course_code, course_title, course_term_id, course_day, course_time, course_type, course_limit, location, attributes, course_url) values (2, 23220, 258, 'MGMTE-4000', 'Organizational Behavior', 8, 'MON', '7:40 - 9:40 pm', 'On Campus Only', 38, 'Northwest Science Building B101', 'E', 'http://www.extension.harvard.edu/courses/23220');
insert into course (concentration_id, hes_course_id, course_id, course_code, course_title, course_term_id, course_day, course_time, course_type, course_limit, location, attributes, course_url) values (2, 23678, 259, 'MGMTE-4000', 'Organizational Behavior', 8, 'WED', '5:30 - 7:30 pm', 'Web-Conference Course', 40, '', 'E', 'http://www.extension.harvard.edu/courses/23678');
insert into course (concentration_id, hes_course_id, course_id, course_code, course_title, course_term_id, course_day, course_time, course_type, course_limit, location, attributes, course_url) values (2, 23860, 260, 'MGMTE-4030', 'Leading through Change', 8, 'TUES', '5:30 - 7:30 pm', 'Online Option', 60, 'One Brattle Square 202', 'E', 'http://www.extension.harvard.edu/courses/23860');
insert into course (concentration_id, hes_course_id, course_id, course_code, course_title, course_term_id, course_day, course_time, course_type, course_limit, location, attributes, course_url) values (2, 23674, 261, 'MGMTE-4170', 'Managing Virtual Teams', 8, 'MON', '7:40 - 9:40 pm', 'Web-Conference Course', 38, '', 'MGMT,E', 'http://www.extension.harvard.edu/courses/23674');
insert into course (concentration_id, hes_course_id, course_id, course_code, course_title, course_term_id, course_day, course_time, course_type, course_limit, location, attributes, course_url) values (2, 23854, 262, 'MGMTE-5040', 'Project Management of Information Technology', 8, 'MON', '7:40 - 9:40 pm', 'On Campus Only', 50, 'CGIS South S020', 'MGMT,E', 'http://www.extension.harvard.edu/courses/23854');
insert into course (concentration_id, hes_course_id, course_id, course_code, course_title, course_term_id, course_day, course_time, course_type, course_limit, location, attributes, course_url) values (2, 23274, 263, 'MGMTE-5070', 'Data Mining and Forecast Management', 8, 'TUES', '7:40 - 9:40 pm', 'On Campus Only', 35, 'Emerson Hall 104', 'SRM,E', 'http://www.extension.harvard.edu/courses/23274');
insert into course (concentration_id, hes_course_id, course_id, course_code, course_title, course_term_id, course_day, course_time, course_type, course_limit, location, attributes, course_url) values (2, 23290, 264, 'MGMTE-5450', 'Launching an e-Commerce Start-up', 8, 'WED', '5:30 - 7:30 pm', 'On Campus Only', 30, 'Sever Hall 106', 'MGMT,E', 'http://www.extension.harvard.edu/courses/23290');
insert into course (concentration_id, hes_course_id, course_id, course_code, course_title, course_term_id, course_day, course_time, course_type, course_limit, location, attributes, course_url) values (2, 24277, 265, 'STATE-101', 'Introduction to Statistics for the Behavioral Sciences', 8, '', '', 'Online Only', 0, '', 'E', 'http://www.extension.harvard.edu/courses/24277');
insert into course (concentration_id, hes_course_id, course_id, course_code, course_title, course_term_id, course_day, course_time, course_type, course_limit, location, attributes, course_url) values (2, 23171, 266, 'STATE-102', 'Fundamentals of Biostatistics', 8, 'TUES', '5:30 - 7:30 pm', 'On Campus Only', 0, 'Sever Hall 113', 'E', 'http://www.extension.harvard.edu/courses/23171');
insert into course (concentration_id, hes_course_id, course_id, course_code, course_title, course_term_id, course_day, course_time, course_type, course_limit, location, attributes, course_url) values (2, 23445, 267, 'STATE-150', 'Statistical Methods', 8, 'WED', '5:30 - 7:30 pm', 'Online Option', 0, 'Science Center Hall A', 'E', 'http://www.extension.harvard.edu/courses/23445');
insert into course (concentration_id, hes_course_id, course_id, course_code, course_title, course_term_id, course_day, course_time, course_type, course_limit, location, attributes, course_url) values (2, 33214, 268, 'CSCIS-15', 'Dynamic Web Applications', 5, 'TUES,THUR', '6:30 - 9:30 pm', 'On Campus Only', 0, 'Northwest Science Building B103', 'WP,E', 'http://www.summer.harvard.edu/courses/33214');
insert into course (concentration_id, hes_course_id, course_id, course_code, course_title, course_term_id, course_day, course_time, course_type, course_limit, location, attributes, course_url) values (2, 33106, 269, 'CSCIS-40', 'Communication Protocols and Internet Architectures', 5, '', '', 'Online Only', 0, '', 'DCOM,E', 'http://www.summer.harvard.edu/courses/33106');
insert into course (concentration_id, hes_course_id, course_id, course_code, course_title, course_term_id, course_day, course_time, course_type, course_limit, location, attributes, course_url) values (2, 30073, 270, 'ECONS-1901', 'Managerial Accounting', 5, 'TUES,THUR', '6:30 - 9:30 pm', 'On Campus Only', 0, 'Sever Hall 102', 'E', 'http://www.summer.harvard.edu/courses/30073');
insert into course (concentration_id, hes_course_id, course_id, course_code, course_title, course_term_id, course_day, course_time, course_type, course_limit, location, attributes, course_url) values (2, 32596, 271, 'ISMTS-170', 'Human Factors in Information Systems Design', 5, 'TUES,THUR', '6:30 - 9:30 pm', 'On Campus Only', 44, 'Northwest Science Building B108', 'E', 'http://www.summer.harvard.edu/courses/32596');
insert into course (concentration_id, hes_course_id, course_id, course_code, course_title, course_term_id, course_day, course_time, course_type, course_limit, location, attributes, course_url) values (2, 33055, 272, 'MGMTS-4000', 'Organizational Behavior', 5, 'TUES,THUR', '3:15 - 6:15 pm', 'Web-Conference Course', 35, '', 'E', 'http://www.summer.harvard.edu/courses/33055');
insert into course (concentration_id, hes_course_id, course_id, course_code, course_title, course_term_id, course_day, course_time, course_type, course_limit, location, attributes, course_url) values (2, 33213, 273, 'MGMTS-4000', 'Organizational Behavior', 5, 'MON,WED', '3:15 - 6:15 pm', 'On Campus Only', 35, 'Sever Hall 203', 'E', 'http://www.summer.harvard.edu/courses/33213');
insert into course (concentration_id, hes_course_id, course_id, course_code, course_title, course_term_id, course_day, course_time, course_type, course_limit, location, attributes, course_url) values (2, 32577, 274, 'MGMTS-5010', 'Electronic Commerce Strategies', 5, 'TUES,THUR', '12 - 3 pm', 'On Campus Only', 40, 'Northwest Science Building B108', 'E', 'http://www.summer.harvard.edu/courses/32577');
insert into course (concentration_id, hes_course_id, course_id, course_code, course_title, course_term_id, course_day, course_time, course_type, course_limit, location, attributes, course_url) values (2, 32692, 275, 'MGMTS-5012', 'Systems Thinking: Navigating through Organizational Complexity', 5, 'TUES,THUR', '6:30 - 9:30 pm', 'On Campus Only', 60, 'Emerson Hall 108', 'E', 'http://www.summer.harvard.edu/courses/32692');
insert into course (concentration_id, hes_course_id, course_id, course_code, course_title, course_term_id, course_day, course_time, course_type, course_limit, location, attributes, course_url) values (2, 33042, 276, 'MGMTS-5016', 'Management of Technology and Innovation', 5, 'MON,WED', '12 - 3 pm', 'On Campus Only', 50, 'Sever Hall 102', 'E', 'http://www.summer.harvard.edu/courses/33042');
insert into course (concentration_id, hes_course_id, course_id, course_code, course_title, course_term_id, course_day, course_time, course_type, course_limit, location, attributes, course_url) values (2, 33041, 277, 'MGMTS-5034', 'Introduction to Decision and Operations Analysis', 5, 'MON,WED', '3:15 - 6:15 pm', 'On Campus Only', 50, 'Sever Hall 102', 'E', 'http://www.summer.harvard.edu/courses/33041');
insert into course (concentration_id, hes_course_id, course_id, course_code, course_title, course_term_id, course_day, course_time, course_type, course_limit, location, attributes, course_url) values (2, 32447, 278, 'STATS-102', 'Fundamentals of Biostatistics', 5, 'TUES,THUR', '3:15 - 6:15 pm', 'On Campus Only', 0, 'Harvard Hall 103', 'E', 'http://www.summer.harvard.edu/courses/32447');
insert into course (concentration_id, hes_course_id, course_id, course_code, course_title, course_term_id, course_day, course_time, course_type, course_limit, location, attributes, course_url) values (2, 33175, 279, 'STATS-110', 'Introduction to Probability', 5, 'MON,WED', '3:15 - 6:15 pm', 'Online Option', 0, '1 Story Street 306', 'E', 'http://www.summer.harvard.edu/courses/33175');
insert into course (concentration_id, hes_course_id, course_id, course_code, course_title, course_term_id, course_day, course_time, course_type, course_limit, location, attributes, course_url) values (3, 0, 280, 'APMAE-207', 'Monte Carlo Methods for Inference and Data Analysis', 4, '', '', 'Online Only', 0, '', 'E', '');
insert into course (concentration_id, hes_course_id, course_id, course_code, course_title, course_term_id, course_day, course_time, course_type, course_limit, location, attributes, course_url) values (3, 0, 281, 'CSCIE-8', 'Web GIS: Principles and Applications', 4, 'THUR', '7:40 - 9:40 pm', 'Web-Conference Course', 50, '', 'E', '');
insert into course (concentration_id, hes_course_id, course_id, course_code, course_title, course_term_id, course_day, course_time, course_type, course_limit, location, attributes, course_url) values (3, 0, 282, 'CSCIE-20', 'Discrete Mathematics for Computer Science', 4, 'TUES', '9 - 11 pm', 'Web-Conference Course', 32, '', 'E', '');
insert into course (concentration_id, hes_course_id, course_id, course_code, course_title, course_term_id, course_day, course_time, course_type, course_limit, location, attributes, course_url) values (3, 0, 283, 'CSCIE-35', 'Essential Modern UI Windows 8.1 App Development and Cloud Computing', 4, 'WED', '7:40 - 9:40 pm', 'Online Option', 0, '1 Story Street 303', 'E', '');
insert into course (concentration_id, hes_course_id, course_id, course_code, course_title, course_term_id, course_day, course_time, course_type, course_limit, location, attributes, course_url) values (3, 0, 284, 'CSCIE-40', 'Communication Protocols and Internet Architectures', 4, '', '', 'Online Only', 0, '', 'E', '');
insert into course (concentration_id, hes_course_id, course_id, course_code, course_title, course_term_id, course_day, course_time, course_type, course_limit, location, attributes, course_url) values (3, 0, 285, 'CSCIE-42', 'Internet Voice Video and Telepresence', 4, 'MON', '5:30 - 7:30 pm', 'Online Option', 0, 'Maxwell-Dworkin G125', 'E', '');
insert into course (concentration_id, hes_course_id, course_id, course_code, course_title, course_term_id, course_day, course_time, course_type, course_limit, location, attributes, course_url) values (3, 0, 286, 'CSCIE-45B', 'Working in and Running the Cyberworld', 4, 'FRI', '5:30 - 7:30 pm', 'Online Option', 0, 'Maxwell-Dworkin G125', 'E', '');
insert into course (concentration_id, hes_course_id, course_id, course_code, course_title, course_term_id, course_day, course_time, course_type, course_limit, location, attributes, course_url) values (3, 0, 287, 'CSCIE-51', 'Abstraction and Design in Computation', 4, '', '', 'Online Only', 0, '', 'P,E', '');
insert into course (concentration_id, hes_course_id, course_id, course_code, course_title, course_term_id, course_day, course_time, course_type, course_limit, location, attributes, course_url) values (3, 0, 288, 'CSCIE-55', 'Java for Distributed Computing', 4, '', '', 'Online Only', 0, '', 'P,E', '');
insert into course (concentration_id, hes_course_id, course_id, course_code, course_title, course_term_id, course_day, course_time, course_type, course_limit, location, attributes, course_url) values (3, 0, 289, 'CSCIE-58', 'Bioinformatics Algorithms', 4, 'WED', '7:40 - 9:40 pm', 'On Campus Only', 0, 'Harvard Hall 103', 'AL,E', '');
insert into course (concentration_id, hes_course_id, course_id, course_code, course_title, course_term_id, course_day, course_time, course_type, course_limit, location, attributes, course_url) values (3, 0, 290, 'CSCIE-63', 'Big Data Analytics', 4, 'FRI', '5:30 - 7:30 pm', 'Online Option', 0, '1 Story Street 306', 'E', '');
insert into course (concentration_id, hes_course_id, course_id, course_code, course_title, course_term_id, course_day, course_time, course_type, course_limit, location, attributes, course_url) values (3, 0, 291, 'CSCIE-92', 'Principles of Operating Systems', 4, 'TUES', '7:40 - 9:40 pm', 'On Campus Only', 0, 'Science Center 109', 'E', '');
insert into course (concentration_id, hes_course_id, course_id, course_code, course_title, course_term_id, course_day, course_time, course_type, course_limit, location, attributes, course_url) values (3, 0, 292, 'CSCIE-124', 'Data Structures and Algorithms', 4, '', '', 'Online Only', 0, '', 'AL,E', '');
insert into course (concentration_id, hes_course_id, course_id, course_code, course_title, course_term_id, course_day, course_time, course_type, course_limit, location, attributes, course_url) values (3, 0, 293, 'CSCIE-152', 'Programming Languages', 4, '', '', 'Online Only', 0, '', 'E', '');
insert into course (concentration_id, hes_course_id, course_id, course_code, course_title, course_term_id, course_day, course_time, course_type, course_limit, location, attributes, course_url) values (3, 0, 294, 'CSCIE-171', 'Visualization', 4, '', '', 'Online Only', 0, '', 'E', '');
insert into course (concentration_id, hes_course_id, course_id, course_code, course_title, course_term_id, course_day, course_time, course_type, course_limit, location, attributes, course_url) values (3, 0, 295, 'CSCIE-181', 'Machine Learning', 4, '', '', 'Online Only', 0, '', 'E', '');
insert into course (concentration_id, hes_course_id, course_id, course_code, course_title, course_term_id, course_day, course_time, course_type, course_limit, location, attributes, course_url) values (3, 0, 296, 'CSCIE-186', 'Economics and Computation', 4, '', '', 'Online Only', 0, '', 'E', '');
insert into course (concentration_id, hes_course_id, course_id, course_code, course_title, course_term_id, course_day, course_time, course_type, course_limit, location, attributes, course_url) values (3, 0, 297, 'ENSCE-105', 'Engineering Innovation with Information Technology', 4, 'TUES', '7:40 - 9:40 pm', 'Online Option', 0, 'Byerly Hall 013', 'E', '');
insert into course (concentration_id, hes_course_id, course_id, course_code, course_title, course_term_id, course_day, course_time, course_type, course_limit, location, attributes, course_url) values (3, 0, 298, 'ENSCE-123', 'Laboratory Electronics: Digital Circuit Design', 4, 'THUR', '6 - 9 pm', 'On Campus Only', 22, 'Science Center 206', 'E', '');
insert into course (concentration_id, hes_course_id, course_id, course_code, course_title, course_term_id, course_day, course_time, course_type, course_limit, location, attributes, course_url) values (3, 0, 299, 'ENSCE-155', 'Fundamentals and Applications of Microfluidics', 4, 'TUES', '5:30 - 7:30 pm', 'Online Option', 0, 'Maxwell-Dworkin G135', 'E', '');
insert into course (concentration_id, hes_course_id, course_id, course_code, course_title, course_term_id, course_day, course_time, course_type, course_limit, location, attributes, course_url) values (3, 0, 300, 'ISMTE-155', 'Geographic Communication Today', 4, 'MON', '5:30 - 7:30 pm', 'On Campus Only', 30, '53 Church Street 201', 'E', '');
insert into course (concentration_id, hes_course_id, course_id, course_code, course_title, course_term_id, course_day, course_time, course_type, course_limit, location, attributes, course_url) values (3, 0, 301, 'MATHE-21B', 'Linear Algebra', 4, 'THUR', '7:40 - 9:40 pm', 'On Campus Only', 0, 'Harvard Hall 201', 'LA', '');
insert into course (concentration_id, hes_course_id, course_id, course_code, course_title, course_term_id, course_day, course_time, course_type, course_limit, location, attributes, course_url) values (3, 0, 302, 'MATHE-23B', 'Linear Algebra and Real Analysis II', 4, 'TUES,THUR', '2:30 - 4 pm', 'On Campus Only', 0, 'Room to be announced', 'TMF,LA,E', '');
insert into course (concentration_id, hes_course_id, course_id, course_code, course_title, course_term_id, course_day, course_time, course_type, course_limit, location, attributes, course_url) values (3, 0, 303, 'MATHE-155R', 'Combinatorics', 4, 'TUES,THUR', '11:30 am - 1 pm', 'On Campus Only', 0, 'Room to be announced', 'E', '');
insert into course (concentration_id, hes_course_id, course_id, course_code, course_title, course_term_id, course_day, course_time, course_type, course_limit, location, attributes, course_url) values (3, 0, 304, 'MATHE-156', 'Mathematical Foundations of Statistical Software', 4, 'WED', '7:40 - 9:40 pm', 'On Campus Only', 0, 'Science Center 112', 'E', '');
insert into course (concentration_id, hes_course_id, course_id, course_code, course_title, course_term_id, course_day, course_time, course_type, course_limit, location, attributes, course_url) values (3, 0, 305, 'MATHE-210', 'Vector Space Methods for Differential Equations', 4, 'TUES,THUR', '11:30 am - 1 pm', 'On Campus Only', 0, 'Room to be announced', 'TMF,E', '');
insert into course (concentration_id, hes_course_id, course_id, course_code, course_title, course_term_id, course_day, course_time, course_type, course_limit, location, attributes, course_url) values (3, 0, 306, 'MATHE-217', 'Probability and Random Processes with Economic Applications', 4, 'TUES,THUR', '2:30 - 4 pm', 'On Campus Only', 0, 'Room to be announced', 'TMF,E', '');
insert into course (concentration_id, hes_course_id, course_id, course_code, course_title, course_term_id, course_day, course_time, course_type, course_limit, location, attributes, course_url) values (3, 0, 307, 'MATHE-320', 'Teaching Mathematics with a Historical Perspective', 4, 'MON', '5:30 - 7:30 pm', 'Online Option', 0, '1 Story Street 307', 'E', '');
insert into course (concentration_id, hes_course_id, course_id, course_code, course_title, course_term_id, course_day, course_time, course_type, course_limit, location, attributes, course_url) values (3, 0, 308, 'MATHE-322', 'Real Analysis for Calculus Teachers', 4, 'THUR', '5:30 - 7:30 pm', 'On Campus Only', 0, 'Science Center 110', 'E', '');
insert into course (concentration_id, hes_course_id, course_id, course_code, course_title, course_term_id, course_day, course_time, course_type, course_limit, location, attributes, course_url) values (3, 0, 309, 'CSCIE-18', 'Web Development Using XML', 2, 'MON', '7:40 - 9:40 pm', 'Online Option', 0, '1 Story Street 304', 'E', '');
insert into course (concentration_id, hes_course_id, course_id, course_code, course_title, course_term_id, course_day, course_time, course_type, course_limit, location, attributes, course_url) values (3, 0, 310, 'CSCIE-40', 'Communication Protocols and Internet Architectures', 2, 'MON', '5:30 - 7:30 pm', 'Online Option', 0, '53 Church Street L01', 'E', '');
insert into course (concentration_id, hes_course_id, course_id, course_code, course_title, course_term_id, course_day, course_time, course_type, course_limit, location, attributes, course_url) values (3, 0, 311, 'CSCIE-45A', 'Understanding and Securing the Cyber Infrastructure', 2, 'FRI', '5:30 - 7:30 pm', 'Online Option', 0, 'Maxwell-Dworkin G125', 'E', '');
insert into course (concentration_id, hes_course_id, course_id, course_code, course_title, course_term_id, course_day, course_time, course_type, course_limit, location, attributes, course_url) values (3, 0, 312, 'CSCIE-55', 'Java for Distributed Computing', 2, 'WED', '7:40 - 9:40 pm', 'Online Option', 0, 'Byerly Hall 013', 'P,E', '');
insert into course (concentration_id, hes_course_id, course_id, course_code, course_title, course_term_id, course_day, course_time, course_type, course_limit, location, attributes, course_url) values (3, 0, 313, 'CSCIE-56', 'Web Application Development with Groovy and Grails', 2, 'FRI', '5:30 - 7:30 pm', 'Online Option', 0, '53 Church Street L01', 'E', '');
insert into course (concentration_id, hes_course_id, course_id, course_code, course_title, course_term_id, course_day, course_time, course_type, course_limit, location, attributes, course_url) values (3, 0, 314, 'CSCIE-61', 'Systems Programming and Machine Organization', 2, '', '', 'Online Only', 0, '', 'E', '');
insert into course (concentration_id, hes_course_id, course_id, course_code, course_title, course_term_id, course_day, course_time, course_type, course_limit, location, attributes, course_url) values (3, 0, 315, 'CSCIE-72', 'Introduction to Computer Graphics', 2, 'TUES', '5:30 - 7:30 pm', 'Online Option', 0, '1 Story Street 303', 'E', '');
insert into course (concentration_id, hes_course_id, course_id, course_code, course_title, course_term_id, course_day, course_time, course_type, course_limit, location, attributes, course_url) values (3, 0, 316, 'CSCIE-90', 'Cloud Computing', 2, 'FRI', '5:30 - 7:30 pm', 'Online Option', 0, '1 Story Street 306', 'E', '');
insert into course (concentration_id, hes_course_id, course_id, course_code, course_title, course_term_id, course_day, course_time, course_type, course_limit, location, attributes, course_url) values (3, 0, 317, 'CSCIE-95', 'Compiler Design and Implementation', 2, 'TUES', '7:40 - 9:40 pm', 'On Campus Only', 0, 'Science Center 109', 'E', '');
insert into course (concentration_id, hes_course_id, course_id, course_code, course_title, course_term_id, course_day, course_time, course_type, course_limit, location, attributes, course_url) values (3, 0, 318, 'CSCIE-109', 'Data Science', 2, '', '', 'Online Only', 60, '', 'TMF,E', '');
insert into course (concentration_id, hes_course_id, course_id, course_code, course_title, course_term_id, course_day, course_time, course_type, course_limit, location, attributes, course_url) values (3, 0, 319, 'CSCIE-121', 'Introduction to the Theory of Computation', 2, '', '', 'Online Only', 0, '', 'TMF,E', '');
insert into course (concentration_id, hes_course_id, course_id, course_code, course_title, course_term_id, course_day, course_time, course_type, course_limit, location, attributes, course_url) values (3, 0, 320, 'CSCIE-127', 'Introduction to Cryptography', 2, '', '', 'Online Only', 0, '', 'TMF', '');
insert into course (concentration_id, hes_course_id, course_id, course_code, course_title, course_term_id, course_day, course_time, course_type, course_limit, location, attributes, course_url) values (3, 0, 321, 'CSCIE-205', 'Computing Foundations for Computational Science', 2, '', '', 'Online Only', 0, '', 'E', '');
insert into course (concentration_id, hes_course_id, course_id, course_code, course_title, course_term_id, course_day, course_time, course_type, course_limit, location, attributes, course_url) values (3, 0, 322, 'ENSCE-130', 'Introduction to MEMS with BioMEMS', 2, 'TUES', '5:30 - 7:30 pm', 'Online Option', 0, 'Pierce Hall 301', 'E', '');
insert into course (concentration_id, hes_course_id, course_id, course_code, course_title, course_term_id, course_day, course_time, course_type, course_limit, location, attributes, course_url) values (3, 0, 323, 'ENSCE-150', 'Introduction to Nanobiotechnology: Concepts and Applications', 2, 'TUES', '5:30 - 7:30 pm', 'Online Option', 0, 'Pierce Hall 209', 'E', '');
insert into course (concentration_id, hes_course_id, course_id, course_code, course_title, course_term_id, course_day, course_time, course_type, course_limit, location, attributes, course_url) values (3, 0, 324, 'MATHE-21A', 'Multivariable Calculus', 2, 'THUR', '7:40 - 9:40 pm', 'On Campus Only', 0, 'Harvard Hall 201', 'AC', '');
insert into course (concentration_id, hes_course_id, course_id, course_code, course_title, course_term_id, course_day, course_time, course_type, course_limit, location, attributes, course_url) values (3, 0, 325, 'MATHE-23A', 'Linear Algebra and Real Analysis I', 2, 'TUES,THUR', '2:30 - 4 pm', 'On Campus Only', 0, 'Science Center Hall A', 'TMF,AC,LA,E', '');
insert into course (concentration_id, hes_course_id, course_id, course_code, course_title, course_term_id, course_day, course_time, course_type, course_limit, location, attributes, course_url) values (3, 0, 326, 'MATHE-154', 'Probability Theory', 2, 'MON,WED,FRI', '12 - 1 pm', 'On Campus Only', 0, 'Science Center 507', 'TMF,LA,E', '');
insert into course (concentration_id, hes_course_id, course_id, course_code, course_title, course_term_id, course_day, course_time, course_type, course_limit, location, attributes, course_url) values (3, 0, 327, 'MATHE-216', 'Real Analysis Convexity and Optimization', 2, 'TUES,THUR', '11:30 am - 1 pm', 'On Campus Only', 0, 'Science Center 222', 'E', '');
insert into course (concentration_id, hes_course_id, course_id, course_code, course_title, course_term_id, course_day, course_time, course_type, course_limit, location, attributes, course_url) values (3, 0, 328, 'MATHE-311', 'Investigating the Mathematical Process: An Introduction to Proofs', 2, 'MON', '5:30 - 7:30 pm', 'On Campus Only', 0, 'Sever Hall 112', 'E', '');
insert into course (concentration_id, hes_course_id, course_id, course_code, course_title, course_term_id, course_day, course_time, course_type, course_limit, location, attributes, course_url) values (3, 0, 329, 'MATHE-321', 'Hidden Gems: Advanced Topics in Classical Mathematics', 2, 'SAT', '10 am - 12 pm', 'On Campus Only', 0, 'Science Center 110', 'E', '');
insert into course (concentration_id, hes_course_id, course_id, course_code, course_title, course_term_id, course_day, course_time, course_type, course_limit, location, attributes, course_url) values (3, 0, 330, 'APMAS-111', 'Introduction to Scientific Computing', 1, 'MON,WED', '8:30 am - 11:30 am', 'On Campus Only', 0, 'Science Center B-09', 'TMF,E', '');
insert into course (concentration_id, hes_course_id, course_id, course_code, course_title, course_term_id, course_day, course_time, course_type, course_limit, location, attributes, course_url) values (3, 0, 331, 'CSCIS-131B', 'Communication Protocols and Internet Architectures', 1, '', '', 'Online Only', 0, '', 'E', '');
insert into course (concentration_id, hes_course_id, course_id, course_code, course_title, course_term_id, course_day, course_time, course_type, course_limit, location, attributes, course_url) values (3, 0, 332, 'ENSCS-157', 'Introduction to Fabrication of Microfluidic Devices', 1, 'TUES,THUR', '6:30 - 9:30 pm', 'On Campus Only', 15, 'LISE 303', 'E', '');
insert into course (concentration_id, hes_course_id, course_id, course_code, course_title, course_term_id, course_day, course_time, course_type, course_limit, location, attributes, course_url) values (3, 0, 333, 'MATHS-19A', 'Modeling and Differential Equations for the Life Sciences', 1, 'MON,WED,FRI', '12:30 - 2:30 pm', 'On Campus Only', 0, 'Science Center 411', 'TMF,E', '');
insert into course (concentration_id, hes_course_id, course_id, course_code, course_title, course_term_id, course_day, course_time, course_type, course_limit, location, attributes, course_url) values (3, 0, 334, 'MATHS-21A', 'Multivariable Calculus', 1, 'TUES,THUR', '8:30 am - 11:30 am', 'On Campus Only', 0, 'Science Center Hall E', 'AC', '');
insert into course (concentration_id, hes_course_id, course_id, course_code, course_title, course_term_id, course_day, course_time, course_type, course_limit, location, attributes, course_url) values (3, 0, 335, 'MATHS-21B', 'Linear Algebra and Differential Equations', 1, 'MON,WED,FRI', '9:30 am - 11:30 am', 'On Campus Only', 0, 'Harvard Hall 202', 'LA,E', '');
insert into course (concentration_id, hes_course_id, course_id, course_code, course_title, course_term_id, course_day, course_time, course_type, course_limit, location, attributes, course_url) values (3, 0, 336, 'MATHS-101', 'Spaces Mappings and Mathematical Structures (With An Introduction to Proof)', 1, 'TUES,WED,THUR', '12 - 2 pm', 'On Campus Only', 0, 'Science Center 221', 'E', '');
insert into course (concentration_id, hes_course_id, course_id, course_code, course_title, course_term_id, course_day, course_time, course_type, course_limit, location, attributes, course_url) values (3, 0, 337, 'MATHS-302', 'Math for Teaching Geometry', 1, 'MON,TUES,WED,THUR,FRI', '9 am - 11:30 am', 'On Campus Only', 0, 'Science Center 411', 'E', '');
insert into course (concentration_id, hes_course_id, course_id, course_code, course_title, course_term_id, course_day, course_time, course_type, course_limit, location, attributes, course_url) values (3, 0, 338, 'MATHS-318', 'Groups and Symmetry', 1, 'MON,TUES,WED,THUR,FRI', '12:30 - 3 pm', 'On Campus Only', 0, 'Science Center B-10', 'E', '');
insert into course (concentration_id, hes_course_id, course_id, course_code, course_title, course_term_id, course_day, course_time, course_type, course_limit, location, attributes, course_url) values (3, 0, 339, 'MATHS-322', 'Real Analysis for Calculus Teachers', 1, 'MON,TUES,WED,THUR,FRI', '8:30 am - 11 am', 'On Campus Only', 0, 'Science Center 310', 'E', '');
insert into course (concentration_id, hes_course_id, course_id, course_code, course_title, course_term_id, course_day, course_time, course_type, course_limit, location, attributes, course_url) values (3, 0, 340, 'PHYSS-123', 'Laboratory Electronics: Analog and Digital Circuit Design', 1, 'MON,WED,THUR', '9 am - 1 pm', 'On Campus Only', 20, 'Science Center 206', 'E', '');
insert into course (concentration_id, hes_course_id, course_id, course_code, course_title, course_term_id, course_day, course_time, course_type, course_limit, location, attributes, course_url) values (4, 0, 341, 'CSCIE-8', 'Web GIS: Principles and Applications', 4, 'THUR', '7:40 - 9:40 pm', 'Web-Conference Course', 50, '', 'E', '');
insert into course (concentration_id, hes_course_id, course_id, course_code, course_title, course_term_id, course_day, course_time, course_type, course_limit, location, attributes, course_url) values (4, 0, 342, 'CSCIE-10B', 'Introduction to Computer Science Using Java II', 4, '', '', 'Online Only', 0, '', 'CD,E', '');
insert into course (concentration_id, hes_course_id, course_id, course_code, course_title, course_term_id, course_day, course_time, course_type, course_limit, location, attributes, course_url) values (4, 0, 343, 'CSCIE-12', 'Fundamentals of Website Development', 4, 'MON', '7:40 - 9:40 pm', 'Online Option', 0, 'Maxwell-Dworkin G115', 'WDD,E', '');
insert into course (concentration_id, hes_course_id, course_id, course_code, course_title, course_term_id, course_day, course_time, course_type, course_limit, location, attributes, course_url) values (4, 0, 344, 'CSCIE-35', 'Essential Modern UI Windows 8.1 App Development and Cloud Computing', 4, 'WED', '7:40 - 9:40 pm', 'Online Option', 0, '1 Story Street 303', 'E', '');
insert into course (concentration_id, hes_course_id, course_id, course_code, course_title, course_term_id, course_day, course_time, course_type, course_limit, location, attributes, course_url) values (4, 0, 345, 'CSCIE-42', 'Internet Voice Video and Telepresence', 4, 'MON', '5:30 - 7:30 pm', 'Online Option', 0, 'Maxwell-Dworkin G125', 'E', '');
insert into course (concentration_id, hes_course_id, course_id, course_code, course_title, course_term_id, course_day, course_time, course_type, course_limit, location, attributes, course_url) values (4, 0, 346, 'CSCIE-50', 'Intensive Introduction to Computer Science', 4, '', '', 'Online Only', 100, '', 'CD,E', '');
insert into course (concentration_id, hes_course_id, course_id, course_code, course_title, course_term_id, course_day, course_time, course_type, course_limit, location, attributes, course_url) values (4, 0, 347, 'CSCIE-51', 'Abstraction and Design in Computation', 4, '', '', 'Online Only', 0, '', 'E', '');
insert into course (concentration_id, hes_course_id, course_id, course_code, course_title, course_term_id, course_day, course_time, course_type, course_limit, location, attributes, course_url) values (4, 0, 348, 'CSCIE-55', 'Java for Distributed Computing', 4, '', '', 'Online Only', 0, '', 'E', '');
insert into course (concentration_id, hes_course_id, course_id, course_code, course_title, course_term_id, course_day, course_time, course_type, course_limit, location, attributes, course_url) values (4, 0, 349, 'CSCIE-66', 'Database and Information Management Systems', 4, 'WED', '7:40 - 9:40 pm', 'Online Option', 0, '1 Story Street 306', 'E', '');
insert into course (concentration_id, hes_course_id, course_id, course_code, course_title, course_term_id, course_day, course_time, course_type, course_limit, location, attributes, course_url) values (4, 0, 350, 'CSCIE-171', 'Visualization', 4, '', '', 'Online Only', 0, '', 'E', '');
insert into course (concentration_id, hes_course_id, course_id, course_code, course_title, course_term_id, course_day, course_time, course_type, course_limit, location, attributes, course_url) values (4, 0, 351, 'CSCIE-181', 'Machine Learning', 4, '', '', 'Online Only', 0, '', 'E', '');
insert into course (concentration_id, hes_course_id, course_id, course_code, course_title, course_term_id, course_day, course_time, course_type, course_limit, location, attributes, course_url) values (4, 0, 352, 'DGMDE-10', 'Exposing Digital Photography', 4, 'WED', '5:30 - 7:30 pm', 'On Campus Only', 0, 'Harvard Hall 201', 'DIGM,E', '');
insert into course (concentration_id, hes_course_id, course_id, course_code, course_title, course_term_id, course_day, course_time, course_type, course_limit, location, attributes, course_url) values (4, 0, 353, 'DGMDE-15', 'Creative Explorations in Screen-Based and Physical Computing', 4, 'THUR', '5:30 - 7:30 pm', 'On Campus Only', 30, '53 Church Street 104', 'CD,E', '');
insert into course (concentration_id, hes_course_id, course_id, course_code, course_title, course_term_id, course_day, course_time, course_type, course_limit, location, attributes, course_url) values (4, 0, 354, 'DGMDE-25', 'Introduction to Web Content Management Systems Site Development', 4, '', '', 'Online Only', 0, '', 'WDD,E', '');
insert into course (concentration_id, hes_course_id, course_id, course_code, course_title, course_term_id, course_day, course_time, course_type, course_limit, location, attributes, course_url) values (4, 0, 355, 'DGMDE-35', 'Video Editing and Digital Design', 4, 'TUES', '5:30 - 7:30 pm', 'On Campus Only', 30, '53 Church Street 104', 'DIGM,E', '');
insert into course (concentration_id, hes_course_id, course_id, course_code, course_title, course_term_id, course_day, course_time, course_type, course_limit, location, attributes, course_url) values (4, 0, 356, 'EDUCE-113', 'Instructional Design Studio', 4, 'MON', '5:30 - 7:30 pm', 'On Campus Only', 20, '51 Brattle Street 323', 'EID,E', '');
insert into course (concentration_id, hes_course_id, course_id, course_code, course_title, course_term_id, course_day, course_time, course_type, course_limit, location, attributes, course_url) values (4, 0, 357, 'ENSCE-105', 'Engineering Innovation with Information Technology', 4, 'TUES', '7:40 - 9:40 pm', 'Online Option', 0, 'Byerly Hall 013', 'E', '');
insert into course (concentration_id, hes_course_id, course_id, course_code, course_title, course_term_id, course_day, course_time, course_type, course_limit, location, attributes, course_url) values (4, 0, 358, 'EXPOE-48', 'Multimedia Communication: Digital Storytelling', 4, 'MON', '5:30 - 7:30 pm', 'Online Option', 80, '53 Church Street L01', 'EID,E', '');
insert into course (concentration_id, hes_course_id, course_id, course_code, course_title, course_term_id, course_day, course_time, course_type, course_limit, location, attributes, course_url) values (4, 0, 359, 'ISMTE-155', 'Geographic Communication Today', 4, 'MON', '5:30 - 7:30 pm', 'On Campus Only', 30, '53 Church Street 201', 'E', '');
insert into course (concentration_id, hes_course_id, course_id, course_code, course_title, course_term_id, course_day, course_time, course_type, course_limit, location, attributes, course_url) values (4, 0, 360, 'PSYCE-1034', 'Adult Development', 4, '', '', 'Online Only', 120, '', 'E', '');
insert into course (concentration_id, hes_course_id, course_id, course_code, course_title, course_term_id, course_day, course_time, course_type, course_limit, location, attributes, course_url) values (4, 0, 361, 'CSCIE-15', 'Dynamic Web Applications', 2, 'WED', '5:30 - 7:30 pm', 'Online Option', 0, 'Maxwell-Dworkin G115', 'WDD,E', '');
insert into course (concentration_id, hes_course_id, course_id, course_code, course_title, course_term_id, course_day, course_time, course_type, course_limit, location, attributes, course_url) values (4, 0, 362, 'CSCIE-18', 'Web Development Using XML', 2, 'MON', '7:40 - 9:40 pm', 'Online Option', 0, '1 Story Street 304', 'WDD,E', '');
insert into course (concentration_id, hes_course_id, course_id, course_code, course_title, course_term_id, course_day, course_time, course_type, course_limit, location, attributes, course_url) values (4, 0, 363, 'CSCIE-50', 'Intensive Introduction to Computer Science', 2, '', '', 'Online Only', 0, '', 'CD,E', '');
insert into course (concentration_id, hes_course_id, course_id, course_code, course_title, course_term_id, course_day, course_time, course_type, course_limit, location, attributes, course_url) values (4, 0, 364, 'CSCIE-55', 'Java for Distributed Computing', 2, 'WED', '7:40 - 9:40 pm', 'Online Option', 0, 'Byerly Hall 013', 'E', '');
insert into course (concentration_id, hes_course_id, course_id, course_code, course_title, course_term_id, course_day, course_time, course_type, course_limit, location, attributes, course_url) values (4, 0, 365, 'CSCIE-56', 'Web Application Development with Groovy and Grails', 2, 'FRI', '5:30 - 7:30 pm', 'Online Option', 0, '53 Church Street L01', 'WDD,E', '');
insert into course (concentration_id, hes_course_id, course_id, course_code, course_title, course_term_id, course_day, course_time, course_type, course_limit, location, attributes, course_url) values (4, 0, 366, 'CSCIE-60', 'Developing Web-Based Database Applications', 2, 'MON', '5:30 - 7:30 pm', 'Online Option', 0, '1 Story Street 303', 'WDD,E', '');
insert into course (concentration_id, hes_course_id, course_id, course_code, course_title, course_term_id, course_day, course_time, course_type, course_limit, location, attributes, course_url) values (4, 0, 367, 'CSCIE-61', 'Systems Programming and Machine Organization', 2, '', '', 'Online Only', 0, '', 'E', '');
insert into course (concentration_id, hes_course_id, course_id, course_code, course_title, course_term_id, course_day, course_time, course_type, course_limit, location, attributes, course_url) values (4, 0, 368, 'CSCIE-62', 'Modern Mobile Development', 2, 'TUES', '5:30 - 7:30 pm', 'On Campus Only', 30, '53 Church Street 203', 'WDD,E', '');
insert into course (concentration_id, hes_course_id, course_id, course_code, course_title, course_term_id, course_day, course_time, course_type, course_limit, location, attributes, course_url) values (4, 0, 369, 'CSCIE-65', 'Building Mobile Apps: A Comparative View of Mobile Application Development', 2, 'FRI', '5:30 - 7:30 pm', 'Online Option', 120, 'Maxwell-Dworkin G115', 'WDD,E', '');
insert into course (concentration_id, hes_course_id, course_id, course_code, course_title, course_term_id, course_day, course_time, course_type, course_limit, location, attributes, course_url) values (4, 0, 370, 'CSCIE-72', 'Introduction to Computer Graphics', 2, 'TUES', '5:30 - 7:30 pm', 'Online Option', 0, '1 Story Street 303', 'E', '');
insert into course (concentration_id, hes_course_id, course_id, course_code, course_title, course_term_id, course_day, course_time, course_type, course_limit, location, attributes, course_url) values (4, 0, 371, 'CSCIE-80', 'Artificial Intelligence', 2, 'THUR', '5:30 - 7:30 pm', 'On Campus Only', 0, 'Northwest Science Building B108', 'E', '');
insert into course (concentration_id, hes_course_id, course_id, course_code, course_title, course_term_id, course_day, course_time, course_type, course_limit, location, attributes, course_url) values (4, 0, 372, 'CSCIE-90', 'Cloud Computing', 2, 'FRI', '5:30 - 7:30 pm', 'Online Option', 0, '1 Story Street 306', 'E', '');
insert into course (concentration_id, hes_course_id, course_id, course_code, course_title, course_term_id, course_day, course_time, course_type, course_limit, location, attributes, course_url) values (4, 0, 373, 'CSCIE-205', 'Computing Foundations for Computational Science', 2, '', '', 'Online Only', 0, '', 'E', '');
insert into course (concentration_id, hes_course_id, course_id, course_code, course_title, course_term_id, course_day, course_time, course_type, course_limit, location, attributes, course_url) values (4, 0, 374, 'DGMDE-5', 'Exploring Digital Media', 2, 'WED', '7:40 - 9:40 pm', 'On Campus Only', 0, 'Harvard Hall 201', 'DIGM,E', '');
insert into course (concentration_id, hes_course_id, course_id, course_code, course_title, course_term_id, course_day, course_time, course_type, course_limit, location, attributes, course_url) values (4, 0, 375, 'DGMDE-20', 'Understanding and Developing Interactive Media', 2, '', '', 'Online Only', 0, '', 'DIGM,E', '');
insert into course (concentration_id, hes_course_id, course_id, course_code, course_title, course_term_id, course_day, course_time, course_type, course_limit, location, attributes, course_url) values (4, 0, 376, 'DGMDE-30', 'Video Field Production', 2, 'TUES', '5:30 - 7:30 pm', 'On Campus Only', 30, '53 Church Street 104', 'DIGM,E', '');
insert into course (concentration_id, hes_course_id, course_id, course_code, course_title, course_term_id, course_day, course_time, course_type, course_limit, location, attributes, course_url) values (4, 0, 377, 'DGMDE-40', 'Producing Educational Video', 2, 'MON', '5:30 - 7:30 pm', 'On Campus Only', 30, '53 Church Street 104', 'DIGM,E', '');
insert into course (concentration_id, hes_course_id, course_id, course_code, course_title, course_term_id, course_day, course_time, course_type, course_limit, location, attributes, course_url) values (4, 0, 378, 'EDUCE-103', 'Introduction to Instructional Design', 2, 'SAT', '10 am - 1:15 pm', 'On Campus Only', 0, 'Pierce Hall 301', 'EID,E', '');
insert into course (concentration_id, hes_course_id, course_id, course_code, course_title, course_term_id, course_day, course_time, course_type, course_limit, location, attributes, course_url) values (4, 0, 379, 'ISMTE-150', 'Introduction to GIS', 2, 'THUR', '5:30 - 7:30 pm', 'On Campus Only', 20, '53 Church Street 201', 'E', '');
insert into course (concentration_id, hes_course_id, course_id, course_code, course_title, course_term_id, course_day, course_time, course_type, course_limit, location, attributes, course_url) values (4, 0, 380, 'CSCIS-24', 'Video Editing and Digital Design', 1, 'MON,WED', '6:30 - 9:30 pm', 'On Campus Only', 30, '53 Church Street 104', 'DIGM,E', '');
insert into course (concentration_id, hes_course_id, course_id, course_code, course_title, course_term_id, course_day, course_time, course_type, course_limit, location, attributes, course_url) values (4, 0, 381, 'CSCIS-76', 'Building Mobile Applications', 1, 'MON,WED', '6:30 - 9:30 pm', 'On Campus Only', 30, 'Northwest Science Building B101', 'WDD,E', '');
insert into course (concentration_id, hes_course_id, course_id, course_code, course_title, course_term_id, course_day, course_time, course_type, course_limit, location, attributes, course_url) values (4, 0, 382, 'CSCIS-111', 'Intensive Introduction to Computer Science Using Java', 1, 'MON,TUES,WED,THUR,FRI', '8:30 am - 11:30 am', 'On Campus Only', 0, 'Maxwell-Dworkin G115', 'CD,E', '');
insert into course (concentration_id, hes_course_id, course_id, course_code, course_title, course_term_id, course_day, course_time, course_type, course_limit, location, attributes, course_url) values (4, 0, 383, 'EXPOS-48', 'Multimedia Communication: Introduction to Digital Storytelling', 1, 'MON,WED', '3:15 - 6:15 pm', 'On Campus Only', 15, '53 Church Street 104', 'EID,E', '');
insert into course (concentration_id, hes_course_id, course_id, course_code, course_title, course_term_id, course_day, course_time, course_type, course_limit, location, attributes, course_url) values (4, 0, 384, 'ISMTS-170', 'Human Factors in Information Systems Design', 1, 'TUES,THUR', '6:30 - 9:30 pm', 'On Campus Only', 50, 'Northwest Science Building B108', 'EID,E', '');
insert into course (concentration_id, hes_course_id, course_id, course_code, course_title, course_term_id, course_day, course_time, course_type, course_limit, location, attributes, course_url) values (4, 14289, 385, 'CSCIE-10A', 'Introduction to Computer Science Using Java I', 6, '', '', 'Online Only', 0, '', 'CD,E', 'http://www.extension.harvard.edu/courses/14289');
insert into course (concentration_id, hes_course_id, course_id, course_code, course_title, course_term_id, course_day, course_time, course_type, course_limit, location, attributes, course_url) values (4, 14291, 386, 'CSCIE-15', 'Dynamic Web Applications', 6, 'THUR', '5:30 - 7:30 pm', 'Online Option', 0, 'Maxwell-Dworkin G115', 'WDD,E', 'http://www.extension.harvard.edu/courses/14291');
insert into course (concentration_id, hes_course_id, course_id, course_code, course_title, course_term_id, course_day, course_time, course_type, course_limit, location, attributes, course_url) values (4, 14297, 387, 'CSCIE-18', 'Web Development Using XML', 6, 'MON', '7:40 - 9:40 pm', 'Online Option', 0, '1 Story Street 306', 'WDD,E', 'http://www.extension.harvard.edu/courses/14297');
insert into course (concentration_id, hes_course_id, course_id, course_code, course_title, course_term_id, course_day, course_time, course_type, course_limit, location, attributes, course_url) values (4, 14294, 388, 'CSCIE-26', 'Introduction to C Unix/Linux Programming and Web Interfaces', 6, 'WED', '7:40 - 9:40 pm', 'On Campus Only', 0, 'Science Center B-10', 'E', 'http://www.extension.harvard.edu/courses/14294');
insert into course (concentration_id, hes_course_id, course_id, course_code, course_title, course_term_id, course_day, course_time, course_type, course_limit, location, attributes, course_url) values (4, 14557, 389, 'CSCIE-34', 'User Experience Engineering', 6, 'MON', '7:40 - 9:40 pm', 'Online Option', 0, 'Maxwell-Dworkin G125', 'E', 'http://www.extension.harvard.edu/courses/14557');
insert into course (concentration_id, hes_course_id, course_id, course_code, course_title, course_term_id, course_day, course_time, course_type, course_limit, location, attributes, course_url) values (4, 14290, 390, 'CSCIE-50', 'Intensive Introduction to Computer Science', 6, '', '', 'Online Only', 200, '', 'CD,E', 'http://www.extension.harvard.edu/courses/14290');
insert into course (concentration_id, hes_course_id, course_id, course_code, course_title, course_term_id, course_day, course_time, course_type, course_limit, location, attributes, course_url) values (4, 14298, 391, 'CSCIE-55', 'Java for Distributed Computing', 6, 'WED', '7:40 - 9:40 pm', 'Online Option', 0, 'Byerly Hall 013', 'E', 'http://www.extension.harvard.edu/courses/14298');
insert into course (concentration_id, hes_course_id, course_id, course_code, course_title, course_term_id, course_day, course_time, course_type, course_limit, location, attributes, course_url) values (4, 14325, 392, 'CSCIE-56', 'Web Application Development with Groovy and Grails', 6, 'WED', '5:30 - 7:30 pm', 'Online Option', 0, '53 Church Street L01', 'WDD,E', 'http://www.extension.harvard.edu/courses/14325');
insert into course (concentration_id, hes_course_id, course_id, course_code, course_title, course_term_id, course_day, course_time, course_type, course_limit, location, attributes, course_url) values (4, 14307, 393, 'CSCIE-60', 'Developing Web-Based Database Applications', 6, 'WED', '5:30 - 7:30 pm', 'Online Option', 0, 'Maxwell-Dworkin G125', 'WDD,E', 'http://www.extension.harvard.edu/courses/14307');
insert into course (concentration_id, hes_course_id, course_id, course_code, course_title, course_term_id, course_day, course_time, course_type, course_limit, location, attributes, course_url) values (4, 13836, 394, 'CSCIE-61', 'Systems Programming and Machine Organization', 6, '', '', 'Online Only', 0, '', 'E', 'http://www.extension.harvard.edu/courses/13836');
insert into course (concentration_id, hes_course_id, course_id, course_code, course_title, course_term_id, course_day, course_time, course_type, course_limit, location, attributes, course_url) values (4, 14300, 395, 'CSCIE-90', 'Cloud Computing', 6, 'FRI', '5:30 - 7:30 pm', 'Online Option', 0, '1 Story Street 306', 'E', 'http://www.extension.harvard.edu/courses/14300');
insert into course (concentration_id, hes_course_id, course_id, course_code, course_title, course_term_id, course_day, course_time, course_type, course_limit, location, attributes, course_url) values (4, 14496, 396, 'DGMDE-10', 'Exposing Digital Photography', 6, 'WED', '7:40 - 9:40 pm', 'Online Option', 0, 'Northwest Science Building B101', 'DIGM,E', 'http://www.extension.harvard.edu/courses/14496');
insert into course (concentration_id, hes_course_id, course_id, course_code, course_title, course_term_id, course_day, course_time, course_type, course_limit, location, attributes, course_url) values (4, 14283, 397, 'DGMDE-20', 'Understanding and Developing Interactive Media', 6, '', '', 'Online Only', 0, '', 'DIGM,E', 'http://www.extension.harvard.edu/courses/14283');
insert into course (concentration_id, hes_course_id, course_id, course_code, course_title, course_term_id, course_day, course_time, course_type, course_limit, location, attributes, course_url) values (4, 14285, 398, 'DGMDE-30', 'Video Field Production', 6, 'TUES', '5:30 - 8:30 pm', 'On Campus Only', 30, '53 Church Street 104', 'DIGM,E', 'http://www.extension.harvard.edu/courses/14285');
insert into course (concentration_id, hes_course_id, course_id, course_code, course_title, course_term_id, course_day, course_time, course_type, course_limit, location, attributes, course_url) values (4, 14490, 399, 'DGMDE-38', 'Lighting for Video and Post-Production FX Editing', 6, 'THUR', '7:40 - 9:40 pm', 'On Campus Only', 20, '53 Church Street 203', 'DIGM,E', 'http://www.extension.harvard.edu/courses/14490');
insert into course (concentration_id, hes_course_id, course_id, course_code, course_title, course_term_id, course_day, course_time, course_type, course_limit, location, attributes, course_url) values (4, 14286, 400, 'DGMDE-40', 'Hybrid: Producing Educational Video', 6, 'SUN', '9 am - 1 pm', 'Hybrid', 30, 'One Brattle Square 202', 'DIGM,E', 'http://www.extension.harvard.edu/courses/14286');
insert into course (concentration_id, hes_course_id, course_id, course_code, course_title, course_term_id, course_day, course_time, course_type, course_limit, location, attributes, course_url) values (4, 14021, 401, 'EDUCE-103', 'Introduction to Instructional Design', 6, 'SAT', '10 am - 1:15 pm', 'On Campus Only', 0, 'Pierce Hall 301', 'EID,E', 'http://www.extension.harvard.edu/courses/14021');
insert into course (concentration_id, hes_course_id, course_id, course_code, course_title, course_term_id, course_day, course_time, course_type, course_limit, location, attributes, course_url) values (4, 12917, 402, 'ISMTE-150', 'Introduction to GIS', 6, 'THUR', '5:30 - 7:30 pm', 'Web-Conference Course', 20, '', 'E', 'http://www.extension.harvard.edu/courses/12917');
insert into course (concentration_id, hes_course_id, course_id, course_code, course_title, course_term_id, course_day, course_time, course_type, course_limit, location, attributes, course_url) values (4, 24269, 403, 'DGMDE-27', 'Beyond the Basics of Front-End Web Design', 7, 'MON,TUES,WED,THUR', '9 am - 12 pm', 'On Campus Only', 30, '53 Church Street 104', 'WDD,E', 'http://www.extension.harvard.edu/courses/24269');
insert into course (concentration_id, hes_course_id, course_id, course_code, course_title, course_term_id, course_day, course_time, course_type, course_limit, location, attributes, course_url) values (4, 23630, 404, 'EXPOE-48', 'Multimedia Communication: Introduction to Digital Storytelling', 7, 'MON,TUES,WED,THUR', '5:30 - 8:30 pm', 'On Campus Only', 30, '53 Church Street 104', 'EID,E', 'http://www.extension.harvard.edu/courses/23630');
insert into course (concentration_id, hes_course_id, course_id, course_code, course_title, course_term_id, course_day, course_time, course_type, course_limit, location, attributes, course_url) values (4, 24095, 405, 'CSCIE-3', 'Introduction to Web Programming Using JavaScript', 8, 'TUES', '5:30 - 7:30 pm', 'Online Option', 0, 'Maxwell-Dworkin G115', 'CD,E', 'http://www.extension.harvard.edu/courses/24095');
insert into course (concentration_id, hes_course_id, course_id, course_code, course_title, course_term_id, course_day, course_time, course_type, course_limit, location, attributes, course_url) values (4, 24031, 406, 'CSCIE-8', 'Web GIS: Principles and Applications', 8, 'THUR', '7:40 - 9:40 pm', 'Web-Conference Course', 50, '', 'E', 'http://www.extension.harvard.edu/courses/24031');
insert into course (concentration_id, hes_course_id, course_id, course_code, course_title, course_term_id, course_day, course_time, course_type, course_limit, location, attributes, course_url) values (4, 24027, 407, 'CSCIE-10B', 'Introduction to Computer Science Using Java II', 8, 'MON', '5:30 - 7:30 pm', 'Online Option', 0, 'Maxwell-Dworkin G115', 'CD,E', 'http://www.extension.harvard.edu/courses/24027');
insert into course (concentration_id, hes_course_id, course_id, course_code, course_title, course_term_id, course_day, course_time, course_type, course_limit, location, attributes, course_url) values (4, 21144, 408, 'CSCIE-12', 'Fundamentals of Website Development', 8, 'TUES', '7:40 - 9:40 pm', 'Online Option', 0, 'Maxwell-Dworkin G115', 'WDD,E', 'http://www.extension.harvard.edu/courses/21144');
insert into course (concentration_id, hes_course_id, course_id, course_code, course_title, course_term_id, course_day, course_time, course_type, course_limit, location, attributes, course_url) values (4, 24107, 409, 'CSCIE-50', 'Intensive Introduction to Computer Science', 8, '', '', 'Online Only', 200, '', 'CD,E', 'http://www.extension.harvard.edu/courses/24107');
insert into course (concentration_id, hes_course_id, course_id, course_code, course_title, course_term_id, course_day, course_time, course_type, course_limit, location, attributes, course_url) values (4, 24043, 410, 'CSCIE-51', 'Abstraction and Design in Computation', 8, '', '', 'Online Only', 0, '', 'E', 'http://www.extension.harvard.edu/courses/24043');
insert into course (concentration_id, hes_course_id, course_id, course_code, course_title, course_term_id, course_day, course_time, course_type, course_limit, location, attributes, course_url) values (4, 24036, 411, 'CSCIE-55', 'Java for Distributed Computing', 8, '', '', 'Online Only', 0, '', 'E', 'http://www.extension.harvard.edu/courses/24036');
insert into course (concentration_id, hes_course_id, course_id, course_code, course_title, course_term_id, course_day, course_time, course_type, course_limit, location, attributes, course_url) values (4, 24228, 412, 'CSCIE-64', 'Mobile and Cloud Computing', 8, 'THUR', '7:40 - 9:40 pm', 'Online Option', 0, 'Maxwell-Dworkin G125', 'E', 'http://www.extension.harvard.edu/courses/24228');
insert into course (concentration_id, hes_course_id, course_id, course_code, course_title, course_term_id, course_day, course_time, course_type, course_limit, location, attributes, course_url) values (4, 24046, 413, 'CSCIE-66', 'Database Systems', 8, 'WED', '7:40 - 9:40 pm', 'Online Option', 0, '1 Story Street 306', 'E', 'http://www.extension.harvard.edu/courses/24046');
insert into course (concentration_id, hes_course_id, course_id, course_code, course_title, course_term_id, course_day, course_time, course_type, course_limit, location, attributes, course_url) values (4, 24028, 414, 'CSCIE-171', 'Visualization', 8, '', '', 'Online Only', 0, '', 'E', 'http://www.extension.harvard.edu/courses/24028');
insert into course (concentration_id, hes_course_id, course_id, course_code, course_title, course_term_id, course_day, course_time, course_type, course_limit, location, attributes, course_url) values (4, 24221, 415, 'DGMDE-5', 'Exploring Digital Media', 8, 'WED', '7:40 - 9:40 pm', 'On Campus Only', 0, 'Harvard Hall 202', 'DIGM,E', 'http://www.extension.harvard.edu/courses/24221');
insert into course (concentration_id, hes_course_id, course_id, course_code, course_title, course_term_id, course_day, course_time, course_type, course_limit, location, attributes, course_url) values (4, 24025, 416, 'DGMDE-15', 'Creative Explorations in Screen-Based and Physical Computing', 8, 'THUR', '5:30 - 7:30 pm', 'On Campus Only', 30, '53 Church Street 104', 'CD,E', 'http://www.extension.harvard.edu/courses/24025');
insert into course (concentration_id, hes_course_id, course_id, course_code, course_title, course_term_id, course_day, course_time, course_type, course_limit, location, attributes, course_url) values (4, 24048, 417, 'DGMDE-25', 'Introduction to Web Content Management Systems Site Development', 8, '', '', 'Online Only', 0, '', 'WDD,E', 'http://www.extension.harvard.edu/courses/24048');
insert into course (concentration_id, hes_course_id, course_id, course_code, course_title, course_term_id, course_day, course_time, course_type, course_limit, location, attributes, course_url) values (4, 24026, 418, 'DGMDE-35', 'Video Editing and Digital Design', 8, 'TUES', '5:30 - 8:30 pm', 'On Campus Only', 30, '53 Church Street 104', 'DIGM,E', 'http://www.extension.harvard.edu/courses/24026');
insert into course (concentration_id, hes_course_id, course_id, course_code, course_title, course_term_id, course_day, course_time, course_type, course_limit, location, attributes, course_url) values (4, 24247, 419, 'DGMDE-599', 'Capstone Design Studio', 8, 'MON', '5:30 - 7:30 pm', 'On Campus Only', 20, '53 Church Street 104', 'DCAP', 'http://www.extension.harvard.edu/courses/24247');
insert into course (concentration_id, hes_course_id, course_id, course_code, course_title, course_term_id, course_day, course_time, course_type, course_limit, location, attributes, course_url) values (4, 24013, 420, 'ENSCE-105', 'Engineering Innovation with Information Technology', 8, 'WED', '7:40 - 9:40 pm', 'Web-Conference Course', 40, '', 'E', 'http://www.extension.harvard.edu/courses/24013');
insert into course (concentration_id, hes_course_id, course_id, course_code, course_title, course_term_id, course_day, course_time, course_type, course_limit, location, attributes, course_url) values (4, 24259, 421, 'EXPOE-48', 'Hybrid: Multimedia CommunicationIntroduction to Digital Storytelling', 8, '', '', 'Hybrid', 30, '', 'EID,E', 'http://www.extension.harvard.edu/courses/24259');
insert into course (concentration_id, hes_course_id, course_id, course_code, course_title, course_term_id, course_day, course_time, course_type, course_limit, location, attributes, course_url) values (4, 24313, 422, 'ISMTE-155', 'Geographic Communication Today', 8, 'MON', '5:30 - 7:30 pm', 'Web-Conference Course', 30, '', 'E', 'http://www.extension.harvard.edu/courses/24313');
insert into course (concentration_id, hes_course_id, course_id, course_code, course_title, course_term_id, course_day, course_time, course_type, course_limit, location, attributes, course_url) values (4, 24279, 423, 'ISMTE-170', 'Human Factors in Information Systems Design', 8, 'MON', '7:40 - 9:40 pm', 'Web-Conference Course', 35, '', 'EID,E', 'http://www.extension.harvard.edu/courses/24279');
insert into course (concentration_id, hes_course_id, course_id, course_code, course_title, course_term_id, course_day, course_time, course_type, course_limit, location, attributes, course_url) values (4, 33214, 424, 'CSCIS-15', 'Dynamic Web Applications', 5, 'TUES,THUR', '6:30 - 9:30 pm', 'On Campus Only', 0, 'Northwest Science Building B103', 'WDD,E', 'http://www.summer.harvard.edu/courses/33214');
insert into course (concentration_id, hes_course_id, course_id, course_code, course_title, course_term_id, course_day, course_time, course_type, course_limit, location, attributes, course_url) values (4, 32344, 425, 'CSCIS-111', 'Intensive Introduction to Computer Science Using Java', 5, 'MON,TUES,WED,THUR,FRI', '8:30 am - 11:30 am', 'On Campus Only', 0, 'Maxwell-Dworkin G115', 'CD,E', 'http://www.summer.harvard.edu/courses/32344');
insert into course (concentration_id, hes_course_id, course_id, course_code, course_title, course_term_id, course_day, course_time, course_type, course_limit, location, attributes, course_url) values (4, 33157, 426, 'DGMDS-5', 'Exploring Digital Media', 5, 'MON,WED', '12 - 3 pm', 'On Campus Only', 0, 'Harvard Hall 201', 'DIGM,E', 'http://www.summer.harvard.edu/courses/33157');
insert into course (concentration_id, hes_course_id, course_id, course_code, course_title, course_term_id, course_day, course_time, course_type, course_limit, location, attributes, course_url) values (4, 33105, 427, 'DGMDS-30', 'Video Field Production', 5, 'MON,WED', '6:30 - 9:30 pm', 'On Campus Only', 30, '53 Church Street 104', 'DIGM,E', 'http://www.summer.harvard.edu/courses/33105');
insert into course (concentration_id, hes_course_id, course_id, course_code, course_title, course_term_id, course_day, course_time, course_type, course_limit, location, attributes, course_url) values (4, 32686, 428, 'EXPOS-48', 'Multimedia Communication: Introduction to Digital Storytelling', 5, 'MON,WED', '12 - 3 pm', 'On Campus Only', 15, '53 Church Street 104', 'EID,E', 'http://www.summer.harvard.edu/courses/32686');
insert into course (concentration_id, hes_course_id, course_id, course_code, course_title, course_term_id, course_day, course_time, course_type, course_limit, location, attributes, course_url) values (4, 32596, 429, 'ISMTS-170', 'Human Factors in Information Systems Design', 5, 'TUES,THUR', '6:30 - 9:30 pm', 'On Campus Only', 44, 'Northwest Science Building B108', 'EID,E', 'http://www.summer.harvard.edu/courses/32596');
insert into course (concentration_id, hes_course_id, course_id, course_code, course_title, course_term_id, course_day, course_time, course_type, course_limit, location, attributes, course_url) values (4, 33209, 430, 'MUSIS-190R', 'Technomusicology', 5, 'TUES,THUR', '6:30 - 9:30 pm', 'On Campus Only', 0, '53 Church Street 202', 'E', 'http://www.summer.harvard.edu/courses/33209');
insert into course (concentration_id, hes_course_id, course_id, course_code, course_title, course_term_id, course_day, course_time, course_type, course_limit, location, attributes, course_url) values (4, 33175, 431, 'STATS-110', 'Introduction to Probability', 5, 'MON,WED', '3:15 - 6:15 pm', 'Online Option', 0, '1 Story Street 306', 'E', 'http://www.summer.harvard.edu/courses/33175');
CREATE TABLE course_terms ( course_term_id int(10) unsigned NOT NULL, course_term_label varchar(64) NOT NULL, course_year int(10) unsigned NOT NULL, start_day int(10) unsigned NOT NULL, start_month int(10) unsigned NOT NULL, end_day int(10) unsigned NOT NULL, end_month int(10) unsigned NOT NULL, current_course tinyint(1) NOT NULL, PRIMARY KEY (course_term_id) ) ENGINE=InnoDB DEFAULT CHARSET=latin1;
insert into course_terms (course_term_id, course_term_label, course_year, start_day, start_month, end_day, end_month, current_course) values (1, 'Summer 2013', 2013, 21, 6, 9, 8, false);
insert into course_terms (course_term_id, course_term_label, course_year, start_day, start_month, end_day, end_month, current_course) values (2, 'Fall 2013', 2013, 2, 9, 20, 12, false);
insert into course_terms (course_term_id, course_term_label, course_year, start_day, start_month, end_day, end_month, current_course) values (3, 'January 2014', 2014, 5, 1, 24, 1, false);
insert into course_terms (course_term_id, course_term_label, course_year, start_day, start_month, end_day, end_month, current_course) values (4, 'Spring 2014', 2014, 26, 1, 16, 5, false);
insert into course_terms (course_term_id, course_term_label, course_year, start_day, start_month, end_day, end_month, current_course) values (5, 'Summer 2014', 2014, 21, 6, 9, 8, true);
insert into course_terms (course_term_id, course_term_label, course_year, start_day, start_month, end_day, end_month, current_course) values (6, 'Fall 2014', 2014, 2, 9, 20, 12, true);
insert into course_terms (course_term_id, course_term_label, course_year, start_day, start_month, end_day, end_month, current_course) values (7, 'January 2015', 2015, 5, 1, 24, 1, true);
insert into course_terms (course_term_id, course_term_label, course_year, start_day, start_month, end_day, end_month, current_course) values (8, 'Spring 2015', 2015, 26, 1, 16, 5, true);
CREATE TABLE grades ( grade_id int(10) unsigned NOT NULL, grade_label varchar(64) NOT NULL, gpa decimal(3,2) NOT NULL, PRIMARY KEY (grade_id) ) ENGINE=InnoDB DEFAULT CHARSET=latin1;
insert into grades (grade_id, grade_label, gpa) values (1, 'Registered', -1.00);
insert into grades (grade_id, grade_label, gpa) values (2, 'A', 4.00);
insert into grades (grade_id, grade_label, gpa) values (3, 'A-', 3.67);
insert into grades (grade_id, grade_label, gpa) values (4, 'B+', 3.33);
insert into grades (grade_id, grade_label, gpa) values (5, 'B', 3.00);
insert into grades (grade_id, grade_label, gpa) values (6, 'B-', 2.67);
insert into grades (grade_id, grade_label, gpa) values (7, 'C+', 2.33);
insert into grades (grade_id, grade_label, gpa) values (8, 'C', 2.00);
insert into grades (grade_id, grade_label, gpa) values (9, 'C-', 1.67);
insert into grades (grade_id, grade_label, gpa) values (10, 'D+', 1.33);
insert into grades (grade_id, grade_label, gpa) values (11, 'D', 1.00);
insert into grades (grade_id, grade_label, gpa) values (12, 'D-', 0.67);
insert into grades (grade_id, grade_label, gpa) values (13, 'E', 0.00);
insert into grades (grade_id, grade_label, gpa) values (14, 'Withdrawal', 0.00);
insert into grades (grade_id, grade_label, gpa) values (15, 'Required to Withdraw', 0.00);
insert into grades (grade_id, grade_label, gpa) values (16, 'Excluded from Course', 0.00);
CREATE TABLE instructors ( instructor_id int(10) unsigned NOT NULL AUTO_INCREMENT, instructor_code varchar(64) NOT NULL, instructor_name varchar(255) NOT NULL, instructor_url varchar(255), instructor_email varchar(255), PRIMARY KEY (instructor_id) ) ENGINE=InnoDB DEFAULT CHARSET=latin1;
insert into instructors (instructor_id, instructor_code, instructor_name, instructor_url, instructor_email) values (1, 'susan-buck', 'Susan Buck', 'http://www.extension.harvard.edu/about-us/faculty-directory/susan-buck', 'susanbuck@fas.harvard.edu');
insert into instructors (instructor_id, instructor_code, instructor_name, instructor_url, instructor_email) values (2, 'david-p-heitmeyer', 'David P. Heitmeyer', 'http://www.extension.harvard.edu/about-us/faculty-directory/david-p-heitmeyer', '');
insert into instructors (instructor_id, instructor_code, instructor_name, instructor_url, instructor_email) values (3, 'jeff-parker', 'Jeff Parker', 'http://www.extension.harvard.edu/about-us/faculty-directory/jeff-parker', 'jeff_parker@harvard.edu');
insert into instructors (instructor_id, instructor_code, instructor_name, instructor_url, instructor_email) values (4, 'bruce-molay', 'Bruce Molay', 'http://www.extension.harvard.edu/about-us/faculty-directory/bruce-molay', '');
insert into instructors (instructor_id, instructor_code, instructor_name, instructor_url, instructor_email) values (5, 'david-s-platt', 'David S. Platt', 'http://www.extension.harvard.edu/about-us/faculty-directory/david-s-platt', '');
insert into instructors (instructor_id, instructor_code, instructor_name, instructor_url, instructor_email) values (6, 'leonard-evenchik', 'Leonard Evenchik', 'http://www.extension.harvard.edu/about-us/faculty-directory/leonard-evenchik', 'cscie42@dce.harvard.edu');
insert into instructors (instructor_id, instructor_code, instructor_name, instructor_url, instructor_email) values (7, 'scott-bradner', 'Scott Bradner', 'http://www.extension.harvard.edu/about-us/faculty-directory/scott-bradner', 'sob@harvard.edu');
insert into instructors (instructor_id, instructor_code, instructor_name, instructor_url, instructor_email) values (8, 'benoit-gaucherin', 'Benoit Gaucherin', 'http://www.extension.harvard.edu/about-us/faculty-directory/benoit-gaucherin', '');
insert into instructors (instructor_id, instructor_code, instructor_name, instructor_url, instructor_email) values (9, 'charles-m-sawyer-jr', 'Charles M. Sawyer Jr.', 'http://www.extension.harvard.edu/about-us/faculty-directory/charles-m-sawyer-jr', 'sawyer@fas.harvard.edu');
insert into instructors (instructor_id, instructor_code, instructor_name, instructor_url, instructor_email) values (10, 'burt-beckwith', 'Burt Beckwith', 'http://www.extension.harvard.edu/about-us/faculty-directory/burt-beckwith', '');
insert into instructors (instructor_id, instructor_code, instructor_name, instructor_url, instructor_email) values (11, 'maria-r-garcia-altobello', 'Maria R. Garcia Altobello', 'http://www.extension.harvard.edu/about-us/faculty-directory/maria-r-garcia-altobello', 'mrgarcia@fas.harvard.edu');
insert into instructors (instructor_id, instructor_code, instructor_name, instructor_url, instructor_email) values (12, 'eddie-kohler', 'Eddie Kohler', 'http://www.extension.harvard.edu/about-us/faculty-directory/eddie-kohler', '');
insert into instructors (instructor_id, instructor_code, instructor_name, instructor_url, instructor_email) values (13, 'zoran-b-djordjevic', 'Zoran B. Djordjevic', 'http://www.extension.harvard.edu/about-us/faculty-directory/zoran-b-djordjevic', 'zdjordj@fas.harvard.edu');
insert into instructors (instructor_id, instructor_code, instructor_name, instructor_url, instructor_email) values (14, 'james-l-frankel', 'James L. Frankel', 'http://www.extension.harvard.edu/about-us/faculty-directory/james-l-frankel', 'frankel@seas.harvard.edu');
insert into instructors (instructor_id, instructor_code, instructor_name, instructor_url, instructor_email) values (15, 'eric-gieseke', 'Eric Gieseke', 'http://www.extension.harvard.edu/about-us/faculty-directory/eric-gieseke', 'egieseke@fas.harvard.edu');
insert into instructors (instructor_id, instructor_code, instructor_name, instructor_url, instructor_email) values (16, 'philip-mcgachey', 'Philip McGachey', 'http://www.extension.harvard.edu/about-us/faculty-directory/philip-mcgachey', 'phil_mcgachey@harvard.edu');
insert into instructors (instructor_id, instructor_code, instructor_name, instructor_url, instructor_email) values (17, 'rafael-irizarry', 'Rafael Irizarry', 'http://www.extension.harvard.edu/about-us/faculty-directory/rafael-irizarry', '');
insert into instructors (instructor_id, instructor_code, instructor_name, instructor_url, instructor_email) values (18, 'verena-s-kaynig-fittkau', 'Verena S. Kaynig-Fittkau', 'http://www.extension.harvard.edu/about-us/faculty-directory/verena-s-kaynig-fittkau', 'vkaynig@seas.harvard.edu');
insert into instructors (instructor_id, instructor_code, instructor_name, instructor_url, instructor_email) values (19, 'harry-r-lewis', 'Harry R. Lewis', 'http://www.extension.harvard.edu/about-us/faculty-directory/harry-r-lewis', '');
insert into instructors (instructor_id, instructor_code, instructor_name, instructor_url, instructor_email) values (20, 'cristopher-cecka', 'Cristopher Cecka', 'http://www.extension.harvard.edu/about-us/faculty-directory/cristopher-cecka', 'ccecka@seas.harvard.edu');
insert into instructors (instructor_id, instructor_code, instructor_name, instructor_url, instructor_email) values (21, 'thouis-ray-jones', 'Thouis Ray Jones', 'http://www.extension.harvard.edu/about-us/faculty-directory/thouis-ray-jones', 'thouis@seas.harvard.edu');
insert into instructors (instructor_id, instructor_code, instructor_name, instructor_url, instructor_email) values (22, 'fawwaz-habbal', 'Fawwaz Habbal', 'http://www.extension.harvard.edu/about-us/faculty-directory/fawwaz-habbal', 'habbalf@seas.harvard.edu');
insert into instructors (instructor_id, instructor_code, instructor_name, instructor_url, instructor_email) values (23, 'anas-chalah', 'Anas Chalah', 'http://www.extension.harvard.edu/about-us/faculty-directory/anas-chalah', 'achalah@seas.harvard.edu');
insert into instructors (instructor_id, instructor_code, instructor_name, instructor_url, instructor_email) values (24, 'paul-g-bamberg', 'Paul G. Bamberg', 'http://www.extension.harvard.edu/about-us/faculty-directory/paul-g-bamberg', 'bamberg@tiac.net');
insert into instructors (instructor_id, instructor_code, instructor_name, instructor_url, instructor_email) values (25, 'luke-miratrix', 'Luke Miratrix', 'http://www.extension.harvard.edu/about-us/faculty-directory/luke-miratrix', 'lmiratrix@stat.harvard.edu');
insert into instructors (instructor_id, instructor_code, instructor_name, instructor_url, instructor_email) values (26, 'michael-i-parzen', 'Michael I. Parzen', 'http://www.extension.harvard.edu/about-us/faculty-directory/michael-i-parzen', '');
insert into instructors (instructor_id, instructor_code, instructor_name, instructor_url, instructor_email) values (27, 'jenny-gutbezahl', 'Jenny Gutbezahl', 'http://www.extension.harvard.edu/about-us/faculty-directory/jenny-gutbezahl', 'gutbezahl@fasmail.harvard.edu');
insert into instructors (instructor_id, instructor_code, instructor_name, instructor_url, instructor_email) values (28, 'jennifer-kramer', 'Jennifer A. Kramer', 'http://www.extension.harvard.edu/about-us/faculty-directory/jennifer-kramer', 'jen@jenkramer.org');
insert into instructors (instructor_id, instructor_code, instructor_name, instructor_url, instructor_email) values (29, 'pavlos-protopapas', 'Pavlos Protopapas', 'http://www.extension.harvard.edu/about-us/faculty-directory/pavlos-protopapas', '');
insert into instructors (instructor_id, instructor_code, instructor_name, instructor_url, instructor_email) values (30, 'pinde-fu', 'Pinde Fu', 'http://www.extension.harvard.edu/about-us/faculty-directory/pinde-fu', 'pfu@esri.com');
insert into instructors (instructor_id, instructor_code, instructor_name, instructor_url, instructor_email) values (31, 'oleg-pianykh', 'Oleg Pianykh', 'http://www.extension.harvard.edu/about-us/faculty-directory/oleg-pianykh', '');
insert into instructors (instructor_id, instructor_code, instructor_name, instructor_url, instructor_email) values (32, 'deborah-abel', 'Deborah Abel', 'http://www.extension.harvard.edu/about-us/faculty-directory/deborah-abel', '');
insert into instructors (instructor_id, instructor_code, instructor_name, instructor_url, instructor_email) values (33, 'john-gregory-morrisett', 'John Gregory Morrisett', 'http://www.extension.harvard.edu/about-us/faculty-directory/john-gregory-morrisett', '');
insert into instructors (instructor_id, instructor_code, instructor_name, instructor_url, instructor_email) values (34, 'nermin-serifovic', 'Nermin Serifovic', 'http://www.extension.harvard.edu/about-us/faculty-directory/nermin-serifovic', 'nserifovic@fas.harvard.edu');
insert into instructors (instructor_id, instructor_code, instructor_name, instructor_url, instructor_email) values (35, 'morgan-creighton', 'Morgan Creighton', 'http://www.extension.harvard.edu/about-us/faculty-directory/morgan-creighton', 'morgan.creighton@gmail.com');
insert into instructors (instructor_id, instructor_code, instructor_name, instructor_url, instructor_email) values (36, 'joseph-ficara', 'Joseph Ficara', 'http://www.extension.harvard.edu/about-us/faculty-directory/joseph-ficara', 'jficara@fas.harvard.edu');
insert into instructors (instructor_id, instructor_code, instructor_name, instructor_url, instructor_email) values (37, 'david-g-sullivan', 'David G. Sullivan', 'http://www.extension.harvard.edu/about-us/faculty-directory/david-g-sullivan', 'sullivan@post.harvard.edu');
insert into instructors (instructor_id, instructor_code, instructor_name, instructor_url, instructor_email) values (38, 'jelani-nelson', 'Jelani Nelson', 'http://www.extension.harvard.edu/about-us/faculty-directory/jelani-nelson', '');
insert into instructors (instructor_id, instructor_code, instructor_name, instructor_url, instructor_email) values (39, 'stephen-chong', 'Stephen Chong', 'http://www.extension.harvard.edu/about-us/faculty-directory/stephen-chong', 'chong@seas.harvard.edu');
insert into instructors (instructor_id, instructor_code, instructor_name, instructor_url, instructor_email) values (40, 'alexander-lex', 'Alexander Lex', 'http://www.extension.harvard.edu/about-us/faculty-directory/alexander-lex', 'alex@seas.harvard.edu');
insert into instructors (instructor_id, instructor_code, instructor_name, instructor_url, instructor_email) values (41, 'david-c-parkes', 'David C. Parkes', 'http://www.extension.harvard.edu/about-us/faculty-directory/david-c-parkes', 'parkes@eecs.harvard.edu');
insert into instructors (instructor_id, instructor_code, instructor_name, instructor_url, instructor_email) values (42, 'wego-wang', 'Wego Wang', 'http://www.extension.harvard.edu/about-us/faculty-directory/wego-wang', 'wegowang@fas.harvard.edu');
insert into instructors (instructor_id, instructor_code, instructor_name, instructor_url, instructor_email) values (43, 'thomas-c-hayes', 'Thomas C. Hayes', 'http://www.extension.harvard.edu/about-us/faculty-directory/thomas-c-hayes', 'hayes@physics.harvard.edu');
insert into instructors (instructor_id, instructor_code, instructor_name, instructor_url, instructor_email) values (44, 'jeff-blossom', 'Jeff Blossom', 'http://www.extension.harvard.edu/about-us/faculty-directory/jeff-blossom', 'jblossom@cga.harvard.edu');
insert into instructors (instructor_id, instructor_code, instructor_name, instructor_url, instructor_email) values (45, 'dennis-f-galletta', 'Dennis F. Galletta', 'http://www.extension.harvard.edu/about-us/faculty-directory/dennis-f-galletta', 'galletta@katz.pitt.edu');
insert into instructors (instructor_id, instructor_code, instructor_name, instructor_url, instructor_email) values (46, 'sukhada-fadnavis', 'Sukhada Fadnavis', 'http://www.extension.harvard.edu/about-us/faculty-directory/sukhada-fadnavis', '');
insert into instructors (instructor_id, instructor_code, instructor_name, instructor_url, instructor_email) values (47, 'philip-anthony-vaccaro', 'Philip Anthony Vaccaro', 'http://www.extension.harvard.edu/about-us/faculty-directory/philip-anthony-vaccaro', 'pvaccaro@salemstate.edu');
insert into instructors (instructor_id, instructor_code, instructor_name, instructor_url, instructor_email) values (48, 'max-krasnow', 'Max Krasnow', 'http://www.extension.harvard.edu/about-us/faculty-directory/max-krasnow', 'krasnow@fas.harvard.edu');
insert into instructors (instructor_id, instructor_code, instructor_name, instructor_url, instructor_email) values (49, 'bernard-rosner', 'Bernard A. Rosner', 'http://www.extension.harvard.edu/about-us/faculty-directory/bernard-rosner', 'stbar@channing.harvard.edu');
insert into instructors (instructor_id, instructor_code, instructor_name, instructor_url, instructor_email) values (50, 'stephanie-mcmains', 'Stephanie McMains', 'http://www.extension.harvard.edu/about-us/faculty-directory/stephanie-mcmains', 'smcmains@fas.harvard.edu');
insert into instructors (instructor_id, instructor_code, instructor_name, instructor_url, instructor_email) values (51, 'jeffrey-e-francis', 'Jeffrey E. Francis', 'http://www.extension.harvard.edu/about-us/faculty-directory/jeffrey-e-francis', '');
insert into instructors (instructor_id, instructor_code, instructor_name, instructor_url, instructor_email) values (52, 'wendy-guan', 'Wendy Guan', 'http://www.extension.harvard.edu/about-us/faculty-directory/wendy-guan', 'wguan@cga.harvard.edu');
insert into instructors (instructor_id, instructor_code, instructor_name, instructor_url, instructor_email) values (53, 'richard-e-joltes', 'Richard E. Joltes', 'http://www.extension.harvard.edu/about-us/faculty-directory/richard-e-joltes', 'djoltes@gmail.com');
insert into instructors (instructor_id, instructor_code, instructor_name, instructor_url, instructor_email) values (54, 'zoya-kinstler', 'Zoya Kinstler', 'http://www.extension.harvard.edu/about-us/faculty-directory/zoya-kinstler', 'kinstler@fas.harvard.edu');
insert into instructors (instructor_id, instructor_code, instructor_name, instructor_url, instructor_email) values (55, 'bob-wittstein', 'Bob Wittstein', 'http://www.extension.harvard.edu/about-us/faculty-directory/bob-wittstein', 'bob_wittstein@harvard.edu');
insert into instructors (instructor_id, instructor_code, instructor_name, instructor_url, instructor_email) values (56, 'richard-l-keith', 'Richard L. Keith', 'http://www.extension.harvard.edu/about-us/faculty-directory/richard-l-keith', 'rlkeith@aol.com');
insert into instructors (instructor_id, instructor_code, instructor_name, instructor_url, instructor_email) values (57, 'carmine-p-gibaldi', 'Carmine P. Gibaldi', 'http://www.extension.harvard.edu/about-us/faculty-directory/carmine-p-gibaldi', 'cgibaldi@fas.harvard.edu');
insert into instructors (instructor_id, instructor_code, instructor_name, instructor_url, instructor_email) values (58, 'lisa-rohrer', 'Lisa Rohrer', 'http://www.extension.harvard.edu/about-us/faculty-directory/lisa-rohrer', 'lrohrer@law.harvard.edu');
insert into instructors (instructor_id, instructor_code, instructor_name, instructor_url, instructor_email) values (59, 'jennifer-kay-stine', 'Jennifer Kay Stine', 'http://www.extension.harvard.edu/about-us/faculty-directory/jennifer-kay-stine', 'jkstine@yahoo.com');
insert into instructors (instructor_id, instructor_code, instructor_name, instructor_url, instructor_email) values (60, 'm-myra-s-white', 'M. Myra S. White', 'http://www.extension.harvard.edu/about-us/faculty-directory/m-myra-s-white', '');
insert into instructors (instructor_id, instructor_code, instructor_name, instructor_url, instructor_email) values (61, 'harold-v-langlois', 'Harold V. Langlois', 'http://www.extension.harvard.edu/about-us/faculty-directory/harold-v-langlois', 'langlois@fas.harvard.edu');
insert into instructors (instructor_id, instructor_code, instructor_name, instructor_url, instructor_email) values (62, 'kathrine-suzanne-livingston', 'Kathrine Suzanne Livingston', 'http://www.extension.harvard.edu/about-us/faculty-directory/kathrine-suzanne-livingston', 'klivingston@fas.harvard.edu');
insert into instructors (instructor_id, instructor_code, instructor_name, instructor_url, instructor_email) values (63, 'william-l-wellman', 'William L. Wellman', 'http://www.extension.harvard.edu/about-us/faculty-directory/william-l-wellman', 'williamwellman@e-paradigmshift.com');
insert into instructors (instructor_id, instructor_code, instructor_name, instructor_url, instructor_email) values (64, 'james-c-fitchett', 'James C. Fitchett', 'http://www.extension.harvard.edu/about-us/faculty-directory/james-c-fitchett', 'jim_fitchett@harvard.edu');
insert into instructors (instructor_id, instructor_code, instructor_name, instructor_url, instructor_email) values (65, 'patrick-mcgowan', 'Patrick McGowan', 'http://www.extension.harvard.edu/about-us/faculty-directory/patrick-mcgowan', '');
insert into instructors (instructor_id, instructor_code, instructor_name, instructor_url, instructor_email) values (66, 'basem-neseim', 'Basem A. Neseim', 'http://www.extension.harvard.edu/about-us/faculty-directory/basem-neseim', '');
insert into instructors (instructor_id, instructor_code, instructor_name, instructor_url, instructor_email) values (67, 'ellen-harris', 'Ellen Harris', 'http://www.extension.harvard.edu/about-us/faculty-directory/ellen-harris', 'elharris@post.harvard.edu');
insert into instructors (instructor_id, instructor_code, instructor_name, instructor_url, instructor_email) values (68, 'kishan-mallur', 'Kishan Mallur', 'http://www.extension.harvard.edu/about-us/faculty-directory/kishan-mallur', '');
insert into instructors (instructor_id, instructor_code, instructor_name, instructor_url, instructor_email) values (69, 'henry-h-leitner', 'Henry H. Leitner', 'http://www.extension.harvard.edu/about-us/faculty-directory/henry-h-leitner', 'leitner@harvard.edu');
insert into instructors (instructor_id, instructor_code, instructor_name, instructor_url, instructor_email) values (70, 'david-j-malan', 'David J. Malan', 'http://www.extension.harvard.edu/about-us/faculty-directory/david-j-malan', 'malan@harvard.edu');
insert into instructors (instructor_id, instructor_code, instructor_name, instructor_url, instructor_email) values (71, 'daniel-armendariz', 'Daniel Armendariz', 'http://www.extension.harvard.edu/about-us/faculty-directory/daniel-armendariz', 'danallan@cs.harvard.edu');
insert into instructors (instructor_id, instructor_code, instructor_name, instructor_url, instructor_email) values (72, 'allyson-sherlock', 'Allyson Sherlock', 'http://www.extension.harvard.edu/about-us/faculty-directory/allyson-sherlock', 'allyson_sherlock@emerson.edu');
insert into instructors (instructor_id, instructor_code, instructor_name, instructor_url, instructor_email) values (73, 'padrick-ritch', 'Padrick Ritch', 'http://www.extension.harvard.edu/about-us/faculty-directory/padrick-ritch', 'padrickritch@fas.harvard.edu');
insert into instructors (instructor_id, instructor_code, instructor_name, instructor_url, instructor_email) values (74, 'marlon-kuzmick', 'Marlon Kuzmick', 'http://www.extension.harvard.edu/about-us/faculty-directory/marlon-kuzmick', 'mkuzmick@fas.harvard.edu');
insert into instructors (instructor_id, instructor_code, instructor_name, instructor_url, instructor_email) values (75, 'stacie-cassat-green', 'Stacie Cassat Green', 'http://www.extension.harvard.edu/about-us/faculty-directory/stacie-cassat-green', 'sgreen@fas.harvard.edu');
insert into instructors (instructor_id, instructor_code, instructor_name, instructor_url, instructor_email) values (76, 'denise-m-snyder', 'Denise M. Snyder', 'http://www.extension.harvard.edu/about-us/faculty-directory/denise-m-snyder', 'denise.snyder@post.harvard.edu');
insert into instructors (instructor_id, instructor_code, instructor_name, instructor_url, instructor_email) values (77, 'larry-bouthillier', 'Larry Bouthillier', 'http://www.extension.harvard.edu/about-us/faculty-directory/larry-bouthillier', '');
insert into instructors (instructor_id, instructor_code, instructor_name, instructor_url, instructor_email) values (78, 'john-selig', 'John Selig', 'http://www.extension.harvard.edu/about-us/faculty-directory/john-selig', '');
insert into instructors (instructor_id, instructor_code, instructor_name, instructor_url, instructor_email) values (79, 'bakhtiar-mikhak', 'Bakhtiar Mikhak', 'http://www.extension.harvard.edu/about-us/faculty-directory/bakhtiar-mikhak', 'mikhak@fas.harvard.edu');
insert into instructors (instructor_id, instructor_code, instructor_name, instructor_url, instructor_email) values (80, 'alec-michael-resnick', 'Alec Michael Resnick', 'http://www.extension.harvard.edu/about-us/faculty-directory/alec-michael-resnick', '');
insert into instructors (instructor_id, instructor_code, instructor_name, instructor_url, instructor_email) values (81, 'turgut-fettah-kosar', 'Turgut Fettah Kosar', '', '');
insert into instructors (instructor_id, instructor_code, instructor_name, instructor_url, instructor_email) values (82, 'mary-y-lanzerotti', 'Mary Y. Lanzerotti', '', '');
insert into instructors (instructor_id, instructor_code, instructor_name, instructor_url, instructor_email) values (83, 'katherine-leigh-penner', 'Katherine Leigh Penner', '', '');
insert into instructors (instructor_id, instructor_code, instructor_name, instructor_url, instructor_email) values (84, 'james-pearson', 'James Pearson', '', '');
insert into instructors (instructor_id, instructor_code, instructor_name, instructor_url, instructor_email) values (85, 'kevin-a-rader', 'Kevin A. Rader', '', '');
insert into instructors (instructor_id, instructor_code, instructor_name, instructor_url, instructor_email) values (86, 'lynn-w-marples', 'Lynn W. Marples', '', '');
insert into instructors (instructor_id, instructor_code, instructor_name, instructor_url, instructor_email) values (87, 'mark-esposito', 'Mark Esposito', '', '');
insert into instructors (instructor_id, instructor_code, instructor_name, instructor_url, instructor_email) values (88, 'cherian-s-thachenkary', 'Cherian S. Thachenkary', '', '');
insert into instructors (instructor_id, instructor_code, instructor_name, instructor_url, instructor_email) values (89, 'robert-j-glynn', 'Robert J. Glynn', '', '');
insert into instructors (instructor_id, instructor_code, instructor_name, instructor_url, instructor_email) values (90, 'wayne-g-marshall', 'Wayne G. Marshall', '', '');
CREATE TABLE instructors_courses ( hes_course_id int(10) unsigned NOT NULL, instructor_code varchar(64) NOT NULL, PRIMARY KEY (hes_course_id, instructor_code) ) ENGINE=InnoDB DEFAULT CHARSET=latin1;
insert into instructors_courses (hes_course_id, instructor_code) values (12528, 'jeffrey-e-francis');
insert into instructors_courses (hes_course_id, instructor_code) values (12806, 'anas-chalah');
insert into instructors_courses (hes_course_id, instructor_code) values (12917, 'wendy-guan');
insert into instructors_courses (hes_course_id, instructor_code) values (13043, 'bob-wittstein');
insert into instructors_courses (hes_course_id, instructor_code) values (13043, 'zoya-kinstler');
insert into instructors_courses (hes_course_id, instructor_code) values (13313, 'paul-g-bamberg');
insert into instructors_courses (hes_course_id, instructor_code) values (13341, 'richard-l-keith');
insert into instructors_courses (hes_course_id, instructor_code) values (13355, 'james-c-fitchett');
insert into instructors_courses (hes_course_id, instructor_code) values (13355, 'william-l-wellman');
insert into instructors_courses (hes_course_id, instructor_code) values (13371, 'carmine-p-gibaldi');
insert into instructors_courses (hes_course_id, instructor_code) values (13375, 'harold-v-langlois');
insert into instructors_courses (hes_course_id, instructor_code) values (13375, 'kathrine-suzanne-livingston');
insert into instructors_courses (hes_course_id, instructor_code) values (13813, 'm-myra-s-white');
insert into instructors_courses (hes_course_id, instructor_code) values (13836, 'eddie-kohler');
insert into instructors_courses (hes_course_id, instructor_code) values (14021, 'denise-m-snyder');
insert into instructors_courses (hes_course_id, instructor_code) values (14021, 'stacie-cassat-green');
insert into instructors_courses (hes_course_id, instructor_code) values (14206, 'richard-e-joltes');
insert into instructors_courses (hes_course_id, instructor_code) values (14283, 'jennifer-kramer');
insert into instructors_courses (hes_course_id, instructor_code) values (14285, 'allyson-sherlock');
insert into instructors_courses (hes_course_id, instructor_code) values (14286, 'marlon-kuzmick');
insert into instructors_courses (hes_course_id, instructor_code) values (14289, 'henry-h-leitner');
insert into instructors_courses (hes_course_id, instructor_code) values (14290, 'david-j-malan');
insert into instructors_courses (hes_course_id, instructor_code) values (14291, 'susan-buck');
insert into instructors_courses (hes_course_id, instructor_code) values (14294, 'bruce-molay');
insert into instructors_courses (hes_course_id, instructor_code) values (14296, 'leonard-evenchik');
insert into instructors_courses (hes_course_id, instructor_code) values (14297, 'david-p-heitmeyer');
insert into instructors_courses (hes_course_id, instructor_code) values (14298, 'charles-m-sawyer-jr');
insert into instructors_courses (hes_course_id, instructor_code) values (14299, 'benoit-gaucherin');
insert into instructors_courses (hes_course_id, instructor_code) values (14299, 'scott-bradner');
insert into instructors_courses (hes_course_id, instructor_code) values (14300, 'zoran-b-djordjevic');
insert into instructors_courses (hes_course_id, instructor_code) values (14302, 'harry-r-lewis');
insert into instructors_courses (hes_course_id, instructor_code) values (14306, 'eric-gieseke');
insert into instructors_courses (hes_course_id, instructor_code) values (14307, 'maria-r-garcia-altobello');
insert into instructors_courses (hes_course_id, instructor_code) values (14310, 'david-s-platt');
insert into instructors_courses (hes_course_id, instructor_code) values (14325, 'burt-beckwith');
insert into instructors_courses (hes_course_id, instructor_code) values (14328, 'rafael-irizarry');
insert into instructors_courses (hes_course_id, instructor_code) values (14328, 'verena-s-kaynig-fittkau');
insert into instructors_courses (hes_course_id, instructor_code) values (14331, 'fawwaz-habbal');
insert into instructors_courses (hes_course_id, instructor_code) values (14367, 'jennifer-kay-stine');
insert into instructors_courses (hes_course_id, instructor_code) values (14469, 'jeff-parker');
insert into instructors_courses (hes_course_id, instructor_code) values (14490, 'padrick-ritch');
insert into instructors_courses (hes_course_id, instructor_code) values (14496, 'daniel-armendariz');
insert into instructors_courses (hes_course_id, instructor_code) values (14512, 'paul-g-bamberg');
insert into instructors_courses (hes_course_id, instructor_code) values (14515, 'lisa-rohrer');
insert into instructors_courses (hes_course_id, instructor_code) values (14527, 'michael-i-parzen');
insert into instructors_courses (hes_course_id, instructor_code) values (14529, 'carmine-p-gibaldi');
insert into instructors_courses (hes_course_id, instructor_code) values (14531, 'philip-mcgachey');
insert into instructors_courses (hes_course_id, instructor_code) values (14532, 'james-l-frankel');
insert into instructors_courses (hes_course_id, instructor_code) values (14549, 'cristopher-cecka');
insert into instructors_courses (hes_course_id, instructor_code) values (14549, 'thouis-ray-jones');
insert into instructors_courses (hes_course_id, instructor_code) values (14557, 'david-s-platt');
insert into instructors_courses (hes_course_id, instructor_code) values (14567, 'jenny-gutbezahl');
insert into instructors_courses (hes_course_id, instructor_code) values (14574, 'luke-miratrix');
insert into instructors_courses (hes_course_id, instructor_code) values (21144, 'david-p-heitmeyer');
insert into instructors_courses (hes_course_id, instructor_code) values (21462, 'jelani-nelson');
insert into instructors_courses (hes_course_id, instructor_code) values (22098, 'thomas-c-hayes');
insert into instructors_courses (hes_course_id, instructor_code) values (22365, 'bob-wittstein');
insert into instructors_courses (hes_course_id, instructor_code) values (22365, 'zoya-kinstler');
insert into instructors_courses (hes_course_id, instructor_code) values (22768, 'anas-chalah');
insert into instructors_courses (hes_course_id, instructor_code) values (22768, 'fawwaz-habbal');
insert into instructors_courses (hes_course_id, instructor_code) values (23171, 'bernard-rosner');
insert into instructors_courses (hes_course_id, instructor_code) values (23175, 'paul-g-bamberg');
insert into instructors_courses (hes_course_id, instructor_code) values (23198, 'richard-l-keith');
insert into instructors_courses (hes_course_id, instructor_code) values (23219, 'carmine-p-gibaldi');
insert into instructors_courses (hes_course_id, instructor_code) values (23220, 'ellen-harris');
insert into instructors_courses (hes_course_id, instructor_code) values (23274, 'philip-anthony-vaccaro');
insert into instructors_courses (hes_course_id, instructor_code) values (23290, 'kishan-mallur');
insert into instructors_courses (hes_course_id, instructor_code) values (23445, 'stephanie-mcmains');
insert into instructors_courses (hes_course_id, instructor_code) values (23468, 'philip-anthony-vaccaro');
insert into instructors_courses (hes_course_id, instructor_code) values (23498, 'paul-g-bamberg');
insert into instructors_courses (hes_course_id, instructor_code) values (23630, 'marlon-kuzmick');
insert into instructors_courses (hes_course_id, instructor_code) values (23674, 'm-myra-s-white');
insert into instructors_courses (hes_course_id, instructor_code) values (23678, 'jennifer-kay-stine');
insert into instructors_courses (hes_course_id, instructor_code) values (23816, 'david-c-parkes');
insert into instructors_courses (hes_course_id, instructor_code) values (23837, 'stephen-chong');
insert into instructors_courses (hes_course_id, instructor_code) values (23849, 'basem-neseim');
insert into instructors_courses (hes_course_id, instructor_code) values (23854, 'jeffrey-e-francis');
insert into instructors_courses (hes_course_id, instructor_code) values (23860, 'harold-v-langlois');
insert into instructors_courses (hes_course_id, instructor_code) values (23860, 'kathrine-suzanne-livingston');
insert into instructors_courses (hes_course_id, instructor_code) values (24013, 'wego-wang');
insert into instructors_courses (hes_course_id, instructor_code) values (24025, 'alec-michael-resnick');
insert into instructors_courses (hes_course_id, instructor_code) values (24025, 'bakhtiar-mikhak');
insert into instructors_courses (hes_course_id, instructor_code) values (24026, 'allyson-sherlock');
insert into instructors_courses (hes_course_id, instructor_code) values (24027, 'henry-h-leitner');
insert into instructors_courses (hes_course_id, instructor_code) values (24028, 'alexander-lex');
insert into instructors_courses (hes_course_id, instructor_code) values (24031, 'pinde-fu');
insert into instructors_courses (hes_course_id, instructor_code) values (24032, 'deborah-abel');
insert into instructors_courses (hes_course_id, instructor_code) values (24032, 'harry-r-lewis');
insert into instructors_courses (hes_course_id, instructor_code) values (24033, 'leonard-evenchik');
insert into instructors_courses (hes_course_id, instructor_code) values (24035, 'oleg-pianykh');
insert into instructors_courses (hes_course_id, instructor_code) values (24036, 'charles-m-sawyer-jr');
insert into instructors_courses (hes_course_id, instructor_code) values (24037, 'benoit-gaucherin');
insert into instructors_courses (hes_course_id, instructor_code) values (24037, 'scott-bradner');
insert into instructors_courses (hes_course_id, instructor_code) values (24038, 'zoran-b-djordjevic');
insert into instructors_courses (hes_course_id, instructor_code) values (24039, 'jeff-parker');
insert into instructors_courses (hes_course_id, instructor_code) values (24040, 'bruce-molay');
insert into instructors_courses (hes_course_id, instructor_code) values (24041, 'sukhada-fadnavis');
insert into instructors_courses (hes_course_id, instructor_code) values (24043, 'john-gregory-morrisett');
insert into instructors_courses (hes_course_id, instructor_code) values (24045, 'patrick-mcgowan');
insert into instructors_courses (hes_course_id, instructor_code) values (24046, 'david-g-sullivan');
insert into instructors_courses (hes_course_id, instructor_code) values (24048, 'jennifer-kramer');
insert into instructors_courses (hes_course_id, instructor_code) values (24095, 'larry-bouthillier');
insert into instructors_courses (hes_course_id, instructor_code) values (24104, 'pavlos-protopapas');
insert into instructors_courses (hes_course_id, instructor_code) values (24104, 'verena-s-kaynig-fittkau');
insert into instructors_courses (hes_course_id, instructor_code) values (24107, 'david-j-malan');
insert into instructors_courses (hes_course_id, instructor_code) values (24207, 'james-l-frankel');
insert into instructors_courses (hes_course_id, instructor_code) values (24221, 'john-selig');
insert into instructors_courses (hes_course_id, instructor_code) values (24227, 'carmine-p-gibaldi');
insert into instructors_courses (hes_course_id, instructor_code) values (24228, 'joseph-ficara');
insert into instructors_courses (hes_course_id, instructor_code) values (24229, 'morgan-creighton');
insert into instructors_courses (hes_course_id, instructor_code) values (24229, 'nermin-serifovic');
insert into instructors_courses (hes_course_id, instructor_code) values (24247, 'allyson-sherlock');
insert into instructors_courses (hes_course_id, instructor_code) values (24259, 'marlon-kuzmick');
insert into instructors_courses (hes_course_id, instructor_code) values (24269, 'jennifer-kramer');
insert into instructors_courses (hes_course_id, instructor_code) values (24271, 'richard-e-joltes');
insert into instructors_courses (hes_course_id, instructor_code) values (24277, 'max-krasnow');
insert into instructors_courses (hes_course_id, instructor_code) values (24279, 'dennis-f-galletta');
insert into instructors_courses (hes_course_id, instructor_code) values (24313, 'jeff-blossom');
insert into instructors_courses (hes_course_id, instructor_code) values (30073, 'lynn-w-marples');
insert into instructors_courses (hes_course_id, instructor_code) values (32344, 'david-g-sullivan');
insert into instructors_courses (hes_course_id, instructor_code) values (32447, 'bernard-rosner');
insert into instructors_courses (hes_course_id, instructor_code) values (32447, 'robert-j-glynn');
insert into instructors_courses (hes_course_id, instructor_code) values (32577, 'dennis-f-galletta');
insert into instructors_courses (hes_course_id, instructor_code) values (32596, 'dennis-f-galletta');
insert into instructors_courses (hes_course_id, instructor_code) values (32627, 'turgut-fettah-kosar');
insert into instructors_courses (hes_course_id, instructor_code) values (32686, 'marlon-kuzmick');
insert into instructors_courses (hes_course_id, instructor_code) values (32692, 'mark-esposito');
insert into instructors_courses (hes_course_id, instructor_code) values (33036, 'james-pearson');
insert into instructors_courses (hes_course_id, instructor_code) values (33041, 'cherian-s-thachenkary');
insert into instructors_courses (hes_course_id, instructor_code) values (33042, 'cherian-s-thachenkary');
insert into instructors_courses (hes_course_id, instructor_code) values (33055, 'carmine-p-gibaldi');
insert into instructors_courses (hes_course_id, instructor_code) values (33105, 'allyson-sherlock');
insert into instructors_courses (hes_course_id, instructor_code) values (33106, 'leonard-evenchik');
insert into instructors_courses (hes_course_id, instructor_code) values (33136, 'katherine-leigh-penner');
insert into instructors_courses (hes_course_id, instructor_code) values (33136, 'paul-g-bamberg');
insert into instructors_courses (hes_course_id, instructor_code) values (33157, 'john-selig');
insert into instructors_courses (hes_course_id, instructor_code) values (33175, 'kevin-a-rader');
insert into instructors_courses (hes_course_id, instructor_code) values (33188, 'mary-y-lanzerotti');
insert into instructors_courses (hes_course_id, instructor_code) values (33209, 'wayne-g-marshall');
insert into instructors_courses (hes_course_id, instructor_code) values (33213, 'jennifer-kay-stine');
insert into instructors_courses (hes_course_id, instructor_code) values (33214, 'susan-buck');
CREATE TABLE mobile_auth_token ( user_id int(10) unsigned NOT NULL, auth_token varchar(255) NOT NULL, device_type varchar(32) NOT NULL, device_os varchar(32) NOT NULL, create_date timestamp DEFAULT CURRENT_TIMESTAMP, modify_date datetime DEFAULT '0000-00-00 00:00:00' NOT NULL, PRIMARY KEY (user_id, device_type, device_os) ) ENGINE=InnoDB DEFAULT CHARSET=latin1;
CREATE TABLE thesis ( thesis_id int(10) unsigned NOT NULL AUTO_INCREMENT, thesis_graduation_month int(10) unsigned NOT NULL, thesis_proposal_month int(10) unsigned NOT NULL, thesis_proposal_day int(10) unsigned NOT NULL, thesis_due_month int(10) unsigned NOT NULL, thesis_due_day int(10) unsigned NOT NULL, thesis_grade_month int(10) unsigned NOT NULL, thesis_grade_day int(10) unsigned NOT NULL, thesis_bound_month int(10) unsigned NOT NULL, thesis_bound_day int(10) unsigned NOT NULL, PRIMARY KEY (thesis_id) ) ENGINE=InnoDB DEFAULT CHARSET=latin1;
insert into thesis (thesis_id, thesis_graduation_month, thesis_proposal_month, thesis_proposal_day, thesis_due_month, thesis_due_day, thesis_grade_month, thesis_grade_day, thesis_bound_month, thesis_bound_day) values (1, 11, 2, 1, 9, 1, 10, 1, 10, 15);
insert into thesis (thesis_id, thesis_graduation_month, thesis_proposal_month, thesis_proposal_day, thesis_due_month, thesis_due_day, thesis_grade_month, thesis_grade_day, thesis_bound_month, thesis_bound_day) values (2, 3, 6, 1, 1, 2, 2, 1, 2, 15);
insert into thesis (thesis_id, thesis_graduation_month, thesis_proposal_month, thesis_proposal_day, thesis_due_month, thesis_due_day, thesis_grade_month, thesis_grade_day, thesis_bound_month, thesis_bound_day) values (3, 5, 8, 1, 3, 1, 4, 1, 4, 15);
CREATE TABLE users ( user_id int(10) unsigned NOT NULL AUTO_INCREMENT, username varchar(255) NOT NULL, password_hash varchar(255) NOT NULL, email varchar(255) NOT NULL, registration_type enum('DEGREE','PRE-ADMISSION','GUEST') NOT NULL, concentration_id int(10) unsigned NOT NULL, gpa decimal(3,2), current_login datetime, last_login datetime, create_date timestamp DEFAULT CURRENT_TIMESTAMP, modify_date datetime DEFAULT '0000-00-00 00:00:00' NOT NULL, PRIMARY KEY (user_id) ) ENGINE=InnoDB DEFAULT CHARSET=latin1;
CREATE TABLE users_calendar ( user_id int(10) unsigned NOT NULL, course_id int(10) unsigned NOT NULL, PRIMARY KEY (user_id, course_id) ) ENGINE=InnoDB DEFAULT CHARSET=latin1;
CREATE TABLE users_courses ( user_id int(10) unsigned NOT NULL, course_id int(10) unsigned NOT NULL, grade_id int(10) unsigned NOT NULL, PRIMARY KEY (user_id, course_id) ) ENGINE=InnoDB DEFAULT CHARSET=latin1;
