CREATE TABLE announcements ( announcement_id int(10) unsigned NOT NULL AUTO_INCREMENT, registration_type enum('DEGREE','PRE-ADMISSION','GUEST') NOT NULL, concentration_id int(10) unsigned NOT NULL, course_term_id int(10) unsigned NOT NULL, announcement text, PRIMARY KEY (announcement_id) ) ENGINE=InnoDB DEFAULT CHARSET=latin1;
insert into announcements (announcement_id, registration_type, concentration_id, course_term_id, announcement) values (1, 'GUEST', 0, 4, 'Please register for Summer & Fall 2014 Courses');
insert into announcements (announcement_id, registration_type, concentration_id, course_term_id, announcement) values (2, 'GUEST', 0, 4, 'Info session on June 11');
insert into announcements (announcement_id, registration_type, concentration_id, course_term_id, announcement) values (3, 'GUEST', 0, 4, 'Free online courses open to the public');
insert into announcements (announcement_id, registration_type, concentration_id, course_term_id, announcement) values (4, 'PRE-ADMISSION', 0, 4, 'Please register for Summer & Fall 2014 Courses');
insert into announcements (announcement_id, registration_type, concentration_id, course_term_id, announcement) values (5, 'PRE-ADMISSION', 0, 4, 'Info session on June 11');
insert into announcements (announcement_id, registration_type, concentration_id, course_term_id, announcement) values (6, 'PRE-ADMISSION', 0, 4, 'Free online courses open to the public');
insert into announcements (announcement_id, registration_type, concentration_id, course_term_id, announcement) values (7, 'PRE-ADMISSION', 0, 4, 'Evaluate your course');
insert into announcements (announcement_id, registration_type, concentration_id, course_term_id, announcement) values (8, 'PRE-ADMISSION', 1, 4, 'Pre-admission announcement for Software Engineering');
insert into announcements (announcement_id, registration_type, concentration_id, course_term_id, announcement) values (9, 'PRE-ADMISSION', 2, 4, 'Pre-admission announcement for Information Management Systems');
insert into announcements (announcement_id, registration_type, concentration_id, course_term_id, announcement) values (10, 'PRE-ADMISSION', 3, 4, 'Pre-admission announcement for Mathematics And Computation');
insert into announcements (announcement_id, registration_type, concentration_id, course_term_id, announcement) values (11, 'PRE-ADMISSION', 4, 4, 'Pre-admission announcement for Digital Media And Instructional Design');
insert into announcements (announcement_id, registration_type, concentration_id, course_term_id, announcement) values (12, 'DEGREE', 0, 4, 'Please register for Summer & Fall 2014 Courses');
insert into announcements (announcement_id, registration_type, concentration_id, course_term_id, announcement) values (13, 'DEGREE', 0, 4, 'Info session on June 11');
insert into announcements (announcement_id, registration_type, concentration_id, course_term_id, announcement) values (14, 'DEGREE', 0, 4, 'Free online courses open to the public');
insert into announcements (announcement_id, registration_type, concentration_id, course_term_id, announcement) values (15, 'DEGREE', 0, 4, 'Evaluate your course');
insert into announcements (announcement_id, registration_type, concentration_id, course_term_id, announcement) values (16, 'DEGREE', 0, 4, 'Commencement is nearing!');
insert into announcements (announcement_id, registration_type, concentration_id, course_term_id, announcement) values (17, 'DEGREE', 1, 4, 'Degree announcement for Software Engineering');
insert into announcements (announcement_id, registration_type, concentration_id, course_term_id, announcement) values (18, 'DEGREE', 2, 4, 'Degree announcement for Information Management Systems');
insert into announcements (announcement_id, registration_type, concentration_id, course_term_id, announcement) values (19, 'DEGREE', 3, 4, 'Degree announcement for Mathematics And Computation');
insert into announcements (announcement_id, registration_type, concentration_id, course_term_id, announcement) values (20, 'DEGREE', 4, 4, 'Degree announcement for Digital Media And Instructional Design');
CREATE TABLE category ( concentration_id int(10) unsigned NOT NULL, category_id int(10) unsigned NOT NULL, category_code varchar(10) NOT NULL, category_label varchar(64) NOT NULL, PRIMARY KEY (category_id) ) ENGINE=InnoDB DEFAULT CHARSET=latin1;
insert into category (concentration_id, category_id, category_code, category_label) values (1, 1, 'TMF', 'Theoretical/Mathematical Foundations');
insert into category (concentration_id, category_id, category_code, category_label) values (1, 2, 'DCOM', 'Data Communications');
insert into category (concentration_id, category_id, category_code, category_label) values (1, 3, 'DC', 'Distributed Computing');
insert into category (concentration_id, category_id, category_code, category_label) values (1, 4, 'SP', 'Systems Programming');
insert into category (concentration_id, category_id, category_code, category_label) values (1, 5, 'SD', 'Software Design');
insert into category (concentration_id, category_id, category_code, category_label) values (1, 6, 'WAD', 'Web Application Development');
insert into category (concentration_id, category_id, category_code, category_label) values (1, 7, 'CAP', 'Capstone');
insert into category (concentration_id, category_id, category_code, category_label) values (1, 8, 'E', 'Electives');
insert into category (concentration_id, category_id, category_code, category_label) values (1, 9, 'DSCI', 'IT Program Prof Certificate in Data Science');
insert into category (concentration_id, category_id, category_code, category_label) values (2, 10, 'WP', 'Web Principles');
insert into category (concentration_id, category_id, category_code, category_label) values (2, 11, 'DCOM', 'Data Communications');
insert into category (concentration_id, category_id, category_code, category_label) values (2, 12, 'DC', 'Distributed Computing');
insert into category (concentration_id, category_id, category_code, category_label) values (2, 13, 'SRM', 'Security And Risk Management');
insert into category (concentration_id, category_id, category_code, category_label) values (2, 14, 'DM', 'Database Management');
insert into category (concentration_id, category_id, category_code, category_label) values (2, 15, 'MGMT', 'Information Technology Management');
insert into category (concentration_id, category_id, category_code, category_label) values (2, 16, 'CAP', 'Capstone');
insert into category (concentration_id, category_id, category_code, category_label) values (2, 17, 'E', 'Electives');
insert into category (concentration_id, category_id, category_code, category_label) values (3, 18, 'AL', 'Algorithms');
insert into category (concentration_id, category_id, category_code, category_label) values (3, 19, 'P', 'Programming');
insert into category (concentration_id, category_id, category_code, category_label) values (3, 20, 'AC', 'Advanced Calculus');
insert into category (concentration_id, category_id, category_code, category_label) values (3, 21, 'LA', 'Linear Algebra');
insert into category (concentration_id, category_id, category_code, category_label) values (3, 22, 'TMF', 'Theoretical/Mathematical Foundations');
insert into category (concentration_id, category_id, category_code, category_label) values (3, 23, 'E', 'Electives');
insert into category (concentration_id, category_id, category_code, category_label) values (4, 24, 'CD', 'Computational Design');
insert into category (concentration_id, category_id, category_code, category_label) values (4, 25, 'DIGM', 'Digital Media');
insert into category (concentration_id, category_id, category_code, category_label) values (4, 26, 'EID', 'Education And Instructional Design');
insert into category (concentration_id, category_id, category_code, category_label) values (4, 27, 'WDD', 'Web Design And Application Development');
insert into category (concentration_id, category_id, category_code, category_label) values (4, 28, 'E', 'Electives');
insert into category (concentration_id, category_id, category_code, category_label) values (4, 29, 'DCAP', 'Digital Media Capstone');
CREATE TABLE category_req ( concentration_id int(10) unsigned NOT NULL, category_id int(10) unsigned NOT NULL, category_count int(10) unsigned NOT NULL, admission tinyint(1) NOT NULL, thesis tinyint(1) NOT NULL, capstone tinyint(1) NOT NULL ) ENGINE=InnoDB DEFAULT CHARSET=latin1;
insert into category_req (concentration_id, category_id, category_count, admission, thesis, capstone) values (1, 1, 1, true, true, false);
insert into category_req (concentration_id, category_id, category_count, admission, thesis, capstone) values (1, 2, 1, false, true, false);
insert into category_req (concentration_id, category_id, category_count, admission, thesis, capstone) values (1, 3, 1, false, true, false);
insert into category_req (concentration_id, category_id, category_count, admission, thesis, capstone) values (1, 4, 1, false, true, false);
insert into category_req (concentration_id, category_id, category_count, admission, thesis, capstone) values (1, 5, 1, false, true, false);
insert into category_req (concentration_id, category_id, category_count, admission, thesis, capstone) values (1, 6, 1, false, false, true);
insert into category_req (concentration_id, category_id, category_count, admission, thesis, capstone) values (1, 8, 4, false, true, false);
insert into category_req (concentration_id, category_id, category_count, admission, thesis, capstone) values (1, 8, 5, false, false, true);
insert into category_req (concentration_id, category_id, category_count, admission, thesis, capstone) values (1, 7, 1, false, false, true);
insert into category_req (concentration_id, category_id, category_count, admission, thesis, capstone) values (1, 9, 4, false, false, false);
insert into category_req (concentration_id, category_id, category_count, admission, thesis, capstone) values (2, 10, 1, false, true, false);
insert into category_req (concentration_id, category_id, category_count, admission, thesis, capstone) values (2, 11, 1, false, true, false);
insert into category_req (concentration_id, category_id, category_count, admission, thesis, capstone) values (2, 12, 1, false, true, false);
insert into category_req (concentration_id, category_id, category_count, admission, thesis, capstone) values (2, 13, 1, false, true, false);
insert into category_req (concentration_id, category_id, category_count, admission, thesis, capstone) values (2, 14, 1, false, true, false);
insert into category_req (concentration_id, category_id, category_count, admission, thesis, capstone) values (2, 15, 1, false, true, false);
insert into category_req (concentration_id, category_id, category_count, admission, thesis, capstone) values (2, 16, 1, false, false, true);
insert into category_req (concentration_id, category_id, category_count, admission, thesis, capstone) values (2, 17, 5, false, true, false);
insert into category_req (concentration_id, category_id, category_count, admission, thesis, capstone) values (3, 18, 1, false, true, false);
insert into category_req (concentration_id, category_id, category_count, admission, thesis, capstone) values (3, 19, 1, false, true, false);
insert into category_req (concentration_id, category_id, category_count, admission, thesis, capstone) values (3, 20, 1, false, true, false);
insert into category_req (concentration_id, category_id, category_count, admission, thesis, capstone) values (3, 21, 1, false, true, false);
insert into category_req (concentration_id, category_id, category_count, admission, thesis, capstone) values (3, 22, 1, false, true, false);
insert into category_req (concentration_id, category_id, category_count, admission, thesis, capstone) values (3, 23, 4, false, true, false);
insert into category_req (concentration_id, category_id, category_count, admission, thesis, capstone) values (4, 24, 1, true, true, false);
insert into category_req (concentration_id, category_id, category_count, admission, thesis, capstone) values (4, 25, 2, false, true, false);
insert into category_req (concentration_id, category_id, category_count, admission, thesis, capstone) values (4, 26, 1, false, true, false);
insert into category_req (concentration_id, category_id, category_count, admission, thesis, capstone) values (4, 27, 2, false, true, false);
insert into category_req (concentration_id, category_id, category_count, admission, thesis, capstone) values (4, 28, 3, false, true, false);
insert into category_req (concentration_id, category_id, category_count, admission, thesis, capstone) values (4, 29, 1, false, false, true);
CREATE TABLE concentration ( concentration_id int(10) unsigned NOT NULL, concentration_code varchar(10) NOT NULL, concentration_label varchar(64) NOT NULL, PRIMARY KEY (concentration_id) ) ENGINE=InnoDB DEFAULT CHARSET=latin1;
insert into concentration (concentration_id, concentration_code, concentration_label) values (0, 'NCC', 'No Concentration');
insert into concentration (concentration_id, concentration_code, concentration_label) values (1, 'SWE', 'Software Engineering');
insert into concentration (concentration_id, concentration_code, concentration_label) values (2, 'IMS', 'Information Management Systems');
insert into concentration (concentration_id, concentration_code, concentration_label) values (3, 'MAC', 'Mathematics And Computation');
insert into concentration (concentration_id, concentration_code, concentration_label) values (4, 'DGM', 'Digital Media And Instructional Design');
CREATE TABLE concentration_req ( concentration_id int(10) unsigned NOT NULL, num_courses int(10) unsigned NOT NULL, thesis tinyint(1) NOT NULL, capstone tinyint(1) NOT NULL ) ENGINE=InnoDB DEFAULT CHARSET=latin1;
insert into concentration_req (concentration_id, num_courses, thesis, capstone) values (1, 9, true, false);
insert into concentration_req (concentration_id, num_courses, thesis, capstone) values (1, 11, false, true);
insert into concentration_req (concentration_id, num_courses, thesis, capstone) values (2, 11, false, true);
insert into concentration_req (concentration_id, num_courses, thesis, capstone) values (3, 9, true, false);
insert into concentration_req (concentration_id, num_courses, thesis, capstone) values (4, 9, true, false);
insert into concentration_req (concentration_id, num_courses, thesis, capstone) values (4, 9, false, true);
CREATE TABLE course ( concentration_id int(10) unsigned NOT NULL, course_id int(10) unsigned NOT NULL, course_code varchar(64) NOT NULL, course_title varchar(255) NOT NULL, course_term_id int(10) unsigned NOT NULL, course_day set('MON','TUES','WED','THUR','FRI','SAT','SUN'), course_time varchar(64) NOT NULL, course_type varchar(64) NOT NULL, course_limit int(3) unsigned, instructor varchar(64) NOT NULL, location varchar(64), attributes set('TMF','DCOM','DC','SP','SD','WAD','WP','SRM','DM','MGMT','AL','P','AC','LA','CD','DIGM','EID','WDD','CAP','E','DSCI','DCAP') NOT NULL, PRIMARY KEY (course_id) ) ENGINE=InnoDB DEFAULT CHARSET=latin1;
insert into course (concentration_id, course_id, course_code, course_title, course_term_id, course_day, course_time, course_type, course_limit, instructor, location, attributes) values (1, 1, 'APMAE-207', 'Monte Carlo Methods for Inference and Data Analysis', 4, '', '', 'Online Only', 0, 'Pavlos Protopapas', '', 'E');
insert into course (concentration_id, course_id, course_code, course_title, course_term_id, course_day, course_time, course_type, course_limit, instructor, location, attributes) values (1, 2, 'CSCIE-8', 'Web GIS: Principles and Applications', 4, 'THUR', '7:40 - 9:40 pm', 'Web-Conference Course', 50, 'Pinde Fu', '', 'E');
insert into course (concentration_id, course_id, course_code, course_title, course_term_id, course_day, course_time, course_type, course_limit, instructor, location, attributes) values (1, 3, 'CSCIE-17', 'Medical Informatics', 4, 'THUR', '5:30 - 7:30 pm', 'Online Option', 0, 'Oleg Pianykh', '1 Story Street 307', 'E');
insert into course (concentration_id, course_id, course_code, course_title, course_term_id, course_day, course_time, course_type, course_limit, instructor, location, attributes) values (1, 4, 'CSCIE-20', 'Discrete Mathematics for Computer Science', 4, 'TUES', '9 - 11 pm', 'Web-Conference Course', 32, 'Harry R. Lewis & Deborah Abel', '', 'TMF,E');
insert into course (concentration_id, course_id, course_code, course_title, course_term_id, course_day, course_time, course_type, course_limit, instructor, location, attributes) values (1, 5, 'CSCIE-28', 'Unix/Linux Systems Programming', 4, 'TUES', '7:40 - 9:40 pm', 'Online Option', 0, 'Bruce Molay', '53 Church Street L01', 'SP,E');
insert into course (concentration_id, course_id, course_code, course_title, course_term_id, course_day, course_time, course_type, course_limit, instructor, location, attributes) values (1, 6, 'CSCIE-35', 'Essential Modern UI Windows 8.1 App Development and Cloud Computing', 4, 'WED', '7:40 - 9:40 pm', 'Online Option', 0, 'Joseph Ficara', '1 Story Street 303', 'E');
insert into course (concentration_id, course_id, course_code, course_title, course_term_id, course_day, course_time, course_type, course_limit, instructor, location, attributes) values (1, 7, 'CSCIE-40', 'Communication Protocols and Internet Architectures', 4, '', '', 'Online Only', 0, 'Leonard Evenchik', '', 'DCOM,E');
insert into course (concentration_id, course_id, course_code, course_title, course_term_id, course_day, course_time, course_type, course_limit, instructor, location, attributes) values (1, 8, 'CSCIE-42', 'Internet Voice Video and Telepresence', 4, 'MON', '5:30 - 7:30 pm', 'Online Option', 0, 'Leonard Evenchik', 'Maxwell-Dworkin G125', 'DCOM,E');
insert into course (concentration_id, course_id, course_code, course_title, course_term_id, course_day, course_time, course_type, course_limit, instructor, location, attributes) values (1, 9, 'CSCIE-45B', 'Working in and Running the Cyberworld', 4, 'FRI', '5:30 - 7:30 pm', 'Online Option', 0, 'Scott Bradner & Benoit Gaucherin', 'Maxwell-Dworkin G125', 'DCOM,E');
insert into course (concentration_id, course_id, course_code, course_title, course_term_id, course_day, course_time, course_type, course_limit, instructor, location, attributes) values (1, 10, 'CSCIE-51', 'Abstraction and Design in Computation', 4, '', '', 'Online Only', 0, 'Henry H. Leitner & Jesse Tov', '', 'TMF,E');
insert into course (concentration_id, course_id, course_code, course_title, course_term_id, course_day, course_time, course_type, course_limit, instructor, location, attributes) values (1, 11, 'CSCIE-55', 'Java for Distributed Computing', 4, '', '', 'Online Only', 0, 'Charles M. Sawyer Jr.', '', 'DC,E');
insert into course (concentration_id, course_id, course_code, course_title, course_term_id, course_day, course_time, course_type, course_limit, instructor, location, attributes) values (1, 12, 'CSCIE-58', 'Bioinformatics Algorithms', 4, 'WED', '7:40 - 9:40 pm', 'On Campus Only', 0, 'Jeff Parker', 'Harvard Hall 103', 'E');
insert into course (concentration_id, course_id, course_code, course_title, course_term_id, course_day, course_time, course_type, course_limit, instructor, location, attributes) values (1, 13, 'CSCIE-63', 'Big Data Analytics', 4, 'FRI', '5:30 - 7:30 pm', 'Online Option', 0, 'Zoran B. Djordjevic', '1 Story Street 306', 'E');
insert into course (concentration_id, course_id, course_code, course_title, course_term_id, course_day, course_time, course_type, course_limit, instructor, location, attributes) values (1, 14, 'CSCIE-66', 'Database and Information Management Systems', 4, 'WED', '7:40 - 9:40 pm', 'Online Option', 0, 'David G. Sullivan', '1 Story Street 306', 'E');
insert into course (concentration_id, course_id, course_code, course_title, course_term_id, course_day, course_time, course_type, course_limit, instructor, location, attributes) values (1, 15, 'CSCIE-92', 'Principles of Operating Systems', 4, 'TUES', '7:40 - 9:40 pm', 'On Campus Only', 0, 'James L. Frankel', 'Science Center 109', 'SP,E');
insert into course (concentration_id, course_id, course_code, course_title, course_term_id, course_day, course_time, course_type, course_limit, instructor, location, attributes) values (1, 16, 'CSCIE-124', 'Data Structures and Algorithms', 4, '', '', 'Online Only', 0, 'Michael Mitzenmacher', '', 'TMF,E');
insert into course (concentration_id, course_id, course_code, course_title, course_term_id, course_day, course_time, course_type, course_limit, instructor, location, attributes) values (1, 17, 'CSCIE-152', 'Programming Languages', 4, '', '', 'Online Only', 0, 'Stephen Chong', '', 'TMF,E');
insert into course (concentration_id, course_id, course_code, course_title, course_term_id, course_day, course_time, course_type, course_limit, instructor, location, attributes) values (1, 18, 'CSCIE-171', 'Visualization', 4, '', '', 'Online Only', 0, 'Hanspeter Pfister', '', 'E');
insert into course (concentration_id, course_id, course_code, course_title, course_term_id, course_day, course_time, course_type, course_limit, instructor, location, attributes) values (1, 19, 'CSCIE-181', 'Machine Learning', 4, '', '', 'Online Only', 0, 'Ryan Adams', '', 'TMF,E');
insert into course (concentration_id, course_id, course_code, course_title, course_term_id, course_day, course_time, course_type, course_limit, instructor, location, attributes) values (1, 20, 'CSCIE-186', 'Economics and Computation', 4, '', '', 'Online Only', 0, 'David C. Parkes', '', 'TMF,E');
insert into course (concentration_id, course_id, course_code, course_title, course_term_id, course_day, course_time, course_type, course_limit, instructor, location, attributes) values (1, 21, 'DGMDE-25', 'Introduction to Web Content Management Systems Site Development', 4, '', '', 'Online Only', 0, 'Jennifer A. Kramer', '', 'WAD,E');
insert into course (concentration_id, course_id, course_code, course_title, course_term_id, course_day, course_time, course_type, course_limit, instructor, location, attributes) values (1, 22, 'ENSCE-105', 'Engineering Innovation with Information Technology', 4, 'TUES', '7:40 - 9:40 pm', 'Online Option', 0, 'Wego Wang', 'Byerly Hall 013', 'E');
insert into course (concentration_id, course_id, course_code, course_title, course_term_id, course_day, course_time, course_type, course_limit, instructor, location, attributes) values (1, 23, 'ENSCE-123', 'Laboratory Electronics: Digital Circuit Design', 4, 'THUR', '6 - 9 pm', 'On Campus Only', 22, 'Thomas C. Hayes', 'Science Center 206', 'E');
insert into course (concentration_id, course_id, course_code, course_title, course_term_id, course_day, course_time, course_type, course_limit, instructor, location, attributes) values (1, 24, 'ENSCE-155', 'Fundamentals and Applications of Microfluidics', 4, 'TUES', '5:30 - 7:30 pm', 'Online Option', 0, 'Anas Chalah & Fawwaz Habbal', 'Maxwell-Dworkin G135', 'E');
insert into course (concentration_id, course_id, course_code, course_title, course_term_id, course_day, course_time, course_type, course_limit, instructor, location, attributes) values (1, 25, 'ISMTE-155', 'Geographic Communication Today', 4, 'MON', '5:30 - 7:30 pm', 'On Campus Only', 30, 'Jeff Blossom', '53 Church Street 201', 'E');
insert into course (concentration_id, course_id, course_code, course_title, course_term_id, course_day, course_time, course_type, course_limit, instructor, location, attributes) values (1, 26, 'MATHE-23B', 'Linear Algebra and Real Analysis II', 4, 'TUES,THUR', '2:30 - 4 pm', 'On Campus Only', 0, 'Paul G. Bamberg', 'Room to be announced', 'E');
insert into course (concentration_id, course_id, course_code, course_title, course_term_id, course_day, course_time, course_type, course_limit, instructor, location, attributes) values (1, 27, 'MATHE-155R', 'Combinatorics', 4, 'TUES,THUR', '11:30 am - 1 pm', 'On Campus Only', 0, 'Sukhada Fadnavis', 'Room to be announced', 'E');
insert into course (concentration_id, course_id, course_code, course_title, course_term_id, course_day, course_time, course_type, course_limit, instructor, location, attributes) values (1, 28, 'MATHE-156', 'Mathematical Foundations of Statistical Software', 4, 'WED', '7:40 - 9:40 pm', 'On Campus Only', 0, 'Paul G. Bamberg', 'Science Center 112', 'E');
insert into course (concentration_id, course_id, course_code, course_title, course_term_id, course_day, course_time, course_type, course_limit, instructor, location, attributes) values (1, 29, 'MATHE-210', 'Vector Space Methods for Differential Equations', 4, 'TUES,THUR', '11:30 am - 1 pm', 'On Campus Only', 0, 'Paul G. Bamberg', 'Room to be announced', 'E');
insert into course (concentration_id, course_id, course_code, course_title, course_term_id, course_day, course_time, course_type, course_limit, instructor, location, attributes) values (1, 30, 'CSCIE-15', 'Dynamic Web Applications', 2, 'WED', '5:30 - 7:30 pm', 'Online Option', 0, 'Susan Buck', 'Maxwell-Dworkin G115', 'WAD,E');
insert into course (concentration_id, course_id, course_code, course_title, course_term_id, course_day, course_time, course_type, course_limit, instructor, location, attributes) values (1, 31, 'CSCIE-18', 'Web Development Using XML', 2, 'MON', '7:40 - 9:40 pm', 'Online Option', 0, 'David P. Heitmeyer', '1 Story Street 304', 'WAD,E');
insert into course (concentration_id, course_id, course_code, course_title, course_term_id, course_day, course_time, course_type, course_limit, instructor, location, attributes) values (1, 32, 'CSCIE-26', 'Introduction to C Unix/Linux Programming and Web Interfaces', 2, 'WED', '7:40 - 9:40 pm', 'On Campus Only', 0, 'Bruce Molay', 'Science Center B-10', 'E');
insert into course (concentration_id, course_id, course_code, course_title, course_term_id, course_day, course_time, course_type, course_limit, instructor, location, attributes) values (1, 33, 'CSCIE-33', 'Programming Microsoft .NET', 2, 'MON', '7:40 - 9:40 pm', 'Online Option', 0, 'David S. Platt', '1 Story Street 307', 'E');
insert into course (concentration_id, course_id, course_code, course_title, course_term_id, course_day, course_time, course_type, course_limit, instructor, location, attributes) values (1, 34, 'CSCIE-40', 'Communication Protocols and Internet Architectures', 2, 'MON', '5:30 - 7:30 pm', 'Online Option', 0, 'Leonard Evenchik', '53 Church Street L01', 'DCOM,E');
insert into course (concentration_id, course_id, course_code, course_title, course_term_id, course_day, course_time, course_type, course_limit, instructor, location, attributes) values (1, 35, 'CSCIE-45A', 'Understanding and Securing the Cyber Infrastructure', 2, 'FRI', '5:30 - 7:30 pm', 'Online Option', 0, 'Scott Bradner & Benoit Gaucherin', 'Maxwell-Dworkin G125', 'DCOM,E');
insert into course (concentration_id, course_id, course_code, course_title, course_term_id, course_day, course_time, course_type, course_limit, instructor, location, attributes) values (1, 36, 'CSCIE-55', 'Java for Distributed Computing', 2, 'WED', '7:40 - 9:40 pm', 'Online Option', 0, 'Charles M. Sawyer Jr.', 'Byerly Hall 013', 'DC,E');
insert into course (concentration_id, course_id, course_code, course_title, course_term_id, course_day, course_time, course_type, course_limit, instructor, location, attributes) values (1, 37, 'CSCIE-56', 'Web Application Development with Groovy and Grails', 2, 'FRI', '5:30 - 7:30 pm', 'Online Option', 0, 'Burt Beckwith', '53 Church Street L01', 'WAD,E');
insert into course (concentration_id, course_id, course_code, course_title, course_term_id, course_day, course_time, course_type, course_limit, instructor, location, attributes) values (1, 38, 'CSCIE-60', 'Developing Web-Based Database Applications', 2, 'MON', '5:30 - 7:30 pm', 'Online Option', 0, 'Maria R. Garcia', '1 Story Street 303', 'WAD,E');
insert into course (concentration_id, course_id, course_code, course_title, course_term_id, course_day, course_time, course_type, course_limit, instructor, location, attributes) values (1, 39, 'CSCIE-61', 'Systems Programming and Machine Organization', 2, '', '', 'Online Only', 0, 'Eddie Kohler', '', 'SP,E');
insert into course (concentration_id, course_id, course_code, course_title, course_term_id, course_day, course_time, course_type, course_limit, instructor, location, attributes) values (1, 40, 'CSCIE-62', 'Modern Mobile Development', 2, 'TUES', '5:30 - 7:30 pm', 'On Campus Only', 30, 'Edwin Guarin & Robert Familiar', '53 Church Street 203', 'WAD,E');
insert into course (concentration_id, course_id, course_code, course_title, course_term_id, course_day, course_time, course_type, course_limit, instructor, location, attributes) values (1, 41, 'CSCIE-65', 'Building Mobile Apps: A Comparative View of Mobile Application Development', 2, 'FRI', '5:30 - 7:30 pm', 'Online Option', 120, 'Jonathan Levin', 'Maxwell-Dworkin G115', 'WAD,E');
insert into course (concentration_id, course_id, course_code, course_title, course_term_id, course_day, course_time, course_type, course_limit, instructor, location, attributes) values (1, 42, 'CSCIE-72', 'Introduction to Computer Graphics', 2, 'TUES', '5:30 - 7:30 pm', 'Online Option', 0, 'Jeff Parker', '1 Story Street 303', 'E');
insert into course (concentration_id, course_id, course_code, course_title, course_term_id, course_day, course_time, course_type, course_limit, instructor, location, attributes) values (1, 43, 'CSCIE-80', 'Artificial Intelligence', 2, 'THUR', '5:30 - 7:30 pm', 'On Campus Only', 0, 'Eric Breck', 'Northwest Science Building B108', 'E');
insert into course (concentration_id, course_id, course_code, course_title, course_term_id, course_day, course_time, course_type, course_limit, instructor, location, attributes) values (1, 44, 'CSCIE-90', 'Cloud Computing', 2, 'FRI', '5:30 - 7:30 pm', 'Online Option', 0, 'Zoran B. Djordjevic', '1 Story Street 306', 'DC,E');
insert into course (concentration_id, course_id, course_code, course_title, course_term_id, course_day, course_time, course_type, course_limit, instructor, location, attributes) values (1, 45, 'CSCIE-95', 'Compiler Design and Implementation', 2, 'TUES', '7:40 - 9:40 pm', 'On Campus Only', 0, 'James L. Frankel', 'Science Center 109', 'TMF,E');
insert into course (concentration_id, course_id, course_code, course_title, course_term_id, course_day, course_time, course_type, course_limit, instructor, location, attributes) values (1, 46, 'CSCIE-97', 'Software Design: Principles Models and Patterns', 2, 'THUR', '7:40 - 9:40 pm', 'Online Option', 0, 'Eric Gieseke', '1 Story Street 304', 'SD,E');
insert into course (concentration_id, course_id, course_code, course_title, course_term_id, course_day, course_time, course_type, course_limit, instructor, location, attributes) values (1, 47, 'CSCIE-109', 'Data Science', 2, '', '', 'Online Only', 60, 'Hanspeter Pfister & Joseph K. Blitzstein', '', 'TMF,E');
insert into course (concentration_id, course_id, course_code, course_title, course_term_id, course_day, course_time, course_type, course_limit, instructor, location, attributes) values (1, 48, 'CSCIE-121', 'Introduction to the Theory of Computation', 2, '', '', 'Online Only', 0, 'Harry R. Lewis', '', 'TMF,E');
insert into course (concentration_id, course_id, course_code, course_title, course_term_id, course_day, course_time, course_type, course_limit, instructor, location, attributes) values (1, 49, 'CSCIE-127', 'Introduction to Cryptography', 2, '', '', 'Online Only', 0, 'Salil P. Vadhan', '', 'TMF,E');
insert into course (concentration_id, course_id, course_code, course_title, course_term_id, course_day, course_time, course_type, course_limit, instructor, location, attributes) values (1, 50, 'CSCIE-205', 'Computing Foundations for Computational Science', 2, '', '', 'Online Only', 0, 'Cristopher Cecka', '', 'E');
insert into course (concentration_id, course_id, course_code, course_title, course_term_id, course_day, course_time, course_type, course_limit, instructor, location, attributes) values (1, 51, 'ENSCE-130', 'Introduction to MEMS with BioMEMS', 2, 'TUES', '5:30 - 7:30 pm', 'Online Option', 0, 'Fawwaz Habbal', 'Pierce Hall 301', 'E');
insert into course (concentration_id, course_id, course_code, course_title, course_term_id, course_day, course_time, course_type, course_limit, instructor, location, attributes) values (1, 52, 'ENSCE-150', 'Introduction to Nanobiotechnology: Concepts and Applications', 2, 'TUES', '5:30 - 7:30 pm', 'Online Option', 0, 'Anas Chalah', 'Pierce Hall 209', 'E');
insert into course (concentration_id, course_id, course_code, course_title, course_term_id, course_day, course_time, course_type, course_limit, instructor, location, attributes) values (1, 53, 'MATHE-23A', 'Linear Algebra and Real Analysis I', 2, 'TUES,THUR', '2:30 - 4 pm', 'On Campus Only', 0, 'Paul G. Bamberg', 'Science Center Hall A', 'E');
insert into course (concentration_id, course_id, course_code, course_title, course_term_id, course_day, course_time, course_type, course_limit, instructor, location, attributes) values (1, 54, 'MATHE-154', 'Probability Theory', 2, 'MON,WED,FRI', '12 - 1 pm', 'On Campus Only', 0, 'Clifford Taubes', 'Science Center 507', 'E');
insert into course (concentration_id, course_id, course_code, course_title, course_term_id, course_day, course_time, course_type, course_limit, instructor, location, attributes) values (1, 55, 'APMAS-111', 'Introduction to Scientific Computing', 1, 'MON,WED', '8:30 am - 11:30 am', 'On Campus Only', 0, 'Marie Dahleh', 'Science Center B-09', 'TMF,E');
insert into course (concentration_id, course_id, course_code, course_title, course_term_id, course_day, course_time, course_type, course_limit, instructor, location, attributes) values (1, 56, 'CSCIS-76', 'Building Mobile Applications', 1, 'MON,WED', '6:30 - 9:30 pm', 'On Campus Only', 30, 'David J. Malan', 'Northwest Science Building B101', 'WAD,E');
insert into course (concentration_id, course_id, course_code, course_title, course_term_id, course_day, course_time, course_type, course_limit, instructor, location, attributes) values (1, 57, 'CSCIS-131B', 'Communication Protocols and Internet Architectures', 1, '', '', 'Online Only', 0, 'Leonard Evenchik', '', 'DCOM,E');
insert into course (concentration_id, course_id, course_code, course_title, course_term_id, course_day, course_time, course_type, course_limit, instructor, location, attributes) values (1, 58, 'ENSCS-157', 'Introduction to Fabrication of Microfluidic Devices', 1, 'TUES,THUR', '6:30 - 9:30 pm', 'On Campus Only', 15, 'Turgut Fettah Kosar', 'LISE 303', 'E');
insert into course (concentration_id, course_id, course_code, course_title, course_term_id, course_day, course_time, course_type, course_limit, instructor, location, attributes) values (1, 59, 'ISMTS-170', 'Human Factors in Information Systems Design', 1, 'TUES,THUR', '6:30 - 9:30 pm', 'On Campus Only', 50, 'Dennis F. Galletta', 'Northwest Science Building B108', 'E');
insert into course (concentration_id, course_id, course_code, course_title, course_term_id, course_day, course_time, course_type, course_limit, instructor, location, attributes) values (1, 60, 'MATHS-19A', 'Modeling and Differential Equations for the Life Sciences', 1, 'MON,WED,FRI', '12:30 - 2:30 pm', 'On Campus Only', 0, 'John Thomas Hall', 'Science Center 411', 'TMF,E');
insert into course (concentration_id, course_id, course_code, course_title, course_term_id, course_day, course_time, course_type, course_limit, instructor, location, attributes) values (1, 61, 'PHILS-140', 'Deductive Logic', 1, 'MON,WED', '8:30 am - 11:30 am', 'On Campus Only', 0, 'James Pearson', 'Lamont Library 240', 'E');
insert into course (concentration_id, course_id, course_code, course_title, course_term_id, course_day, course_time, course_type, course_limit, instructor, location, attributes) values (1, 62, 'PHYSS-123', 'Laboratory Electronics: Analog and Digital Circuit Design', 1, 'MON,WED,THUR', '9 am - 1 pm', 'On Campus Only', 20, 'David Eric Abrams', 'Science Center 206', 'E');
insert into course (concentration_id, course_id, course_code, course_title, course_term_id, course_day, course_time, course_type, course_limit, instructor, location, attributes) values (1, 63, 'CSCIE-15', 'Dynamic Web Applications', 6, 'THUR', '5:30 - 7:30 pm', 'Online Option', 0, 'Susan Buck', 'Maxwell-Dworkin G115', 'WAD,E');
insert into course (concentration_id, course_id, course_code, course_title, course_term_id, course_day, course_time, course_type, course_limit, instructor, location, attributes) values (1, 64, 'CSCIE-18', 'Web Development Using XML', 6, 'MON', '7:40 - 9:40 pm', 'Online Option', 0, 'David P. Heitmeyer', 'One Brattle Square 202', 'WAD,E');
insert into course (concentration_id, course_id, course_code, course_title, course_term_id, course_day, course_time, course_type, course_limit, instructor, location, attributes) values (1, 65, 'CSCIE-24', 'Numerical Analysis', 6, 'WED', '7:40 - 9:40 pm', 'Online Option', 0, 'Jeff Parker', '1 Story Street 304', 'TMF,E');
insert into course (concentration_id, course_id, course_code, course_title, course_term_id, course_day, course_time, course_type, course_limit, instructor, location, attributes) values (1, 66, 'CSCIE-26', 'Introduction to C Unix/Linux Programming and Web Interfaces', 6, 'WED', '7:40 - 9:40 pm', 'On Campus Only', 0, 'Bruce Molay', 'Science Center B-10', 'E');
insert into course (concentration_id, course_id, course_code, course_title, course_term_id, course_day, course_time, course_type, course_limit, instructor, location, attributes) values (1, 67, 'CSCIE-33', 'Programming Microsoft .NET', 6, 'TUES', '7:40 - 9:40 pm', 'Online Option', 0, 'David S. Platt', '53 Church Street L01', 'E');
insert into course (concentration_id, course_id, course_code, course_title, course_term_id, course_day, course_time, course_type, course_limit, instructor, location, attributes) values (1, 68, 'CSCIE-34', 'User Experience Engineering', 6, 'MON', '7:40 - 9:40 pm', 'Online Option', 0, 'David S. Platt', 'Maxwell-Dworkin G125', 'E');
insert into course (concentration_id, course_id, course_code, course_title, course_term_id, course_day, course_time, course_type, course_limit, instructor, location, attributes) values (1, 69, 'CSCIE-40', 'Communication Protocols and Internet Architectures', 6, 'MON', '5:30 - 7:30 pm', 'Online Option', 0, 'Leonard Evenchik', '53 Church Street L01', 'DCOM,E');
insert into course (concentration_id, course_id, course_code, course_title, course_term_id, course_day, course_time, course_type, course_limit, instructor, location, attributes) values (1, 70, 'CSCIE-45A', 'The Cyber World: Hardware Software Networks Security and Management', 6, 'FRI', '5:30 - 7:30 pm', 'Online Option', 0, 'Scott Bradner & Benoit Gaucherin', 'Maxwell-Dworkin G125', 'DCOM,E');
insert into course (concentration_id, course_id, course_code, course_title, course_term_id, course_day, course_time, course_type, course_limit, instructor, location, attributes) values (1, 71, 'CSCIE-55', 'Java for Distributed Computing', 6, 'WED', '7:40 - 9:40 pm', 'Online Option', 0, 'Charles M. Sawyer Jr.', 'Byerly Hall 013', 'DC,E');
insert into course (concentration_id, course_id, course_code, course_title, course_term_id, course_day, course_time, course_type, course_limit, instructor, location, attributes) values (1, 72, 'CSCIE-56', 'Web Application Development with Groovy and Grails', 6, 'WED', '5:30 - 7:30 pm', 'Online Option', 0, 'Burt Beckwith', '53 Church Street L01', 'WAD,E');
insert into course (concentration_id, course_id, course_code, course_title, course_term_id, course_day, course_time, course_type, course_limit, instructor, location, attributes) values (1, 73, 'CSCIE-60', 'Developing Web-Based Database Applications', 6, 'WED', '5:30 - 7:30 pm', 'Online Option', 0, 'Maria R. Garcia Altobello', 'Byerly Hall 013', 'WAD,E');
insert into course (concentration_id, course_id, course_code, course_title, course_term_id, course_day, course_time, course_type, course_limit, instructor, location, attributes) values (1, 74, 'CSCIE-61', 'Systems Programming and Machine Organization', 6, '', '', 'Online Only', 0, 'Eddie Kohler', '', 'SP,E');
insert into course (concentration_id, course_id, course_code, course_title, course_term_id, course_day, course_time, course_type, course_limit, instructor, location, attributes) values (1, 75, 'CSCIE-90', 'Cloud Computing', 6, 'FRI', '5:30 - 7:30 pm', 'Online Option', 0, 'Zoran B. Djordjevic', '1 Story Street 306', 'DC,E');
insert into course (concentration_id, course_id, course_code, course_title, course_term_id, course_day, course_time, course_type, course_limit, instructor, location, attributes) values (1, 76, 'CSCIE-93', 'Computer Architecture', 6, 'TUES', '7:40 - 9:40 pm', 'Online Option', 40, 'James L. Frankel', '1 Story Street 302', 'TMF,E');
insert into course (concentration_id, course_id, course_code, course_title, course_term_id, course_day, course_time, course_type, course_limit, instructor, location, attributes) values (1, 77, 'CSCIE-97', 'Software Design: Principles Models and Patterns', 6, 'THUR', '7:40 - 9:40 pm', 'Online Option', 0, 'Eric Gieseke', '1 Story Street 304', 'SD,E');
insert into course (concentration_id, course_id, course_code, course_title, course_term_id, course_day, course_time, course_type, course_limit, instructor, location, attributes) values (1, 78, 'CSCIE-98', 'Managed Environments for the Execution of Programs', 6, 'MON', '5:30 - 7:30 pm', 'Online Option', 0, 'Philip McGachey', '1 Story Street 304', 'SD,E');
insert into course (concentration_id, course_id, course_code, course_title, course_term_id, course_day, course_time, course_type, course_limit, instructor, location, attributes) values (1, 79, 'CSCIE-109', 'Data Science', 6, '', '', 'Online Only', 60, 'Rafael Irizarry & Verena S Kaynig-Fittkau', '', 'TMF,E,DSCI');
insert into course (concentration_id, course_id, course_code, course_title, course_term_id, course_day, course_time, course_type, course_limit, instructor, location, attributes) values (1, 80, 'CSCIE-121', 'Introduction to the Theory of Computation', 6, '', '', 'Online Only', 0, 'Harry R. Lewis', '', 'TMF,E');
insert into course (concentration_id, course_id, course_code, course_title, course_term_id, course_day, course_time, course_type, course_limit, instructor, location, attributes) values (1, 81, 'CSCIE-207', 'Systems Development for Computational Science', 6, '', '', 'Online Only', 0, 'Cristopher Cecka & Thouis Ray Jones', '', 'SP,E,DSCI');
insert into course (concentration_id, course_id, course_code, course_title, course_term_id, course_day, course_time, course_type, course_limit, instructor, location, attributes) values (1, 82, 'ENSCE-130', 'Introduction to MEMS with BioMEMS', 6, 'TUES', '5:30 - 7:30 pm', 'Online Option', 0, 'Fawwaz Habbal', 'Maxwell-Dworkin G125', 'E');
insert into course (concentration_id, course_id, course_code, course_title, course_term_id, course_day, course_time, course_type, course_limit, instructor, location, attributes) values (1, 83, 'ENSCE-150', 'Introduction to Nanobiotechnology: Concepts and Applications', 6, 'MON', '5:30 - 7:30 pm', 'Online Option', 0, 'Anas Chalah', 'Pierce Hall 209', 'E');
insert into course (concentration_id, course_id, course_code, course_title, course_term_id, course_day, course_time, course_type, course_limit, instructor, location, attributes) values (1, 84, 'MATHE-23A', 'Linear Algebra and Real Analysis I', 6, 'TUES,THUR', '2:30 - 4 pm', 'On Campus Only', 0, 'Paul G. Bamberg', '', 'E');
insert into course (concentration_id, course_id, course_code, course_title, course_term_id, course_day, course_time, course_type, course_limit, instructor, location, attributes) values (1, 85, 'MATHE-156', 'Mathematical Foundations of Statistical Software', 6, 'MON', '2 - 4:30 pm', 'On Campus Only', 0, 'Paul G. Bamberg', '', 'TMF,E,DSCI');
insert into course (concentration_id, course_id, course_code, course_title, course_term_id, course_day, course_time, course_type, course_limit, instructor, location, attributes) values (1, 86, 'STATE-100', 'Introduction to Quantitative Methods for the Social Sciences and Humanities', 6, '', '', 'Online Only', 0, 'Luke Miratrix', '', 'E,DSCI');
insert into course (concentration_id, course_id, course_code, course_title, course_term_id, course_day, course_time, course_type, course_limit, instructor, location, attributes) values (1, 87, 'STATE-104', 'Introduction to Quantitative Methods for Economics and Other Quantitative Fields', 6, '', '', 'Online Only', 0, 'Michael I. Parzen', '', 'E,DSCI');
insert into course (concentration_id, course_id, course_code, course_title, course_term_id, course_day, course_time, course_type, course_limit, instructor, location, attributes) values (1, 88, 'STATE-150', 'Statistical Methods', 6, 'TUES', '7:40 - 9:40 pm', 'On Campus Only', 0, 'Jenny Gutbezahl', 'Harvard Hall 201', 'E,DSCI');
insert into course (concentration_id, course_id, course_code, course_title, course_term_id, course_day, course_time, course_type, course_limit, instructor, location, attributes) values (1, 89, 'DGMDE-27', 'Beyond the Basics of Front-End Web Design', 7, 'MON,TUES,WED,THUR', '9 am - 12 pm', 'On Campus Only', 30, 'Jennifer A. Kramer', '53 Church Street 104', 'WAD,E');
insert into course (concentration_id, course_id, course_code, course_title, course_term_id, course_day, course_time, course_type, course_limit, instructor, location, attributes) values (1, 90, 'APMAE-207', 'Monte Carlo Methods for Inference and Data Analysis', 8, '', '', 'Online Only', 0, 'Verena S Kaynig-Fittkau & Pavlos Protopapas', '', 'E,DSCI');
insert into course (concentration_id, course_id, course_code, course_title, course_term_id, course_day, course_time, course_type, course_limit, instructor, location, attributes) values (1, 91, 'CSCIE-8', 'Web GIS: Principles and Applications', 8, 'THUR', '7:40 - 9:40 pm', 'Web-Conference Course', 50, 'Pinde Fu', '', 'E');
insert into course (concentration_id, course_id, course_code, course_title, course_term_id, course_day, course_time, course_type, course_limit, instructor, location, attributes) values (1, 92, 'CSCIE-17', 'Medical Informatics', 8, 'THUR', '5:30 - 7:30 pm', 'Online Option', 0, 'Oleg Pianykh', '1 Story Street 307', 'E');
insert into course (concentration_id, course_id, course_code, course_title, course_term_id, course_day, course_time, course_type, course_limit, instructor, location, attributes) values (1, 93, 'CSCIE-20', 'Discrete Mathematics for Computer Science', 8, 'TUES', '9 - 11 pm', 'Web-Conference Course', 45, 'Harry R. Lewis & Deborah Abel', '', 'TMF,E');
insert into course (concentration_id, course_id, course_code, course_title, course_term_id, course_day, course_time, course_type, course_limit, instructor, location, attributes) values (1, 94, 'CSCIE-28', 'Unix/Linux Systems Programming', 8, 'TUES', '5:30 - 7:30 pm', 'Online Option', 0, 'Bruce Molay', '53 Church Street L01', 'SP,E');
insert into course (concentration_id, course_id, course_code, course_title, course_term_id, course_day, course_time, course_type, course_limit, instructor, location, attributes) values (1, 95, 'CSCIE-40', 'Communication Protocols and Internet Architectures', 8, '', '', 'Online Only', 0, 'Leonard Evenchik', '', 'DCOM,E');
insert into course (concentration_id, course_id, course_code, course_title, course_term_id, course_day, course_time, course_type, course_limit, instructor, location, attributes) values (1, 96, 'CSCIE-45B', 'The Cyber World: Governance Threats Conflict Privacy Identity and Commerce', 8, 'FRI', '5:30 - 7:30 pm', 'Online Option', 0, 'Scott Bradner & Benoit Gaucherin', 'Maxwell-Dworkin G125', 'DCOM,E');
insert into course (concentration_id, course_id, course_code, course_title, course_term_id, course_day, course_time, course_type, course_limit, instructor, location, attributes) values (1, 97, 'CSCIE-51', 'Abstraction and Design in Computation', 8, '', '', 'Online Only', 0, 'John Gregory Morrisett', '', 'TMF,E');
insert into course (concentration_id, course_id, course_code, course_title, course_term_id, course_day, course_time, course_type, course_limit, instructor, location, attributes) values (1, 98, 'CSCIE-54', 'Concurrent Programming in Scala', 8, 'MON', '7:40 - 9:40 pm', 'On Campus Only', 0, 'Nermin Serifovic & Morgan Creighton', 'Sever Hall 206', 'E');
insert into course (concentration_id, course_id, course_code, course_title, course_term_id, course_day, course_time, course_type, course_limit, instructor, location, attributes) values (1, 99, 'CSCIE-55', 'Java for Distributed Computing', 8, '', '', 'Online Only', 0, 'Charles M. Sawyer Jr.', '', 'DC,E');
insert into course (concentration_id, course_id, course_code, course_title, course_term_id, course_day, course_time, course_type, course_limit, instructor, location, attributes) values (1, 100, 'CSCIE-58', 'Bioinformatics Algorithms', 8, 'WED', '7:40 - 9:40 pm', 'Online Option', 0, 'Jeff Parker', '53 Church Street L01', 'E');
insert into course (concentration_id, course_id, course_code, course_title, course_term_id, course_day, course_time, course_type, course_limit, instructor, location, attributes) values (1, 101, 'CSCIE-63', 'Big Data Analytics', 8, 'FRI', '5:30 - 7:30 pm', 'Online Option', 0, 'Zoran B. Djordjevic', '1 Story Street 306', 'E,DSCI');
insert into course (concentration_id, course_id, course_code, course_title, course_term_id, course_day, course_time, course_type, course_limit, instructor, location, attributes) values (1, 102, 'CSCIE-64', 'Mobile and Cloud Computing', 8, 'THUR', '7:40 - 9:40 pm', 'Online Option', 0, 'Joseph Ficara', 'Maxwell-Dworkin G125', 'E');
insert into course (concentration_id, course_id, course_code, course_title, course_term_id, course_day, course_time, course_type, course_limit, instructor, location, attributes) values (1, 103, 'CSCIE-66', 'Database Systems', 8, 'WED', '7:40 - 9:40 pm', 'Online Option', 0, 'David G. Sullivan', '1 Story Street 306', 'E,DSCI');
insert into course (concentration_id, course_id, course_code, course_title, course_term_id, course_day, course_time, course_type, course_limit, instructor, location, attributes) values (1, 104, 'CSCIE-95', 'Compiler Design and Implementation', 8, 'TUES', '7:40 - 9:40 pm', 'Online Option', 40, 'James L. Frankel', '1 Story Street 307', 'TMF,E');
insert into course (concentration_id, course_id, course_code, course_title, course_term_id, course_day, course_time, course_type, course_limit, instructor, location, attributes) values (1, 105, 'CSCIE-124', 'Data Structures and Algorithms', 8, '', '', 'Online Only', 0, 'Jelani Nelson', '', 'TMF,E');
insert into course (concentration_id, course_id, course_code, course_title, course_term_id, course_day, course_time, course_type, course_limit, instructor, location, attributes) values (1, 106, 'CSCIE-152', 'Programming Languages', 8, '', '', 'Online Only', 0, 'Stephen Chong', '', 'TMF,E');
insert into course (concentration_id, course_id, course_code, course_title, course_term_id, course_day, course_time, course_type, course_limit, instructor, location, attributes) values (1, 107, 'CSCIE-171', 'Visualization', 8, '', '', 'Online Only', 0, 'Alexander Lex', '', 'E,DSCI');
insert into course (concentration_id, course_id, course_code, course_title, course_term_id, course_day, course_time, course_type, course_limit, instructor, location, attributes) values (1, 108, 'CSCIE-186', 'Economics and Computation', 8, '', '', 'Online Only', 0, 'David C. Parkes', '', 'TMF,E');
insert into course (concentration_id, course_id, course_code, course_title, course_term_id, course_day, course_time, course_type, course_limit, instructor, location, attributes) values (1, 109, 'DGMDE-25', 'Introduction to Web Content Management Systems Site Development', 8, '', '', 'Online Only', 0, 'Jennifer A. Kramer', '', 'WAD,E');
insert into course (concentration_id, course_id, course_code, course_title, course_term_id, course_day, course_time, course_type, course_limit, instructor, location, attributes) values (1, 110, 'ENSCE-105', 'Engineering Innovation with Information Technology', 8, 'WED', '7:40 - 9:40 pm', 'Web-Conference Course', 40, 'Wego Wang', '', 'E');
insert into course (concentration_id, course_id, course_code, course_title, course_term_id, course_day, course_time, course_type, course_limit, instructor, location, attributes) values (1, 111, 'ENSCE-123', 'Laboratory Electronics: Digital Circuit Design', 8, 'THUR', '6 - 9:30 pm', 'On Campus Only', 22, 'Thomas C. Hayes', 'Science Center 206', 'E');
insert into course (concentration_id, course_id, course_code, course_title, course_term_id, course_day, course_time, course_type, course_limit, instructor, location, attributes) values (1, 112, 'ENSCE-155', 'Fundamentals and Applications of Microfluidics', 8, 'TUES', '5:30 - 7:30 pm', 'Online Option', 0, 'Fawwaz Habbal & Anas Chalah', 'Pierce Hall 209', 'E');
insert into course (concentration_id, course_id, course_code, course_title, course_term_id, course_day, course_time, course_type, course_limit, instructor, location, attributes) values (1, 113, 'ISMTE-155', 'Geographic Communication Today', 8, 'MON', '5:30 - 7:30 pm', 'Web-Conference Course', 30, 'Jeff Blossom', '', 'E');
insert into course (concentration_id, course_id, course_code, course_title, course_term_id, course_day, course_time, course_type, course_limit, instructor, location, attributes) values (1, 114, 'ISMTE-170', 'Human Factors in Information Systems Design', 8, 'MON', '7:40 - 9:40 pm', 'Web-Conference Course', 35, 'Dennis F. Galletta', '', 'E');
insert into course (concentration_id, course_id, course_code, course_title, course_term_id, course_day, course_time, course_type, course_limit, instructor, location, attributes) values (1, 115, 'MATHE-23B', 'Linear Algebra and Real Analysis II', 8, 'TUES,THUR', '2:30 - 4 pm', 'On Campus Only', 0, 'Paul G. Bamberg', '', 'E');
insert into course (concentration_id, course_id, course_code, course_title, course_term_id, course_day, course_time, course_type, course_limit, instructor, location, attributes) values (1, 116, 'MATHE-155R', 'Combinatorics', 8, 'TUES,THUR', '1 - 2:30 pm', 'On Campus Only', 0, 'Sukhada Fadnavis', 'Science Center', 'E');
insert into course (concentration_id, course_id, course_code, course_title, course_term_id, course_day, course_time, course_type, course_limit, instructor, location, attributes) values (1, 117, 'MATHE-210', 'Vector Space Methods for Differential Equations', 8, 'MON,WED', '2 - 3:30 pm', 'On Campus Only', 0, 'Paul G. Bamberg', '', 'E');
insert into course (concentration_id, course_id, course_code, course_title, course_term_id, course_day, course_time, course_type, course_limit, instructor, location, attributes) values (1, 118, 'MGMTE-5070', 'Data Mining and Forecast Management', 8, 'TUES', '7:40 - 9:40 pm', 'On Campus Only', 35, 'Philip Anthony Vaccaro', 'Emerson Hall 104', 'E,DSCI');
insert into course (concentration_id, course_id, course_code, course_title, course_term_id, course_day, course_time, course_type, course_limit, instructor, location, attributes) values (1, 119, 'STATE-101', 'Introduction to Statistics for the Behavioral Sciences', 8, '', '', 'Online Only', 0, 'Max Krasnow', '', 'E,DSCI');
insert into course (concentration_id, course_id, course_code, course_title, course_term_id, course_day, course_time, course_type, course_limit, instructor, location, attributes) values (1, 120, 'STATE-102', 'Fundamentals of Biostatistics', 8, 'TUES', '5:30 - 7:30 pm', 'On Campus Only', 0, 'Bernard A. Rosner', 'Sever Hall 113', 'E,DSCI');
insert into course (concentration_id, course_id, course_code, course_title, course_term_id, course_day, course_time, course_type, course_limit, instructor, location, attributes) values (1, 121, 'STATE-150', 'Statistical Methods', 8, 'WED', '5:30 - 7:30 pm', 'Online Option', 0, 'Stephanie McMains', 'Science Center Hall A', 'E,DSCI');
insert into course (concentration_id, course_id, course_code, course_title, course_term_id, course_day, course_time, course_type, course_limit, instructor, location, attributes) values (1, 122, 'CSCIS-15', 'Dynamic Web Applications', 5, 'TUES,THUR', '6:30 - 9:30 pm', 'On Campus Only', 0, 'Susan Buck', 'Northwest Science Building B103', 'WAD,E');
insert into course (concentration_id, course_id, course_code, course_title, course_term_id, course_day, course_time, course_type, course_limit, instructor, location, attributes) values (1, 123, 'CSCIS-40', 'Communication Protocols and Internet Architectures', 5, '', '', 'Online Only', 0, 'Leonard Evenchik', '', 'DCOM,E');
insert into course (concentration_id, course_id, course_code, course_title, course_term_id, course_day, course_time, course_type, course_limit, instructor, location, attributes) values (1, 124, 'ENSCS-157', 'Introduction to Fabrication of Microfluidic Devices', 5, 'MON,WED', '6:30 - 9:30 pm', 'On Campus Only', 15, 'Turgut Fettah Kosar', 'LISE 303', 'E');
insert into course (concentration_id, course_id, course_code, course_title, course_term_id, course_day, course_time, course_type, course_limit, instructor, location, attributes) values (1, 125, 'ENSCS-175', 'Introduction to Semiconductor Device Physics with Applications to Chip Design and Manufacturing', 5, 'MON,WED', '12 - 3 pm', 'On Campus Only', 0, 'Mary Y. Lanzerotti', 'Cruft Laboratory 309', 'E');
insert into course (concentration_id, course_id, course_code, course_title, course_term_id, course_day, course_time, course_type, course_limit, instructor, location, attributes) values (1, 126, 'ISMTS-170', 'Human Factors in Information Systems Design', 5, 'TUES,THUR', '6:30 - 9:30 pm', 'On Campus Only', 44, 'Dennis F. Galletta', 'Northwest Science Building B108', 'E');
insert into course (concentration_id, course_id, course_code, course_title, course_term_id, course_day, course_time, course_type, course_limit, instructor, location, attributes) values (1, 127, 'MATHS-323', 'Vectors: a Tool for Teaching Algebra Geometry and Trigonometry', 5, 'MON,TUES,WED,THUR,FRI', '9 am - 11:30 am', 'On Campus Only', 0, 'Paul G. Bamberg & Katherine Leigh Penner', 'Northwest Science Building B104', 'E');
insert into course (concentration_id, course_id, course_code, course_title, course_term_id, course_day, course_time, course_type, course_limit, instructor, location, attributes) values (1, 128, 'PHILS-140', 'Deductive Logic', 5, 'MON,WED', '8:30 am - 11:30 am', 'On Campus Only', 0, 'James Pearson', 'Boylston Hall 105', 'E');
insert into course (concentration_id, course_id, course_code, course_title, course_term_id, course_day, course_time, course_type, course_limit, instructor, location, attributes) values (1, 129, 'STATS-110', 'Introduction to Probability', 5, 'MON,WED', '3:15 - 6:15 pm', 'Online Option', 0, 'Kevin A. Rader', '1 Story Street 306', 'TMF,E');
insert into course (concentration_id, course_id, course_code, course_title, course_term_id, course_day, course_time, course_type, course_limit, instructor, location, attributes) values (2, 130, 'MGMTE-5050', 'Strategic Resource Allocation and Planning', 3, 'MON,TUES,WED,THUR', '6 - 9:30 pm', 'On Campus Only', 35, 'Philip Anthony Vaccaro', 'Emerson Hall 104', 'SRM,E');
insert into course (concentration_id, course_id, course_code, course_title, course_term_id, course_day, course_time, course_type, course_limit, instructor, location, attributes) values (2, 131, 'CSCIE-8', 'Web GIS: Principles and Applications', 4, 'THUR', '7:40 - 9:40 pm', 'Web-Conference Course', 50, 'Pinde Fu', '', 'E');
insert into course (concentration_id, course_id, course_code, course_title, course_term_id, course_day, course_time, course_type, course_limit, instructor, location, attributes) values (2, 132, 'CSCIE-12', 'Fundamentals of Website Development', 4, 'MON', '7:40 - 9:40 pm', 'Online Option', 0, 'David P. Heitmeyer', 'Maxwell-Dworkin G115', 'WP,E');
insert into course (concentration_id, course_id, course_code, course_title, course_term_id, course_day, course_time, course_type, course_limit, instructor, location, attributes) values (2, 133, 'CSCIE-17', 'Medical Informatics', 4, 'THUR', '5:30 - 7:30 pm', 'Online Option', 0, 'Oleg Pianykh', '1 Story Street 307', 'MGMT,E');
insert into course (concentration_id, course_id, course_code, course_title, course_term_id, course_day, course_time, course_type, course_limit, instructor, location, attributes) values (2, 134, 'CSCIE-35', 'Essential Modern UI Windows 8.1 App Development and Cloud Computing', 4, 'WED', '7:40 - 9:40 pm', 'Online Option', 0, 'Joseph Ficara', '1 Story Street 303', 'E');
insert into course (concentration_id, course_id, course_code, course_title, course_term_id, course_day, course_time, course_type, course_limit, instructor, location, attributes) values (2, 135, 'CSCIE-40', 'Communication Protocols and Internet Architectures', 4, '', '', 'Online Only', 0, 'Leonard Evenchik', '', 'DCOM,E');
insert into course (concentration_id, course_id, course_code, course_title, course_term_id, course_day, course_time, course_type, course_limit, instructor, location, attributes) values (2, 136, 'CSCIE-42', 'Internet Voice Video and Telepresence', 4, 'MON', '5:30 - 7:30 pm', 'Online Option', 0, 'Leonard Evenchik', 'Maxwell-Dworkin G125', 'E');
insert into course (concentration_id, course_id, course_code, course_title, course_term_id, course_day, course_time, course_type, course_limit, instructor, location, attributes) values (2, 137, 'CSCIE-45B', 'Working in and Running the Cyberworld', 4, 'FRI', '5:30 - 7:30 pm', 'Online Option', 0, 'Scott Bradner & Benoit Gaucherin', 'Maxwell-Dworkin G125', 'SRM,E');
insert into course (concentration_id, course_id, course_code, course_title, course_term_id, course_day, course_time, course_type, course_limit, instructor, location, attributes) values (2, 138, 'CSCIE-55', 'Java for Distributed Computing', 4, '', '', 'Online Only', 0, 'Charles M. Sawyer Jr.', '', 'DC,E');
insert into course (concentration_id, course_id, course_code, course_title, course_term_id, course_day, course_time, course_type, course_limit, instructor, location, attributes) values (2, 139, 'CSCIE-63', 'Big Data Analytics', 4, 'FRI', '5:30 - 7:30 pm', 'Online Option', 0, 'Zoran B. Djordjevic', '1 Story Street 306', 'E');
insert into course (concentration_id, course_id, course_code, course_title, course_term_id, course_day, course_time, course_type, course_limit, instructor, location, attributes) values (2, 140, 'CSCIE-66', 'Database and Information Management Systems', 4, 'WED', '7:40 - 9:40 pm', 'Online Option', 0, 'David G. Sullivan', '1 Story Street 306', 'DM,E');
insert into course (concentration_id, course_id, course_code, course_title, course_term_id, course_day, course_time, course_type, course_limit, instructor, location, attributes) values (2, 141, 'CSCIE-67', 'Oracle Database Administration', 4, 'TUES', '5:30 - 7:30 pm', 'Online Option', 0, 'Patrick McGowan', 'Maxwell-Dworkin G125', 'DM,E');
insert into course (concentration_id, course_id, course_code, course_title, course_term_id, course_day, course_time, course_type, course_limit, instructor, location, attributes) values (2, 142, 'CSCIE-92', 'Principles of Operating Systems', 4, 'TUES', '7:40 - 9:40 pm', 'On Campus Only', 0, 'James L. Frankel', 'Science Center 109', 'E');
insert into course (concentration_id, course_id, course_code, course_title, course_term_id, course_day, course_time, course_type, course_limit, instructor, location, attributes) values (2, 143, 'CSCIE-171', 'Visualization', 4, '', '', 'Online Only', 0, 'Hanspeter Pfister', '', 'E');
insert into course (concentration_id, course_id, course_code, course_title, course_term_id, course_day, course_time, course_type, course_limit, instructor, location, attributes) values (2, 144, 'CSCIE-186', 'Economics and Computation', 4, '', '', 'Online Only', 0, 'David C. Parkes', '', 'E');
insert into course (concentration_id, course_id, course_code, course_title, course_term_id, course_day, course_time, course_type, course_limit, instructor, location, attributes) values (2, 145, 'DGMDE-25', 'Introduction to Web Content Management Systems Site Development', 4, '', '', 'Online Only', 0, 'Jennifer A. Kramer', '', 'E');
insert into course (concentration_id, course_id, course_code, course_title, course_term_id, course_day, course_time, course_type, course_limit, instructor, location, attributes) values (2, 146, 'ENSCE-105', 'Engineering Innovation with Information Technology', 4, 'TUES', '7:40 - 9:40 pm', 'Online Option', 0, 'Wego Wang', 'Byerly Hall 013', 'E');
insert into course (concentration_id, course_id, course_code, course_title, course_term_id, course_day, course_time, course_type, course_limit, instructor, location, attributes) values (2, 147, 'ISMTE-155', 'Geographic Communication Today', 4, 'MON', '5:30 - 7:30 pm', 'On Campus Only', 30, 'Jeff Blossom', '53 Church Street 201', 'E');
insert into course (concentration_id, course_id, course_code, course_title, course_term_id, course_day, course_time, course_type, course_limit, instructor, location, attributes) values (2, 148, 'ISMTE-180', 'Building and Managing Business Intelligence Systems', 4, 'MON', '7:40 - 9:40 pm', 'On Campus Only', 24, 'Basem A Neseim', 'Northwest Science Building B108', 'E');
insert into course (concentration_id, course_id, course_code, course_title, course_term_id, course_day, course_time, course_type, course_limit, instructor, location, attributes) values (2, 149, 'ISMTE-200', 'Capstone Seminar in Enterprise Systems', 4, 'MON', '7:40 - 9:40 pm', 'On Campus Only', 20, 'Zoya Kinstler & Bob Wittstein', 'Northwest Science Building B104', 'CAP');
insert into course (concentration_id, course_id, course_code, course_title, course_term_id, course_day, course_time, course_type, course_limit, instructor, location, attributes) values (2, 150, 'MGMTE-1600', 'Managerial Accounting', 4, 'THUR', '5:30 - 7:30 pm', 'Online Option', 70, 'Richard L. Keith', '1 Story Street 306', 'E');
insert into course (concentration_id, course_id, course_code, course_title, course_term_id, course_day, course_time, course_type, course_limit, instructor, location, attributes) values (2, 151, 'MGMTE-4000', 'Organizational Behavior', 4, 'THUR', '5:30 - 7:30 pm', 'Web-Conference Course', 35, 'Carmine P. Gibaldi', '', 'E');
insert into course (concentration_id, course_id, course_code, course_title, course_term_id, course_day, course_time, course_type, course_limit, instructor, location, attributes) values (2, 152, 'MGMTE-4000', 'Organizational Behavior', 4, 'MON', '7:40 - 9:40 pm', 'On Campus Only', 38, 'Ellen Harris', 'Pound Hall 204', 'E');
insert into course (concentration_id, course_id, course_code, course_title, course_term_id, course_day, course_time, course_type, course_limit, instructor, location, attributes) values (2, 153, 'MGMTE-4000', 'Organizational Behavior', 4, 'WED', '5:30 - 7:30 pm', 'Web-Conference Course', 30, 'Jennifer Kay Stine', '', 'E');
insert into course (concentration_id, course_id, course_code, course_title, course_term_id, course_day, course_time, course_type, course_limit, instructor, location, attributes) values (2, 154, 'MGMTE-4000', 'Organizational Behavior', 4, 'THUR', '5:30 - 7:30 pm', 'On Campus Only', 38, 'Jennifer Kay Stine', 'Sever Hall 106', 'E');
insert into course (concentration_id, course_id, course_code, course_title, course_term_id, course_day, course_time, course_type, course_limit, instructor, location, attributes) values (2, 155, 'MGMTE-4000', 'Organizational Behavior', 4, 'TUES', '5:30 - 7:30 pm', 'Web-Conference Course', 35, 'Carmine P. Gibaldi', '', 'E');
insert into course (concentration_id, course_id, course_code, course_title, course_term_id, course_day, course_time, course_type, course_limit, instructor, location, attributes) values (2, 156, 'MGMTE-4030', 'Leading through Change', 4, 'TUES', '5:30 - 7:30 pm', 'Online Option', 60, 'Harold V. Langlois & Kathrine Suzanne Livingston', '53 Church Street L01', 'E');
insert into course (concentration_id, course_id, course_code, course_title, course_term_id, course_day, course_time, course_type, course_limit, instructor, location, attributes) values (2, 157, 'MGMTE-4170', 'Managing Virtual Teams', 4, 'MON', '5:30 - 7:30 pm', 'Web-Conference Course', 38, 'M. Myra S. White', '', 'MGMT,E');
insert into course (concentration_id, course_id, course_code, course_title, course_term_id, course_day, course_time, course_type, course_limit, instructor, location, attributes) values (2, 158, 'MGMTE-5040', 'Project Management of Information Technology', 4, 'MON', '7:40 - 9:40 pm', 'On Campus Only', 50, 'Jeffrey E. Francis', 'CGIS South S020', 'MGMT,E');
insert into course (concentration_id, course_id, course_code, course_title, course_term_id, course_day, course_time, course_type, course_limit, instructor, location, attributes) values (2, 159, 'MGMTE-5070', 'Data Mining and Forecast Management', 4, 'TUES', '7:40 - 9:40 pm', 'On Campus Only', 35, 'Philip Anthony Vaccaro', 'Emerson Hall 104', 'SRM,E');
insert into course (concentration_id, course_id, course_code, course_title, course_term_id, course_day, course_time, course_type, course_limit, instructor, location, attributes) values (2, 160, 'MGMTE-5450', 'Launching an e-Commerce Start-up', 4, 'TUES', '5:30 - 7:30 pm', 'On Campus Only', 30, 'Kishan Mallur', '53 Church Street 201', 'MGMT,E');
insert into course (concentration_id, course_id, course_code, course_title, course_term_id, course_day, course_time, course_type, course_limit, instructor, location, attributes) values (2, 161, 'CSCIE-15', 'Dynamic Web Applications', 2, 'WED', '5:30 - 7:30 pm', 'Online Option', 0, 'Susan Buck', 'Maxwell-Dworkin G115', 'WP,E');
insert into course (concentration_id, course_id, course_code, course_title, course_term_id, course_day, course_time, course_type, course_limit, instructor, location, attributes) values (2, 162, 'CSCIE-18', 'Web Development Using XML', 2, 'MON', '7:40 - 9:40 pm', 'Online Option', 0, 'David P. Heitmeyer', '1 Story Street 304', 'WP,E');
insert into course (concentration_id, course_id, course_code, course_title, course_term_id, course_day, course_time, course_type, course_limit, instructor, location, attributes) values (2, 163, 'CSCIE-26', 'Introduction to C Unix/Linux Programming and Web Interfaces', 2, 'WED', '7:40 - 9:40 pm', 'On Campus Only', 0, 'Bruce Molay', 'Science Center B-10', 'E');
insert into course (concentration_id, course_id, course_code, course_title, course_term_id, course_day, course_time, course_type, course_limit, instructor, location, attributes) values (2, 164, 'CSCIE-33', 'Programming Microsoft .NET', 2, 'MON', '7:40 - 9:40 pm', 'Online Option', 0, 'David S. Platt', '1 Story Street 307', 'E');
insert into course (concentration_id, course_id, course_code, course_title, course_term_id, course_day, course_time, course_type, course_limit, instructor, location, attributes) values (2, 165, 'CSCIE-40', 'Communication Protocols and Internet Architectures', 2, 'MON', '5:30 - 7:30 pm', 'Online Option', 0, 'Leonard Evenchik', '53 Church Street L01', 'DCOM,E');
insert into course (concentration_id, course_id, course_code, course_title, course_term_id, course_day, course_time, course_type, course_limit, instructor, location, attributes) values (2, 166, 'CSCIE-45A', 'Understanding and Securing the Cyber Infrastructure', 2, 'FRI', '5:30 - 7:30 pm', 'Online Option', 0, 'Scott Bradner & Benoit Gaucherin', 'Maxwell-Dworkin G125', 'SRM,E');
insert into course (concentration_id, course_id, course_code, course_title, course_term_id, course_day, course_time, course_type, course_limit, instructor, location, attributes) values (2, 167, 'CSCIE-55', 'Java for Distributed Computing', 2, 'WED', '7:40 - 9:40 pm', 'Online Option', 0, 'Charles M. Sawyer Jr.', 'Byerly Hall 013', 'DC,E');
insert into course (concentration_id, course_id, course_code, course_title, course_term_id, course_day, course_time, course_type, course_limit, instructor, location, attributes) values (2, 168, 'CSCIE-56', 'Web Application Development with Groovy and Grails', 2, 'FRI', '5:30 - 7:30 pm', 'Online Option', 0, 'Burt Beckwith', '53 Church Street L01', 'WP,E');
insert into course (concentration_id, course_id, course_code, course_title, course_term_id, course_day, course_time, course_type, course_limit, instructor, location, attributes) values (2, 169, 'CSCIE-60', 'Developing Web-Based Database Applications', 2, 'MON', '5:30 - 7:30 pm', 'Online Option', 0, 'Maria R. Garcia', '1 Story Street 303', 'DM,E');
insert into course (concentration_id, course_id, course_code, course_title, course_term_id, course_day, course_time, course_type, course_limit, instructor, location, attributes) values (2, 170, 'CSCIE-61', 'Systems Programming and Machine Organization', 2, '', '', 'Online Only', 0, 'Eddie Kohler', '', 'E');
insert into course (concentration_id, course_id, course_code, course_title, course_term_id, course_day, course_time, course_type, course_limit, instructor, location, attributes) values (2, 171, 'CSCIE-62', 'Modern Mobile Development', 2, 'TUES', '5:30 - 7:30 pm', 'On Campus Only', 30, 'Edwin Guarin & Robert Familiar', '53 Church Street 203', 'E');
insert into course (concentration_id, course_id, course_code, course_title, course_term_id, course_day, course_time, course_type, course_limit, instructor, location, attributes) values (2, 172, 'CSCIE-65', 'Building Mobile Apps: A Comparative View of Mobile Application Development', 2, 'FRI', '5:30 - 7:30 pm', 'Online Option', 120, 'Jonathan Levin', 'Maxwell-Dworkin G115', 'E');
insert into course (concentration_id, course_id, course_code, course_title, course_term_id, course_day, course_time, course_type, course_limit, instructor, location, attributes) values (2, 173, 'CSCIE-90', 'Cloud Computing', 2, 'FRI', '5:30 - 7:30 pm', 'Online Option', 0, 'Zoran B. Djordjevic', '1 Story Street 306', 'DC,E');
insert into course (concentration_id, course_id, course_code, course_title, course_term_id, course_day, course_time, course_type, course_limit, instructor, location, attributes) values (2, 174, 'CSCIE-95', 'Compiler Design and Implementation', 2, 'TUES', '7:40 - 9:40 pm', 'On Campus Only', 0, 'James L. Frankel', 'Science Center 109', 'E');
insert into course (concentration_id, course_id, course_code, course_title, course_term_id, course_day, course_time, course_type, course_limit, instructor, location, attributes) values (2, 175, 'CSCIE-97', 'Software Design: Principles Models and Patterns', 2, 'THUR', '7:40 - 9:40 pm', 'Online Option', 0, 'Eric Gieseke', '1 Story Street 304', 'E');
insert into course (concentration_id, course_id, course_code, course_title, course_term_id, course_day, course_time, course_type, course_limit, instructor, location, attributes) values (2, 176, 'CSCIE-205', 'Computing Foundations for Computational Science', 2, '', '', 'Online Only', 0, 'Cristopher Cecka', '', 'E');
insert into course (concentration_id, course_id, course_code, course_title, course_term_id, course_day, course_time, course_type, course_limit, instructor, location, attributes) values (2, 177, 'ISMTE-100', 'Information Systems Management', 2, 'MON', '7:40 - 9:40 pm', 'On Campus Only', 50, 'Jeffrey E. Francis', 'CGIS South S020', 'MGMT,E');
insert into course (concentration_id, course_id, course_code, course_title, course_term_id, course_day, course_time, course_type, course_limit, instructor, location, attributes) values (2, 178, 'ISMTE-130', 'Spreadsheet Models for Managers', 2, 'WED', '7:40 - 9:40 pm', 'Online Option', 0, 'Richard Brenner', '53 Church Street L01', 'E');
insert into course (concentration_id, course_id, course_code, course_title, course_term_id, course_day, course_time, course_type, course_limit, instructor, location, attributes) values (2, 179, 'ISMTE-150', 'Introduction to GIS', 2, 'THUR', '5:30 - 7:30 pm', 'On Campus Only', 20, 'Wendy Guan', '53 Church Street 201', 'E');
insert into course (concentration_id, course_id, course_code, course_title, course_term_id, course_day, course_time, course_type, course_limit, instructor, location, attributes) values (2, 180, 'ISMTE-190', 'Enterprise Content Management', 2, 'TUES', '7:40 - 9:40 pm', 'Online Option', 0, 'Richard E. Joltes', 'Byerly Hall 013', 'E');
insert into course (concentration_id, course_id, course_code, course_title, course_term_id, course_day, course_time, course_type, course_limit, instructor, location, attributes) values (2, 181, 'ISMTE-200', 'Capstone Seminar in Enterprise Systems', 2, 'MON', '7:40 - 9:40 pm', 'On Campus Only', 20, 'Zoya Kinstler & Bob Wittstein', 'Northwest Science Building B104', 'CAP');
insert into course (concentration_id, course_id, course_code, course_title, course_term_id, course_day, course_time, course_type, course_limit, instructor, location, attributes) values (2, 182, 'MGMTE-1600', 'Managerial Accounting', 2, 'THUR', '7:40 - 9:40 pm', 'Online Option', 70, 'Richard L. Keith', '1 Story Street 306', 'E');
insert into course (concentration_id, course_id, course_code, course_title, course_term_id, course_day, course_time, course_type, course_limit, instructor, location, attributes) values (2, 183, 'MGMTE-4000', 'Organizational Behavior', 2, 'THUR', '5:30 - 7:30 pm', 'Web-Conference Course', 35, 'Carmine P. Gibaldi', '', 'E');
insert into course (concentration_id, course_id, course_code, course_title, course_term_id, course_day, course_time, course_type, course_limit, instructor, location, attributes) values (2, 184, 'MGMTE-4000', 'Organizational Behavior', 2, 'WED', '7:40 - 9:40 pm', 'On Campus Only', 38, 'Jane McHan', 'Sever Hall 203', 'E');
insert into course (concentration_id, course_id, course_code, course_title, course_term_id, course_day, course_time, course_type, course_limit, instructor, location, attributes) values (2, 185, 'MGMTE-4000', 'Organizational Behavior', 2, 'MON', '7:40 - 9:40 pm', 'Web-Conference Course', 40, 'M. Myra S. White', '', 'E');
insert into course (concentration_id, course_id, course_code, course_title, course_term_id, course_day, course_time, course_type, course_limit, instructor, location, attributes) values (2, 186, 'MGMTE-4000', 'Organizational Behavior', 2, 'TUES', '5:30 - 7:30 pm', 'Web-Conference Course', 35, 'Carmine P. Gibaldi', '', 'E');
insert into course (concentration_id, course_id, course_code, course_title, course_term_id, course_day, course_time, course_type, course_limit, instructor, location, attributes) values (2, 187, 'MGMTE-4000', 'Organizational Behavior', 2, 'MON', '5:30 - 7:30 pm', 'Web-Conference Course', 30, 'Jennifer Kay Stine', '', 'E');
insert into course (concentration_id, course_id, course_code, course_title, course_term_id, course_day, course_time, course_type, course_limit, instructor, location, attributes) values (2, 188, 'MGMTE-4160', 'Creating and Leading Team Dynamics', 2, 'TUES', '5:30 - 7:30 pm', 'On Campus Only', 30, 'Harold V. Langlois & Kathrine Suzanne Livingston', 'Sever Hall 206', 'E');
insert into course (concentration_id, course_id, course_code, course_title, course_term_id, course_day, course_time, course_type, course_limit, instructor, location, attributes) values (2, 189, 'MGMTE-5420', 'Innovation Entrepreneurship and Business Transformation', 2, 'MON', '7:40 - 9:40 pm', 'On Campus Only', 80, 'William L. Wellman & James C. Fitchett', 'Pound Hall 200', 'E');
insert into course (concentration_id, course_id, course_code, course_title, course_term_id, course_day, course_time, course_type, course_limit, instructor, location, attributes) values (2, 190, 'CSCIS-76', 'Building Mobile Applications', 1, 'MON,WED', '6:30 - 9:30 pm', 'On Campus Only', 30, 'David J. Malan', 'Northwest Science Building B101', 'E');
insert into course (concentration_id, course_id, course_code, course_title, course_term_id, course_day, course_time, course_type, course_limit, instructor, location, attributes) values (2, 191, 'CSCIS-131B', 'Communication Protocols and Internet Architectures', 1, '', '', 'Online Only', 0, 'Leonard Evenchik', '', 'DCOM,E');
insert into course (concentration_id, course_id, course_code, course_title, course_term_id, course_day, course_time, course_type, course_limit, instructor, location, attributes) values (2, 192, 'ECONS-1901', 'Managerial Accounting', 1, 'TUES,THUR', '6:30 - 9:30 pm', 'On Campus Only', 0, 'Lynn W. Marples', 'Harvard Hall 103', 'E');
insert into course (concentration_id, course_id, course_code, course_title, course_term_id, course_day, course_time, course_type, course_limit, instructor, location, attributes) values (2, 193, 'ISMTS-170', 'Human Factors in Information Systems Design', 1, 'TUES,THUR', '6:30 - 9:30 pm', 'On Campus Only', 50, 'Dennis F. Galletta', 'Northwest Science Building B108', 'E');
insert into course (concentration_id, course_id, course_code, course_title, course_term_id, course_day, course_time, course_type, course_limit, instructor, location, attributes) values (2, 194, 'MGMTS-2800', 'Financial Modeling', 1, 'MON,WED', '8:30 am - 11:30 am', 'On Campus Only', 60, 'Martin K. Konan', 'Sever Hall 102', 'E');
insert into course (concentration_id, course_id, course_code, course_title, course_term_id, course_day, course_time, course_type, course_limit, instructor, location, attributes) values (2, 195, 'MGMTS-4000', 'Organizational Behavior', 1, 'MON,WED', '6:30 - 9:30 pm', 'On Campus Only', 45, 'Barbara Zepp Larson', 'Sever Hall 203', 'E');
insert into course (concentration_id, course_id, course_code, course_title, course_term_id, course_day, course_time, course_type, course_limit, instructor, location, attributes) values (2, 196, 'MGMTS-4000', 'Organizational Behavior', 1, 'MON,WED', '3:15 - 6:15 pm', 'Web-Conference Course', 40, 'Carmine P. Gibaldi', '', 'E');
insert into course (concentration_id, course_id, course_code, course_title, course_term_id, course_day, course_time, course_type, course_limit, instructor, location, attributes) values (2, 197, 'MGMTS-5000', 'Strategic Management', 1, 'MON,WED', '8:30 am - 11:30 am', 'On Campus Only', 50, 'Mohsin Habib', 'CGIS South S020', 'E');
insert into course (concentration_id, course_id, course_code, course_title, course_term_id, course_day, course_time, course_type, course_limit, instructor, location, attributes) values (2, 198, 'MGMTS-5000', 'Strategic Management', 1, 'MON,WED', '6:30 - 9:30 pm', 'On Campus Only', 50, 'Jorge Tarzijan', 'Harvard Hall 102', 'E');
insert into course (concentration_id, course_id, course_code, course_title, course_term_id, course_day, course_time, course_type, course_limit, instructor, location, attributes) values (2, 199, 'MGMTS-5010', 'Electronic Commerce Strategies', 1, 'TUES,THUR', '12 - 3 pm', 'On Campus Only', 40, 'Dennis F. Galletta', '1 Story Street 304', 'E');
insert into course (concentration_id, course_id, course_code, course_title, course_term_id, course_day, course_time, course_type, course_limit, instructor, location, attributes) values (2, 200, 'MGMTS-5012', 'Systems Thinking', 1, 'TUES,THUR', '6:30 - 9:30 pm', 'On Campus Only', 60, 'Mark Esposito', 'Emerson Hall 210', 'E');
insert into course (concentration_id, course_id, course_code, course_title, course_term_id, course_day, course_time, course_type, course_limit, instructor, location, attributes) values (2, 201, 'MGMTS-5016', 'Management of Technology and Innovation', 1, 'MON,WED', '12 - 3 pm', 'On Campus Only', 60, 'Cherian S. Thachenkary', 'Sever Hall 102', 'E');
insert into course (concentration_id, course_id, course_code, course_title, course_term_id, course_day, course_time, course_type, course_limit, instructor, location, attributes) values (2, 202, 'MGMTS-5034', 'Introduction to Decision and Operations Analysis', 1, 'MON,WED', '3:15 - 6:15 pm', 'On Campus Only', 60, 'Cherian S. Thachenkary', 'Sever Hall 102', 'E');
insert into course (concentration_id, course_id, course_code, course_title, course_term_id, course_day, course_time, course_type, course_limit, instructor, location, attributes) values (2, 203, 'MGMTS-5035', 'Cross-Border Innovation', 1, 'TUES,THUR', '6:30 - 9:30 pm', 'On Campus Only', 55, 'Iris Berdrow', 'Northwest Science Building B101', 'E');
insert into course (concentration_id, course_id, course_code, course_title, course_term_id, course_day, course_time, course_type, course_limit, instructor, location, attributes) values (2, 204, 'STATS-102', 'Fundamentals of Biostatistics', 1, 'TUES,THUR', '3:15 - 6:15 pm', 'On Campus Only', 0, 'Bernard A. Rosner & Robert J. Glynn', 'Harvard Hall 103', 'E');
insert into course (concentration_id, course_id, course_code, course_title, course_term_id, course_day, course_time, course_type, course_limit, instructor, location, attributes) values (2, 205, 'STATS-107', 'Introduction to Financial Statistics', 1, 'TUES,THUR', '8:30 am - 11:30 am', 'On Campus Only', 0, 'Michael I. Parzen', '1 Story Street 304', 'E');
insert into course (concentration_id, course_id, course_code, course_title, course_term_id, course_day, course_time, course_type, course_limit, instructor, location, attributes) values (2, 206, 'CSCIE-15', 'Dynamic Web Applications', 6, 'THUR', '5:30 - 7:30 pm', 'Online Option', 0, 'Susan Buck', 'Maxwell-Dworkin G115', 'WP,E');
insert into course (concentration_id, course_id, course_code, course_title, course_term_id, course_day, course_time, course_type, course_limit, instructor, location, attributes) values (2, 207, 'CSCIE-18', 'Web Development Using XML', 6, 'MON', '7:40 - 9:40 pm', 'Online Option', 0, 'David P. Heitmeyer', 'One Brattle Square 202', 'WP,E');
insert into course (concentration_id, course_id, course_code, course_title, course_term_id, course_day, course_time, course_type, course_limit, instructor, location, attributes) values (2, 208, 'CSCIE-26', 'Introduction to C Unix/Linux Programming and Web Interfaces', 6, 'WED', '7:40 - 9:40 pm', 'On Campus Only', 0, 'Bruce Molay', 'Science Center B-10', 'E');
insert into course (concentration_id, course_id, course_code, course_title, course_term_id, course_day, course_time, course_type, course_limit, instructor, location, attributes) values (2, 209, 'CSCIE-33', 'Programming Microsoft .NET', 6, 'TUES', '7:40 - 9:40 pm', 'Online Option', 0, 'David S. Platt', '53 Church Street L01', 'E');
insert into course (concentration_id, course_id, course_code, course_title, course_term_id, course_day, course_time, course_type, course_limit, instructor, location, attributes) values (2, 210, 'CSCIE-34', 'User Experience Engineering', 6, 'MON', '7:40 - 9:40 pm', 'Online Option', 0, 'David S. Platt', 'Maxwell-Dworkin G125', 'E');
insert into course (concentration_id, course_id, course_code, course_title, course_term_id, course_day, course_time, course_type, course_limit, instructor, location, attributes) values (2, 211, 'CSCIE-40', 'Communication Protocols and Internet Architectures', 6, 'MON', '5:30 - 7:30 pm', 'Online Option', 0, 'Leonard Evenchik', '53 Church Street L01', 'DCOM,E');
insert into course (concentration_id, course_id, course_code, course_title, course_term_id, course_day, course_time, course_type, course_limit, instructor, location, attributes) values (2, 212, 'CSCIE-45A', 'The Cyber World: Hardware Software Networks Security and Management', 6, 'FRI', '5:30 - 7:30 pm', 'Online Option', 0, 'Scott Bradner & Benoit Gaucherin', 'Maxwell-Dworkin G125', 'SRM,E');
insert into course (concentration_id, course_id, course_code, course_title, course_term_id, course_day, course_time, course_type, course_limit, instructor, location, attributes) values (2, 213, 'CSCIE-55', 'Java for Distributed Computing', 6, 'WED', '7:40 - 9:40 pm', 'Online Option', 0, 'Charles M. Sawyer Jr.', 'Byerly Hall 013', 'DC,E');
insert into course (concentration_id, course_id, course_code, course_title, course_term_id, course_day, course_time, course_type, course_limit, instructor, location, attributes) values (2, 214, 'CSCIE-56', 'Web Application Development with Groovy and Grails', 6, 'WED', '5:30 - 7:30 pm', 'Online Option', 0, 'Burt Beckwith', '53 Church Street L01', 'WP,E');
insert into course (concentration_id, course_id, course_code, course_title, course_term_id, course_day, course_time, course_type, course_limit, instructor, location, attributes) values (2, 215, 'CSCIE-60', 'Developing Web-Based Database Applications', 6, 'WED', '5:30 - 7:30 pm', 'Online Option', 0, 'Maria R. Garcia Altobello', 'Byerly Hall 013', 'DM,E');
insert into course (concentration_id, course_id, course_code, course_title, course_term_id, course_day, course_time, course_type, course_limit, instructor, location, attributes) values (2, 216, 'CSCIE-61', 'Systems Programming and Machine Organization', 6, '', '', 'Online Only', 0, 'Eddie Kohler', '', 'E');
insert into course (concentration_id, course_id, course_code, course_title, course_term_id, course_day, course_time, course_type, course_limit, instructor, location, attributes) values (2, 217, 'CSCIE-90', 'Cloud Computing', 6, 'FRI', '5:30 - 7:30 pm', 'Online Option', 0, 'Zoran B. Djordjevic', '1 Story Street 306', 'DC,E');
insert into course (concentration_id, course_id, course_code, course_title, course_term_id, course_day, course_time, course_type, course_limit, instructor, location, attributes) values (2, 218, 'CSCIE-97', 'Software Design: Principles Models and Patterns', 6, 'THUR', '7:40 - 9:40 pm', 'Online Option', 0, 'Eric Gieseke', '1 Story Street 304', 'E');
insert into course (concentration_id, course_id, course_code, course_title, course_term_id, course_day, course_time, course_type, course_limit, instructor, location, attributes) values (2, 219, 'ISMTE-100', 'Information Systems Management', 6, 'MON', '7:40 - 9:40 pm', 'On Campus Only', 50, 'Jeffrey E. Francis', 'CGIS South S020', 'MGMT,E');
insert into course (concentration_id, course_id, course_code, course_title, course_term_id, course_day, course_time, course_type, course_limit, instructor, location, attributes) values (2, 220, 'ISMTE-150', 'Introduction to GIS', 6, 'THUR', '5:30 - 7:30 pm', 'Web-Conference Course', 20, 'Wendy Guan', '', 'E');
insert into course (concentration_id, course_id, course_code, course_title, course_term_id, course_day, course_time, course_type, course_limit, instructor, location, attributes) values (2, 221, 'ISMTE-190', 'Enterprise Content Management', 6, 'WED', '7:40 - 9:40 pm', 'Online Option', 0, 'Richard E. Joltes', '53 Church Street L01', 'E');
insert into course (concentration_id, course_id, course_code, course_title, course_term_id, course_day, course_time, course_type, course_limit, instructor, location, attributes) values (2, 222, 'ISMTE-200', 'Capstone Seminar in Enterprise Systems', 6, 'MON', '7:40 - 9:40 pm', 'On Campus Only', 20, 'Zoya Kinstler & Bob Wittstein', 'Northwest Science Building B104', 'CAP');
insert into course (concentration_id, course_id, course_code, course_title, course_term_id, course_day, course_time, course_type, course_limit, instructor, location, attributes) values (2, 223, 'MGMTE-1600', 'Managerial Accounting', 6, 'THUR', '5:30 - 7:30 pm', 'Online Option', 70, 'Richard L. Keith', '1 Story Street 304', 'E');
insert into course (concentration_id, course_id, course_code, course_title, course_term_id, course_day, course_time, course_type, course_limit, instructor, location, attributes) values (2, 224, 'MGMTE-4000', 'Organizational Behavior', 6, 'TUES', '5:30 - 7:30 pm', 'Hybrid', 35, 'Carmine P. Gibaldi', '', 'E');
insert into course (concentration_id, course_id, course_code, course_title, course_term_id, course_day, course_time, course_type, course_limit, instructor, location, attributes) values (2, 225, 'MGMTE-4000', 'Organizational Behavior', 6, 'THUR', '5:30 - 7:30 pm', 'Web-Conference Course', 35, 'Carmine P. Gibaldi', '', 'E');
insert into course (concentration_id, course_id, course_code, course_title, course_term_id, course_day, course_time, course_type, course_limit, instructor, location, attributes) values (2, 226, 'MGMTE-4000', 'Organizational Behavior', 6, 'MON', '5:30 - 7:30 pm', 'On Campus Only', 38, 'Lisa Rohrer', 'Sever Hall 102', 'E');
insert into course (concentration_id, course_id, course_code, course_title, course_term_id, course_day, course_time, course_type, course_limit, instructor, location, attributes) values (2, 227, 'MGMTE-4000', 'Organizational Behavior', 6, 'WED', '5:30 - 7:30 pm', 'Web-Conference Course', 40, 'Jennifer Kay Stine', '', 'E');
insert into course (concentration_id, course_id, course_code, course_title, course_term_id, course_day, course_time, course_type, course_limit, instructor, location, attributes) values (2, 228, 'MGMTE-4000', 'Organizational Behavior', 6, 'MON', '7:40 - 9:40 pm', 'Web-Conference Course', 40, 'M. Myra S. White', '', 'E');
insert into course (concentration_id, course_id, course_code, course_title, course_term_id, course_day, course_time, course_type, course_limit, instructor, location, attributes) values (2, 229, 'MGMTE-4160', 'Creating and Leading Team Dynamics', 6, 'TUES', '5:30 - 7:30 pm', 'On Campus Only', 30, 'Harold V. Langlois & Kathrine Suzanne Livingston', 'Sever Hall 206', 'E');
insert into course (concentration_id, course_id, course_code, course_title, course_term_id, course_day, course_time, course_type, course_limit, instructor, location, attributes) values (2, 230, 'MGMTE-5420', 'Innovation Entrepreneurship and Business Transformation', 6, 'MON', '7:40 - 9:40 pm', 'On Campus Only', 80, 'William L. Wellman & James C. Fitchett', 'Harvard Hall 102', 'E');
insert into course (concentration_id, course_id, course_code, course_title, course_term_id, course_day, course_time, course_type, course_limit, instructor, location, attributes) values (2, 231, 'STATE-100', 'Introduction to Quantitative Methods for the Social Sciences and Humanities', 6, '', '', 'Online Only', 0, 'Luke Miratrix', '', 'E');
insert into course (concentration_id, course_id, course_code, course_title, course_term_id, course_day, course_time, course_type, course_limit, instructor, location, attributes) values (2, 232, 'STATE-104', 'Introduction to Quantitative Methods for Economics and Other Quantitative Fields', 6, '', '', 'Online Only', 0, 'Michael I. Parzen', '', 'E');
insert into course (concentration_id, course_id, course_code, course_title, course_term_id, course_day, course_time, course_type, course_limit, instructor, location, attributes) values (2, 233, 'STATE-150', 'Statistical Methods', 6, 'TUES', '7:40 - 9:40 pm', 'On Campus Only', 0, 'Jenny Gutbezahl', 'Harvard Hall 201', 'E');
insert into course (concentration_id, course_id, course_code, course_title, course_term_id, course_day, course_time, course_type, course_limit, instructor, location, attributes) values (2, 234, 'DGMDE-27', 'Beyond the Basics of Front-End Web Design', 7, 'MON,TUES,WED,THUR', '9 am - 12 pm', 'On Campus Only', 30, 'Jennifer A. Kramer', '53 Church Street 104', 'WP,E');
insert into course (concentration_id, course_id, course_code, course_title, course_term_id, course_day, course_time, course_type, course_limit, instructor, location, attributes) values (2, 235, 'MGMTE-5050', 'Strategic Resource Allocation and Planning', 7, 'MON,TUES,WED,THUR', '6 - 9:30 pm', 'On Campus Only', 35, 'Philip Anthony Vaccaro', 'Emerson Hall 104', 'SRM,E');
insert into course (concentration_id, course_id, course_code, course_title, course_term_id, course_day, course_time, course_type, course_limit, instructor, location, attributes) values (2, 236, 'CSCIE-8', 'Web GIS: Principles and Applications', 8, 'THUR', '7:40 - 9:40 pm', 'Web-Conference Course', 50, 'Pinde Fu', '', 'E');
insert into course (concentration_id, course_id, course_code, course_title, course_term_id, course_day, course_time, course_type, course_limit, instructor, location, attributes) values (2, 237, 'CSCIE-12', 'Fundamentals of Website Development', 8, 'TUES', '7:40 - 9:40 pm', 'Online Option', 0, 'David P. Heitmeyer', 'Maxwell-Dworkin G115', 'WP,E');
insert into course (concentration_id, course_id, course_code, course_title, course_term_id, course_day, course_time, course_type, course_limit, instructor, location, attributes) values (2, 238, 'CSCIE-17', 'Medical Informatics', 8, 'THUR', '5:30 - 7:30 pm', 'Online Option', 0, 'Oleg Pianykh', '1 Story Street 307', 'MGMT,E');
insert into course (concentration_id, course_id, course_code, course_title, course_term_id, course_day, course_time, course_type, course_limit, instructor, location, attributes) values (2, 239, 'CSCIE-40', 'Communication Protocols and Internet Architectures', 8, '', '', 'Online Only', 0, 'Leonard Evenchik', '', 'DCOM,E');
insert into course (concentration_id, course_id, course_code, course_title, course_term_id, course_day, course_time, course_type, course_limit, instructor, location, attributes) values (2, 240, 'CSCIE-45B', 'The Cyber World: Governance Threats Conflict Privacy Identity and Commerce', 8, 'FRI', '5:30 - 7:30 pm', 'Online Option', 0, 'Scott Bradner & Benoit Gaucherin', 'Maxwell-Dworkin G125', 'SRM,E');
insert into course (concentration_id, course_id, course_code, course_title, course_term_id, course_day, course_time, course_type, course_limit, instructor, location, attributes) values (2, 241, 'CSCIE-55', 'Java for Distributed Computing', 8, '', '', 'Online Only', 0, 'Charles M. Sawyer Jr.', '', 'DC,E');
insert into course (concentration_id, course_id, course_code, course_title, course_term_id, course_day, course_time, course_type, course_limit, instructor, location, attributes) values (2, 242, 'CSCIE-63', 'Big Data Analytics', 8, 'FRI', '5:30 - 7:30 pm', 'Online Option', 0, 'Zoran B. Djordjevic', '1 Story Street 306', 'E');
insert into course (concentration_id, course_id, course_code, course_title, course_term_id, course_day, course_time, course_type, course_limit, instructor, location, attributes) values (2, 243, 'CSCIE-66', 'Database Systems', 8, 'WED', '7:40 - 9:40 pm', 'Online Option', 0, 'David G. Sullivan', '1 Story Street 306', 'DM,E');
insert into course (concentration_id, course_id, course_code, course_title, course_term_id, course_day, course_time, course_type, course_limit, instructor, location, attributes) values (2, 244, 'CSCIE-67', 'Oracle Database Administration', 8, 'TUES', '5:30 - 7:30 pm', 'Online Option', 0, 'Patrick McGowan', 'Maxwell-Dworkin G125', 'DM,E');
insert into course (concentration_id, course_id, course_code, course_title, course_term_id, course_day, course_time, course_type, course_limit, instructor, location, attributes) values (2, 245, 'CSCIE-95', 'Compiler Design and Implementation', 8, 'TUES', '7:40 - 9:40 pm', 'Online Option', 40, 'James L. Frankel', '1 Story Street 307', 'E');
insert into course (concentration_id, course_id, course_code, course_title, course_term_id, course_day, course_time, course_type, course_limit, instructor, location, attributes) values (2, 246, 'CSCIE-171', 'Visualization', 8, '', '', 'Online Only', 0, 'Alexander Lex', '', 'E');
insert into course (concentration_id, course_id, course_code, course_title, course_term_id, course_day, course_time, course_type, course_limit, instructor, location, attributes) values (2, 247, 'CSCIE-186', 'Economics and Computation', 8, '', '', 'Online Only', 0, 'David C. Parkes', '', 'E');
insert into course (concentration_id, course_id, course_code, course_title, course_term_id, course_day, course_time, course_type, course_limit, instructor, location, attributes) values (2, 248, 'DGMDE-25', 'Introduction to Web Content Management Systems Site Development', 8, '', '', 'Online Only', 0, 'Jennifer A. Kramer', '', 'E');
insert into course (concentration_id, course_id, course_code, course_title, course_term_id, course_day, course_time, course_type, course_limit, instructor, location, attributes) values (2, 249, 'ENSCE-105', 'Engineering Innovation with Information Technology', 8, 'WED', '7:40 - 9:40 pm', 'Web-Conference Course', 40, 'Wego Wang', '', 'E');
insert into course (concentration_id, course_id, course_code, course_title, course_term_id, course_day, course_time, course_type, course_limit, instructor, location, attributes) values (2, 250, 'ISMTE-155', 'Geographic Communication Today', 8, 'MON', '5:30 - 7:30 pm', 'Web-Conference Course', 30, 'Jeff Blossom', '', 'E');
insert into course (concentration_id, course_id, course_code, course_title, course_term_id, course_day, course_time, course_type, course_limit, instructor, location, attributes) values (2, 251, 'ISMTE-170', 'Human Factors in Information Systems Design', 8, 'MON', '7:40 - 9:40 pm', 'Web-Conference Course', 35, 'Dennis F. Galletta', '', 'E');
insert into course (concentration_id, course_id, course_code, course_title, course_term_id, course_day, course_time, course_type, course_limit, instructor, location, attributes) values (2, 252, 'ISMTE-180', 'Building and Managing Business Intelligence Systems', 8, 'TUES', '5:30 - 7:30 pm', 'On Campus Only', 24, 'Basem A Neseim', 'Northwest Science Building B108', 'E');
insert into course (concentration_id, course_id, course_code, course_title, course_term_id, course_day, course_time, course_type, course_limit, instructor, location, attributes) values (2, 253, 'ISMTE-200', 'Capstone Seminar in Enterprise Systems', 8, 'MON', '7:40 - 9:40 pm', 'On Campus Only', 20, 'Zoya Kinstler & Bob Wittstein', 'Northwest Science Building B104', 'CAP');
insert into course (concentration_id, course_id, course_code, course_title, course_term_id, course_day, course_time, course_type, course_limit, instructor, location, attributes) values (2, 254, 'ISMTE-200A', 'Online Capstone Seminar in Information Systems', 8, 'TUES', '5:30 - 7:30 pm', 'Hybrid', 20, 'Richard E. Joltes', '', 'CAP');
insert into course (concentration_id, course_id, course_code, course_title, course_term_id, course_day, course_time, course_type, course_limit, instructor, location, attributes) values (2, 255, 'MGMTE-1600', 'Managerial Accounting', 8, 'THUR', '7:40 - 9:40 pm', 'Online Option', 70, 'Richard L. Keith', '1 Story Street 306', 'E');
insert into course (concentration_id, course_id, course_code, course_title, course_term_id, course_day, course_time, course_type, course_limit, instructor, location, attributes) values (2, 256, 'MGMTE-4000', 'Organizational Behavior', 8, 'TUES', '5:30 - 7:30 pm', 'Hybrid', 35, 'Carmine P. Gibaldi', '', 'E');
insert into course (concentration_id, course_id, course_code, course_title, course_term_id, course_day, course_time, course_type, course_limit, instructor, location, attributes) values (2, 257, 'MGMTE-4000', 'Organizational Behavior', 8, 'THUR', '5:30 - 7:30 pm', 'Web-Conference Course', 35, 'Carmine P. Gibaldi', '', 'E');
insert into course (concentration_id, course_id, course_code, course_title, course_term_id, course_day, course_time, course_type, course_limit, instructor, location, attributes) values (2, 258, 'MGMTE-4000', 'Organizational Behavior', 8, 'MON', '7:40 - 9:40 pm', 'On Campus Only', 38, 'Ellen Harris', 'Northwest Science Building B101', 'E');
insert into course (concentration_id, course_id, course_code, course_title, course_term_id, course_day, course_time, course_type, course_limit, instructor, location, attributes) values (2, 259, 'MGMTE-4000', 'Organizational Behavior', 8, 'WED', '5:30 - 7:30 pm', 'Web-Conference Course', 40, 'Jennifer Kay Stine', '', 'E');
insert into course (concentration_id, course_id, course_code, course_title, course_term_id, course_day, course_time, course_type, course_limit, instructor, location, attributes) values (2, 260, 'MGMTE-4030', 'Leading through Change', 8, 'TUES', '5:30 - 7:30 pm', 'Online Option', 60, 'Harold V. Langlois & Kathrine Suzanne Livingston', 'One Brattle Square 202', 'E');
insert into course (concentration_id, course_id, course_code, course_title, course_term_id, course_day, course_time, course_type, course_limit, instructor, location, attributes) values (2, 261, 'MGMTE-4170', 'Managing Virtual Teams', 8, 'MON', '7:40 - 9:40 pm', 'Web-Conference Course', 38, 'M. Myra S. White', '', 'MGMT,E');
insert into course (concentration_id, course_id, course_code, course_title, course_term_id, course_day, course_time, course_type, course_limit, instructor, location, attributes) values (2, 262, 'MGMTE-5040', 'Project Management of Information Technology', 8, 'MON', '7:40 - 9:40 pm', 'On Campus Only', 50, 'Jeffrey E. Francis', 'CGIS South S020', 'MGMT,E');
insert into course (concentration_id, course_id, course_code, course_title, course_term_id, course_day, course_time, course_type, course_limit, instructor, location, attributes) values (2, 263, 'MGMTE-5070', 'Data Mining and Forecast Management', 8, 'TUES', '7:40 - 9:40 pm', 'On Campus Only', 35, 'Philip Anthony Vaccaro', 'Emerson Hall 104', 'SRM,E');
insert into course (concentration_id, course_id, course_code, course_title, course_term_id, course_day, course_time, course_type, course_limit, instructor, location, attributes) values (2, 264, 'MGMTE-5450', 'Launching an e-Commerce Start-up', 8, 'WED', '5:30 - 7:30 pm', 'On Campus Only', 30, 'Kishan Mallur', 'Sever Hall 106', 'MGMT,E');
insert into course (concentration_id, course_id, course_code, course_title, course_term_id, course_day, course_time, course_type, course_limit, instructor, location, attributes) values (2, 265, 'STATE-101', 'Introduction to Statistics for the Behavioral Sciences', 8, '', '', 'Online Only', 0, 'Max Krasnow', '', 'E');
insert into course (concentration_id, course_id, course_code, course_title, course_term_id, course_day, course_time, course_type, course_limit, instructor, location, attributes) values (2, 266, 'STATE-102', 'Fundamentals of Biostatistics', 8, 'TUES', '5:30 - 7:30 pm', 'On Campus Only', 0, 'Bernard A. Rosner', 'Sever Hall 113', 'E');
insert into course (concentration_id, course_id, course_code, course_title, course_term_id, course_day, course_time, course_type, course_limit, instructor, location, attributes) values (2, 267, 'STATE-150', 'Statistical Methods', 8, 'WED', '5:30 - 7:30 pm', 'Online Option', 0, 'Stephanie McMains', 'Science Center Hall A', 'E');
insert into course (concentration_id, course_id, course_code, course_title, course_term_id, course_day, course_time, course_type, course_limit, instructor, location, attributes) values (2, 268, 'CSCIS-15', 'Dynamic Web Applications', 5, 'TUES,THUR', '6:30 - 9:30 pm', 'On Campus Only', 0, 'Susan Buck', 'Northwest Science Building B103', 'WP,E');
insert into course (concentration_id, course_id, course_code, course_title, course_term_id, course_day, course_time, course_type, course_limit, instructor, location, attributes) values (2, 269, 'CSCIS-40', 'Communication Protocols and Internet Architectures', 5, '', '', 'Online Only', 0, 'Leonard Evenchik', '', 'DCOM,E');
insert into course (concentration_id, course_id, course_code, course_title, course_term_id, course_day, course_time, course_type, course_limit, instructor, location, attributes) values (2, 270, 'ECONS-1901', 'Managerial Accounting', 5, 'TUES,THUR', '6:30 - 9:30 pm', 'On Campus Only', 0, 'Lynn W. Marples', 'Sever Hall 102', 'E');
insert into course (concentration_id, course_id, course_code, course_title, course_term_id, course_day, course_time, course_type, course_limit, instructor, location, attributes) values (2, 271, 'ISMTS-170', 'Human Factors in Information Systems Design', 5, 'TUES,THUR', '6:30 - 9:30 pm', 'On Campus Only', 44, 'Dennis F. Galletta', 'Northwest Science Building B108', 'E');
insert into course (concentration_id, course_id, course_code, course_title, course_term_id, course_day, course_time, course_type, course_limit, instructor, location, attributes) values (2, 272, 'MGMTS-4000', 'Organizational Behavior', 5, 'TUES,THUR', '3:15 - 6:15 pm', 'Web-Conference Course', 35, 'Carmine P. Gibaldi', '', 'E');
insert into course (concentration_id, course_id, course_code, course_title, course_term_id, course_day, course_time, course_type, course_limit, instructor, location, attributes) values (2, 273, 'MGMTS-4000', 'Organizational Behavior', 5, 'MON,WED', '3:15 - 6:15 pm', 'On Campus Only', 35, 'Jennifer Kay Stine', 'Sever Hall 203', 'E');
insert into course (concentration_id, course_id, course_code, course_title, course_term_id, course_day, course_time, course_type, course_limit, instructor, location, attributes) values (2, 274, 'MGMTS-5010', 'Electronic Commerce Strategies', 5, 'TUES,THUR', '12 - 3 pm', 'On Campus Only', 40, 'Dennis F. Galletta', 'Northwest Science Building B108', 'E');
insert into course (concentration_id, course_id, course_code, course_title, course_term_id, course_day, course_time, course_type, course_limit, instructor, location, attributes) values (2, 275, 'MGMTS-5012', 'Systems Thinking: Navigating through Organizational Complexity', 5, 'TUES,THUR', '6:30 - 9:30 pm', 'On Campus Only', 60, 'Mark Esposito', 'Emerson Hall 108', 'E');
insert into course (concentration_id, course_id, course_code, course_title, course_term_id, course_day, course_time, course_type, course_limit, instructor, location, attributes) values (2, 276, 'MGMTS-5016', 'Management of Technology and Innovation', 5, 'MON,WED', '12 - 3 pm', 'On Campus Only', 50, 'Cherian S. Thachenkary', 'Sever Hall 102', 'E');
insert into course (concentration_id, course_id, course_code, course_title, course_term_id, course_day, course_time, course_type, course_limit, instructor, location, attributes) values (2, 277, 'MGMTS-5034', 'Introduction to Decision and Operations Analysis', 5, 'MON,WED', '3:15 - 6:15 pm', 'On Campus Only', 50, 'Cherian S. Thachenkary', 'Sever Hall 102', 'E');
insert into course (concentration_id, course_id, course_code, course_title, course_term_id, course_day, course_time, course_type, course_limit, instructor, location, attributes) values (2, 278, 'STATS-102', 'Fundamentals of Biostatistics', 5, 'TUES,THUR', '3:15 - 6:15 pm', 'On Campus Only', 0, 'Bernard A. Rosner & Robert J. Glynn', 'Harvard Hall 103', 'E');
insert into course (concentration_id, course_id, course_code, course_title, course_term_id, course_day, course_time, course_type, course_limit, instructor, location, attributes) values (2, 279, 'STATS-110', 'Introduction to Probability', 5, 'MON,WED', '3:15 - 6:15 pm', 'Online Option', 0, 'Kevin A. Rader', '1 Story Street 306', 'E');
insert into course (concentration_id, course_id, course_code, course_title, course_term_id, course_day, course_time, course_type, course_limit, instructor, location, attributes) values (3, 280, 'APMAE-207', 'Monte Carlo Methods for Inference and Data Analysis', 4, '', '', 'Online Only', 0, 'Pavlos Protopapas', '', 'E');
insert into course (concentration_id, course_id, course_code, course_title, course_term_id, course_day, course_time, course_type, course_limit, instructor, location, attributes) values (3, 281, 'CSCIE-8', 'Web GIS: Principles and Applications', 4, 'THUR', '7:40 - 9:40 pm', 'Web-Conference Course', 50, 'Pinde Fu', '', 'E');
insert into course (concentration_id, course_id, course_code, course_title, course_term_id, course_day, course_time, course_type, course_limit, instructor, location, attributes) values (3, 282, 'CSCIE-20', 'Discrete Mathematics for Computer Science', 4, 'TUES', '9 - 11 pm', 'Web-Conference Course', 32, 'Harry R. Lewis & Deborah Abel', '', 'E');
insert into course (concentration_id, course_id, course_code, course_title, course_term_id, course_day, course_time, course_type, course_limit, instructor, location, attributes) values (3, 283, 'CSCIE-35', 'Essential Modern UI Windows 8.1 App Development and Cloud Computing', 4, 'WED', '7:40 - 9:40 pm', 'Online Option', 0, 'Joseph Ficara', '1 Story Street 303', 'E');
insert into course (concentration_id, course_id, course_code, course_title, course_term_id, course_day, course_time, course_type, course_limit, instructor, location, attributes) values (3, 284, 'CSCIE-40', 'Communication Protocols and Internet Architectures', 4, '', '', 'Online Only', 0, 'Leonard Evenchik', '', 'E');
insert into course (concentration_id, course_id, course_code, course_title, course_term_id, course_day, course_time, course_type, course_limit, instructor, location, attributes) values (3, 285, 'CSCIE-42', 'Internet Voice Video and Telepresence', 4, 'MON', '5:30 - 7:30 pm', 'Online Option', 0, 'Leonard Evenchik', 'Maxwell-Dworkin G125', 'E');
insert into course (concentration_id, course_id, course_code, course_title, course_term_id, course_day, course_time, course_type, course_limit, instructor, location, attributes) values (3, 286, 'CSCIE-45B', 'Working in and Running the Cyberworld', 4, 'FRI', '5:30 - 7:30 pm', 'Online Option', 0, 'Scott Bradner & Benoit Gaucherin', 'Maxwell-Dworkin G125', 'E');
insert into course (concentration_id, course_id, course_code, course_title, course_term_id, course_day, course_time, course_type, course_limit, instructor, location, attributes) values (3, 287, 'CSCIE-51', 'Abstraction and Design in Computation', 4, '', '', 'Online Only', 0, 'Henry H. Leitner & Jesse Tov', '', 'P,E');
insert into course (concentration_id, course_id, course_code, course_title, course_term_id, course_day, course_time, course_type, course_limit, instructor, location, attributes) values (3, 288, 'CSCIE-55', 'Java for Distributed Computing', 4, '', '', 'Online Only', 0, 'Charles M. Sawyer Jr.', '', 'P,E');
insert into course (concentration_id, course_id, course_code, course_title, course_term_id, course_day, course_time, course_type, course_limit, instructor, location, attributes) values (3, 289, 'CSCIE-58', 'Bioinformatics Algorithms', 4, 'WED', '7:40 - 9:40 pm', 'On Campus Only', 0, 'Jeff Parker', 'Harvard Hall 103', 'AL,E');
insert into course (concentration_id, course_id, course_code, course_title, course_term_id, course_day, course_time, course_type, course_limit, instructor, location, attributes) values (3, 290, 'CSCIE-63', 'Big Data Analytics', 4, 'FRI', '5:30 - 7:30 pm', 'Online Option', 0, 'Zoran B. Djordjevic', '1 Story Street 306', 'E');
insert into course (concentration_id, course_id, course_code, course_title, course_term_id, course_day, course_time, course_type, course_limit, instructor, location, attributes) values (3, 291, 'CSCIE-92', 'Principles of Operating Systems', 4, 'TUES', '7:40 - 9:40 pm', 'On Campus Only', 0, 'James L. Frankel', 'Science Center 109', 'E');
insert into course (concentration_id, course_id, course_code, course_title, course_term_id, course_day, course_time, course_type, course_limit, instructor, location, attributes) values (3, 292, 'CSCIE-124', 'Data Structures and Algorithms', 4, '', '', 'Online Only', 0, 'Michael Mitzenmacher', '', 'AL,E');
insert into course (concentration_id, course_id, course_code, course_title, course_term_id, course_day, course_time, course_type, course_limit, instructor, location, attributes) values (3, 293, 'CSCIE-152', 'Programming Languages', 4, '', '', 'Online Only', 0, 'Stephen Chong', '', 'E');
insert into course (concentration_id, course_id, course_code, course_title, course_term_id, course_day, course_time, course_type, course_limit, instructor, location, attributes) values (3, 294, 'CSCIE-171', 'Visualization', 4, '', '', 'Online Only', 0, 'Hanspeter Pfister', '', 'E');
insert into course (concentration_id, course_id, course_code, course_title, course_term_id, course_day, course_time, course_type, course_limit, instructor, location, attributes) values (3, 295, 'CSCIE-181', 'Machine Learning', 4, '', '', 'Online Only', 0, 'Ryan Adams', '', 'E');
insert into course (concentration_id, course_id, course_code, course_title, course_term_id, course_day, course_time, course_type, course_limit, instructor, location, attributes) values (3, 296, 'CSCIE-186', 'Economics and Computation', 4, '', '', 'Online Only', 0, 'David C. Parkes', '', 'E');
insert into course (concentration_id, course_id, course_code, course_title, course_term_id, course_day, course_time, course_type, course_limit, instructor, location, attributes) values (3, 297, 'ENSCE-105', 'Engineering Innovation with Information Technology', 4, 'TUES', '7:40 - 9:40 pm', 'Online Option', 0, 'Wego Wang', 'Byerly Hall 013', 'E');
insert into course (concentration_id, course_id, course_code, course_title, course_term_id, course_day, course_time, course_type, course_limit, instructor, location, attributes) values (3, 298, 'ENSCE-123', 'Laboratory Electronics: Digital Circuit Design', 4, 'THUR', '6 - 9 pm', 'On Campus Only', 22, 'Thomas C. Hayes', 'Science Center 206', 'E');
insert into course (concentration_id, course_id, course_code, course_title, course_term_id, course_day, course_time, course_type, course_limit, instructor, location, attributes) values (3, 299, 'ENSCE-155', 'Fundamentals and Applications of Microfluidics', 4, 'TUES', '5:30 - 7:30 pm', 'Online Option', 0, 'Anas Chalah & Fawwaz Habbal', 'Maxwell-Dworkin G135', 'E');
insert into course (concentration_id, course_id, course_code, course_title, course_term_id, course_day, course_time, course_type, course_limit, instructor, location, attributes) values (3, 300, 'ISMTE-155', 'Geographic Communication Today', 4, 'MON', '5:30 - 7:30 pm', 'On Campus Only', 30, 'Jeff Blossom', '53 Church Street 201', 'E');
insert into course (concentration_id, course_id, course_code, course_title, course_term_id, course_day, course_time, course_type, course_limit, instructor, location, attributes) values (3, 301, 'MATHE-21B', 'Linear Algebra', 4, 'THUR', '7:40 - 9:40 pm', 'On Campus Only', 0, 'Robert Winters', 'Harvard Hall 201', 'LA');
insert into course (concentration_id, course_id, course_code, course_title, course_term_id, course_day, course_time, course_type, course_limit, instructor, location, attributes) values (3, 302, 'MATHE-23B', 'Linear Algebra and Real Analysis II', 4, 'TUES,THUR', '2:30 - 4 pm', 'On Campus Only', 0, 'Paul G. Bamberg', 'Room to be announced', 'TMF,LA,E');
insert into course (concentration_id, course_id, course_code, course_title, course_term_id, course_day, course_time, course_type, course_limit, instructor, location, attributes) values (3, 303, 'MATHE-155R', 'Combinatorics', 4, 'TUES,THUR', '11:30 am - 1 pm', 'On Campus Only', 0, 'Sukhada Fadnavis', 'Room to be announced', 'E');
insert into course (concentration_id, course_id, course_code, course_title, course_term_id, course_day, course_time, course_type, course_limit, instructor, location, attributes) values (3, 304, 'MATHE-156', 'Mathematical Foundations of Statistical Software', 4, 'WED', '7:40 - 9:40 pm', 'On Campus Only', 0, 'Paul G. Bamberg', 'Science Center 112', 'E');
insert into course (concentration_id, course_id, course_code, course_title, course_term_id, course_day, course_time, course_type, course_limit, instructor, location, attributes) values (3, 305, 'MATHE-210', 'Vector Space Methods for Differential Equations', 4, 'TUES,THUR', '11:30 am - 1 pm', 'On Campus Only', 0, 'Paul G. Bamberg', 'Room to be announced', 'TMF,E');
insert into course (concentration_id, course_id, course_code, course_title, course_term_id, course_day, course_time, course_type, course_limit, instructor, location, attributes) values (3, 306, 'MATHE-217', 'Probability and Random Processes with Economic Applications', 4, 'TUES,THUR', '2:30 - 4 pm', 'On Campus Only', 0, 'Sukhada Fadnavis', 'Room to be announced', 'TMF,E');
insert into course (concentration_id, course_id, course_code, course_title, course_term_id, course_day, course_time, course_type, course_limit, instructor, location, attributes) values (3, 307, 'MATHE-320', 'Teaching Mathematics with a Historical Perspective', 4, 'MON', '5:30 - 7:30 pm', 'Online Option', 0, 'Oliver Knill', '1 Story Street 307', 'E');
insert into course (concentration_id, course_id, course_code, course_title, course_term_id, course_day, course_time, course_type, course_limit, instructor, location, attributes) values (3, 308, 'MATHE-322', 'Real Analysis for Calculus Teachers', 4, 'THUR', '5:30 - 7:30 pm', 'On Campus Only', 0, 'Katherine Leigh Penner', 'Science Center 110', 'E');
insert into course (concentration_id, course_id, course_code, course_title, course_term_id, course_day, course_time, course_type, course_limit, instructor, location, attributes) values (3, 309, 'CSCIE-18', 'Web Development Using XML', 2, 'MON', '7:40 - 9:40 pm', 'Online Option', 0, 'David P. Heitmeyer', '1 Story Street 304', 'E');
insert into course (concentration_id, course_id, course_code, course_title, course_term_id, course_day, course_time, course_type, course_limit, instructor, location, attributes) values (3, 310, 'CSCIE-40', 'Communication Protocols and Internet Architectures', 2, 'MON', '5:30 - 7:30 pm', 'Online Option', 0, 'Leonard Evenchik', '53 Church Street L01', 'E');
insert into course (concentration_id, course_id, course_code, course_title, course_term_id, course_day, course_time, course_type, course_limit, instructor, location, attributes) values (3, 311, 'CSCIE-45A', 'Understanding and Securing the Cyber Infrastructure', 2, 'FRI', '5:30 - 7:30 pm', 'Online Option', 0, 'Scott Bradner & Benoit Gaucherin', 'Maxwell-Dworkin G125', 'E');
insert into course (concentration_id, course_id, course_code, course_title, course_term_id, course_day, course_time, course_type, course_limit, instructor, location, attributes) values (3, 312, 'CSCIE-55', 'Java for Distributed Computing', 2, 'WED', '7:40 - 9:40 pm', 'Online Option', 0, 'Charles M. Sawyer Jr.', 'Byerly Hall 013', 'P,E');
insert into course (concentration_id, course_id, course_code, course_title, course_term_id, course_day, course_time, course_type, course_limit, instructor, location, attributes) values (3, 313, 'CSCIE-56', 'Web Application Development with Groovy and Grails', 2, 'FRI', '5:30 - 7:30 pm', 'Online Option', 0, 'Burt Beckwith', '53 Church Street L01', 'E');
insert into course (concentration_id, course_id, course_code, course_title, course_term_id, course_day, course_time, course_type, course_limit, instructor, location, attributes) values (3, 314, 'CSCIE-61', 'Systems Programming and Machine Organization', 2, '', '', 'Online Only', 0, 'Eddie Kohler', '', 'E');
insert into course (concentration_id, course_id, course_code, course_title, course_term_id, course_day, course_time, course_type, course_limit, instructor, location, attributes) values (3, 315, 'CSCIE-72', 'Introduction to Computer Graphics', 2, 'TUES', '5:30 - 7:30 pm', 'Online Option', 0, 'Jeff Parker', '1 Story Street 303', 'E');
insert into course (concentration_id, course_id, course_code, course_title, course_term_id, course_day, course_time, course_type, course_limit, instructor, location, attributes) values (3, 316, 'CSCIE-90', 'Cloud Computing', 2, 'FRI', '5:30 - 7:30 pm', 'Online Option', 0, 'Zoran B. Djordjevic', '1 Story Street 306', 'E');
insert into course (concentration_id, course_id, course_code, course_title, course_term_id, course_day, course_time, course_type, course_limit, instructor, location, attributes) values (3, 317, 'CSCIE-95', 'Compiler Design and Implementation', 2, 'TUES', '7:40 - 9:40 pm', 'On Campus Only', 0, 'James L. Frankel', 'Science Center 109', 'E');
insert into course (concentration_id, course_id, course_code, course_title, course_term_id, course_day, course_time, course_type, course_limit, instructor, location, attributes) values (3, 318, 'CSCIE-109', 'Data Science', 2, '', '', 'Online Only', 60, 'Hanspeter Pfister & Joseph K. Blitzstein', '', 'TMF,E');
insert into course (concentration_id, course_id, course_code, course_title, course_term_id, course_day, course_time, course_type, course_limit, instructor, location, attributes) values (3, 319, 'CSCIE-121', 'Introduction to the Theory of Computation', 2, '', '', 'Online Only', 0, 'Harry R. Lewis', '', 'TMF,E');
insert into course (concentration_id, course_id, course_code, course_title, course_term_id, course_day, course_time, course_type, course_limit, instructor, location, attributes) values (3, 320, 'CSCIE-127', 'Introduction to Cryptography', 2, '', '', 'Online Only', 0, 'Salil P. Vadhan', '', 'TMF');
insert into course (concentration_id, course_id, course_code, course_title, course_term_id, course_day, course_time, course_type, course_limit, instructor, location, attributes) values (3, 321, 'CSCIE-205', 'Computing Foundations for Computational Science', 2, '', '', 'Online Only', 0, 'Cristopher Cecka', '', 'E');
insert into course (concentration_id, course_id, course_code, course_title, course_term_id, course_day, course_time, course_type, course_limit, instructor, location, attributes) values (3, 322, 'ENSCE-130', 'Introduction to MEMS with BioMEMS', 2, 'TUES', '5:30 - 7:30 pm', 'Online Option', 0, 'Fawwaz Habbal', 'Pierce Hall 301', 'E');
insert into course (concentration_id, course_id, course_code, course_title, course_term_id, course_day, course_time, course_type, course_limit, instructor, location, attributes) values (3, 323, 'ENSCE-150', 'Introduction to Nanobiotechnology: Concepts and Applications', 2, 'TUES', '5:30 - 7:30 pm', 'Online Option', 0, 'Anas Chalah', 'Pierce Hall 209', 'E');
insert into course (concentration_id, course_id, course_code, course_title, course_term_id, course_day, course_time, course_type, course_limit, instructor, location, attributes) values (3, 324, 'MATHE-21A', 'Multivariable Calculus', 2, 'THUR', '7:40 - 9:40 pm', 'On Campus Only', 0, 'Robert Winters', 'Harvard Hall 201', 'AC');
insert into course (concentration_id, course_id, course_code, course_title, course_term_id, course_day, course_time, course_type, course_limit, instructor, location, attributes) values (3, 325, 'MATHE-23A', 'Linear Algebra and Real Analysis I', 2, 'TUES,THUR', '2:30 - 4 pm', 'On Campus Only', 0, 'Paul G. Bamberg', 'Science Center Hall A', 'TMF,AC,LA,E');
insert into course (concentration_id, course_id, course_code, course_title, course_term_id, course_day, course_time, course_type, course_limit, instructor, location, attributes) values (3, 326, 'MATHE-154', 'Probability Theory', 2, 'MON,WED,FRI', '12 - 1 pm', 'On Campus Only', 0, 'Clifford Taubes', 'Science Center 507', 'TMF,LA,E');
insert into course (concentration_id, course_id, course_code, course_title, course_term_id, course_day, course_time, course_type, course_limit, instructor, location, attributes) values (3, 327, 'MATHE-216', 'Real Analysis Convexity and Optimization', 2, 'TUES,THUR', '11:30 am - 1 pm', 'On Campus Only', 0, 'Paul G. Bamberg', 'Science Center 222', 'E');
insert into course (concentration_id, course_id, course_code, course_title, course_term_id, course_day, course_time, course_type, course_limit, instructor, location, attributes) values (3, 328, 'MATHE-311', 'Investigating the Mathematical Process: An Introduction to Proofs', 2, 'MON', '5:30 - 7:30 pm', 'On Campus Only', 0, 'Jameel Habeeb Al-Aidroos', 'Sever Hall 112', 'E');
insert into course (concentration_id, course_id, course_code, course_title, course_term_id, course_day, course_time, course_type, course_limit, instructor, location, attributes) values (3, 329, 'MATHE-321', 'Hidden Gems: Advanced Topics in Classical Mathematics', 2, 'SAT', '10 am - 12 pm', 'On Campus Only', 0, 'Roberto E. Mart?nez II', 'Science Center 110', 'E');
insert into course (concentration_id, course_id, course_code, course_title, course_term_id, course_day, course_time, course_type, course_limit, instructor, location, attributes) values (3, 330, 'APMAS-111', 'Introduction to Scientific Computing', 1, 'MON,WED', '8:30 am - 11:30 am', 'On Campus Only', 0, 'Marie Dahleh', 'Science Center B-09', 'TMF,E');
insert into course (concentration_id, course_id, course_code, course_title, course_term_id, course_day, course_time, course_type, course_limit, instructor, location, attributes) values (3, 331, 'CSCIS-131B', 'Communication Protocols and Internet Architectures', 1, '', '', 'Online Only', 0, 'Leonard Evenchik', '', 'E');
insert into course (concentration_id, course_id, course_code, course_title, course_term_id, course_day, course_time, course_type, course_limit, instructor, location, attributes) values (3, 332, 'ENSCS-157', 'Introduction to Fabrication of Microfluidic Devices', 1, 'TUES,THUR', '6:30 - 9:30 pm', 'On Campus Only', 15, 'Turgut Fettah Kosar', 'LISE 303', 'E');
insert into course (concentration_id, course_id, course_code, course_title, course_term_id, course_day, course_time, course_type, course_limit, instructor, location, attributes) values (3, 333, 'MATHS-19A', 'Modeling and Differential Equations for the Life Sciences', 1, 'MON,WED,FRI', '12:30 - 2:30 pm', 'On Campus Only', 0, 'John Thomas Hall', 'Science Center 411', 'TMF,E');
insert into course (concentration_id, course_id, course_code, course_title, course_term_id, course_day, course_time, course_type, course_limit, instructor, location, attributes) values (3, 334, 'MATHS-21A', 'Multivariable Calculus', 1, 'TUES,THUR', '8:30 am - 11:30 am', 'On Campus Only', 0, 'Oliver Knill', 'Science Center Hall E', 'AC');
insert into course (concentration_id, course_id, course_code, course_title, course_term_id, course_day, course_time, course_type, course_limit, instructor, location, attributes) values (3, 335, 'MATHS-21B', 'Linear Algebra and Differential Equations', 1, 'MON,WED,FRI', '9:30 am - 11:30 am', 'On Campus Only', 0, 'Robert Winters', 'Harvard Hall 202', 'LA,E');
insert into course (concentration_id, course_id, course_code, course_title, course_term_id, course_day, course_time, course_type, course_limit, instructor, location, attributes) values (3, 336, 'MATHS-101', 'Spaces Mappings and Mathematical Structures (With An Introduction to Proof)', 1, 'TUES,WED,THUR', '12 - 2 pm', 'On Campus Only', 0, 'Peter M. Garfield', 'Science Center 221', 'E');
insert into course (concentration_id, course_id, course_code, course_title, course_term_id, course_day, course_time, course_type, course_limit, instructor, location, attributes) values (3, 337, 'MATHS-302', 'Math for Teaching Geometry', 1, 'MON,TUES,WED,THUR,FRI', '9 am - 11:30 am', 'On Campus Only', 0, 'Andrew Engelward', 'Science Center 411', 'E');
insert into course (concentration_id, course_id, course_code, course_title, course_term_id, course_day, course_time, course_type, course_limit, instructor, location, attributes) values (3, 338, 'MATHS-318', 'Groups and Symmetry', 1, 'MON,TUES,WED,THUR,FRI', '12:30 - 3 pm', 'On Campus Only', 0, 'John D. Boller', 'Science Center B-10', 'E');
insert into course (concentration_id, course_id, course_code, course_title, course_term_id, course_day, course_time, course_type, course_limit, instructor, location, attributes) values (3, 339, 'MATHS-322', 'Real Analysis for Calculus Teachers', 1, 'MON,TUES,WED,THUR,FRI', '8:30 am - 11 am', 'On Campus Only', 0, 'Paul G. Bamberg & Katherine Leigh Penner', 'Science Center 310', 'E');
insert into course (concentration_id, course_id, course_code, course_title, course_term_id, course_day, course_time, course_type, course_limit, instructor, location, attributes) values (3, 340, 'PHYSS-123', 'Laboratory Electronics: Analog and Digital Circuit Design', 1, 'MON,WED,THUR', '9 am - 1 pm', 'On Campus Only', 20, 'David Eric Abrams', 'Science Center 206', 'E');
insert into course (concentration_id, course_id, course_code, course_title, course_term_id, course_day, course_time, course_type, course_limit, instructor, location, attributes) values (4, 341, 'CSCIE-8', 'Web GIS: Principles and Applications', 4, 'THUR', '7:40 - 9:40 pm', 'Web-Conference Course', 50, 'Pinde Fu', '', 'E');
insert into course (concentration_id, course_id, course_code, course_title, course_term_id, course_day, course_time, course_type, course_limit, instructor, location, attributes) values (4, 342, 'CSCIE-10B', 'Introduction to Computer Science Using Java II', 4, '', '', 'Online Only', 0, 'Henry H. Leitner', '', 'CD,E');
insert into course (concentration_id, course_id, course_code, course_title, course_term_id, course_day, course_time, course_type, course_limit, instructor, location, attributes) values (4, 343, 'CSCIE-12', 'Fundamentals of Website Development', 4, 'MON', '7:40 - 9:40 pm', 'Online Option', 0, 'David P. Heitmeyer', 'Maxwell-Dworkin G115', 'WDD,E');
insert into course (concentration_id, course_id, course_code, course_title, course_term_id, course_day, course_time, course_type, course_limit, instructor, location, attributes) values (4, 344, 'CSCIE-35', 'Essential Modern UI Windows 8.1 App Development and Cloud Computing', 4, 'WED', '7:40 - 9:40 pm', 'Online Option', 0, 'Joseph Ficara', '1 Story Street 303', 'E');
insert into course (concentration_id, course_id, course_code, course_title, course_term_id, course_day, course_time, course_type, course_limit, instructor, location, attributes) values (4, 345, 'CSCIE-42', 'Internet Voice Video and Telepresence', 4, 'MON', '5:30 - 7:30 pm', 'Online Option', 0, 'Leonard Evenchik', 'Maxwell-Dworkin G125', 'E');
insert into course (concentration_id, course_id, course_code, course_title, course_term_id, course_day, course_time, course_type, course_limit, instructor, location, attributes) values (4, 346, 'CSCIE-50', 'Intensive Introduction to Computer Science', 4, '', '', 'Online Only', 100, 'David J. Malan', '', 'CD,E');
insert into course (concentration_id, course_id, course_code, course_title, course_term_id, course_day, course_time, course_type, course_limit, instructor, location, attributes) values (4, 347, 'CSCIE-51', 'Abstraction and Design in Computation', 4, '', '', 'Online Only', 0, 'Henry H. Leitner & Jesse Tov', '', 'E');
insert into course (concentration_id, course_id, course_code, course_title, course_term_id, course_day, course_time, course_type, course_limit, instructor, location, attributes) values (4, 348, 'CSCIE-55', 'Java for Distributed Computing', 4, '', '', 'Online Only', 0, 'Charles M. Sawyer Jr.', '', 'E');
insert into course (concentration_id, course_id, course_code, course_title, course_term_id, course_day, course_time, course_type, course_limit, instructor, location, attributes) values (4, 349, 'CSCIE-66', 'Database and Information Management Systems', 4, 'WED', '7:40 - 9:40 pm', 'Online Option', 0, 'David G. Sullivan', '1 Story Street 306', 'E');
insert into course (concentration_id, course_id, course_code, course_title, course_term_id, course_day, course_time, course_type, course_limit, instructor, location, attributes) values (4, 350, 'CSCIE-171', 'Visualization', 4, '', '', 'Online Only', 0, 'Hanspeter Pfister', '', 'E');
insert into course (concentration_id, course_id, course_code, course_title, course_term_id, course_day, course_time, course_type, course_limit, instructor, location, attributes) values (4, 351, 'CSCIE-181', 'Machine Learning', 4, '', '', 'Online Only', 0, 'Ryan Adams', '', 'E');
insert into course (concentration_id, course_id, course_code, course_title, course_term_id, course_day, course_time, course_type, course_limit, instructor, location, attributes) values (4, 352, 'DGMDE-10', 'Exposing Digital Photography', 4, 'WED', '5:30 - 7:30 pm', 'On Campus Only', 0, 'John Selig', 'Harvard Hall 201', 'DIGM,E');
insert into course (concentration_id, course_id, course_code, course_title, course_term_id, course_day, course_time, course_type, course_limit, instructor, location, attributes) values (4, 353, 'DGMDE-15', 'Creative Explorations in Screen-Based and Physical Computing', 4, 'THUR', '5:30 - 7:30 pm', 'On Campus Only', 30, 'Bakhtiar Mikhak', '53 Church Street 104', 'CD,E');
insert into course (concentration_id, course_id, course_code, course_title, course_term_id, course_day, course_time, course_type, course_limit, instructor, location, attributes) values (4, 354, 'DGMDE-25', 'Introduction to Web Content Management Systems Site Development', 4, '', '', 'Online Only', 0, 'Jennifer A. Kramer', '', 'WDD,E');
insert into course (concentration_id, course_id, course_code, course_title, course_term_id, course_day, course_time, course_type, course_limit, instructor, location, attributes) values (4, 355, 'DGMDE-35', 'Video Editing and Digital Design', 4, 'TUES', '5:30 - 7:30 pm', 'On Campus Only', 30, 'Allyson Sherlock', '53 Church Street 104', 'DIGM,E');
insert into course (concentration_id, course_id, course_code, course_title, course_term_id, course_day, course_time, course_type, course_limit, instructor, location, attributes) values (4, 356, 'EDUCE-113', 'Instructional Design Studio', 4, 'MON', '5:30 - 7:30 pm', 'On Campus Only', 20, 'Stacie Cassat Green', '51 Brattle Street 323', 'EID,E');
insert into course (concentration_id, course_id, course_code, course_title, course_term_id, course_day, course_time, course_type, course_limit, instructor, location, attributes) values (4, 357, 'ENSCE-105', 'Engineering Innovation with Information Technology', 4, 'TUES', '7:40 - 9:40 pm', 'Online Option', 0, 'Wego Wang', 'Byerly Hall 013', 'E');
insert into course (concentration_id, course_id, course_code, course_title, course_term_id, course_day, course_time, course_type, course_limit, instructor, location, attributes) values (4, 358, 'EXPOE-48', 'Multimedia Communication: Digital Storytelling', 4, 'MON', '5:30 - 7:30 pm', 'Online Option', 80, 'Marlon Kuzmick', '53 Church Street L01', 'EID,E');
insert into course (concentration_id, course_id, course_code, course_title, course_term_id, course_day, course_time, course_type, course_limit, instructor, location, attributes) values (4, 359, 'ISMTE-155', 'Geographic Communication Today', 4, 'MON', '5:30 - 7:30 pm', 'On Campus Only', 30, 'Jeff Blossom', '53 Church Street 201', 'E');
insert into course (concentration_id, course_id, course_code, course_title, course_term_id, course_day, course_time, course_type, course_limit, instructor, location, attributes) values (4, 360, 'PSYCE-1034', 'Adult Development', 4, '', '', 'Online Only', 120, 'Robert Kegan', '', 'E');
insert into course (concentration_id, course_id, course_code, course_title, course_term_id, course_day, course_time, course_type, course_limit, instructor, location, attributes) values (4, 361, 'CSCIE-15', 'Dynamic Web Applications', 2, 'WED', '5:30 - 7:30 pm', 'Online Option', 0, 'Susan Buck', 'Maxwell-Dworkin G115', 'WDD,E');
insert into course (concentration_id, course_id, course_code, course_title, course_term_id, course_day, course_time, course_type, course_limit, instructor, location, attributes) values (4, 362, 'CSCIE-18', 'Web Development Using XML', 2, 'MON', '7:40 - 9:40 pm', 'Online Option', 0, 'David P. Heitmeyer', '1 Story Street 304', 'WDD,E');
insert into course (concentration_id, course_id, course_code, course_title, course_term_id, course_day, course_time, course_type, course_limit, instructor, location, attributes) values (4, 363, 'CSCIE-50', 'Intensive Introduction to Computer Science', 2, '', '', 'Online Only', 0, 'David J. Malan', '', 'CD,E');
insert into course (concentration_id, course_id, course_code, course_title, course_term_id, course_day, course_time, course_type, course_limit, instructor, location, attributes) values (4, 364, 'CSCIE-55', 'Java for Distributed Computing', 2, 'WED', '7:40 - 9:40 pm', 'Online Option', 0, 'Charles M. Sawyer Jr.', 'Byerly Hall 013', 'E');
insert into course (concentration_id, course_id, course_code, course_title, course_term_id, course_day, course_time, course_type, course_limit, instructor, location, attributes) values (4, 365, 'CSCIE-56', 'Web Application Development with Groovy and Grails', 2, 'FRI', '5:30 - 7:30 pm', 'Online Option', 0, 'Burt Beckwith', '53 Church Street L01', 'WDD,E');
insert into course (concentration_id, course_id, course_code, course_title, course_term_id, course_day, course_time, course_type, course_limit, instructor, location, attributes) values (4, 366, 'CSCIE-60', 'Developing Web-Based Database Applications', 2, 'MON', '5:30 - 7:30 pm', 'Online Option', 0, 'Maria R. Garcia', '1 Story Street 303', 'WDD,E');
insert into course (concentration_id, course_id, course_code, course_title, course_term_id, course_day, course_time, course_type, course_limit, instructor, location, attributes) values (4, 367, 'CSCIE-61', 'Systems Programming and Machine Organization', 2, '', '', 'Online Only', 0, 'Eddie Kohler', '', 'E');
insert into course (concentration_id, course_id, course_code, course_title, course_term_id, course_day, course_time, course_type, course_limit, instructor, location, attributes) values (4, 368, 'CSCIE-62', 'Modern Mobile Development', 2, 'TUES', '5:30 - 7:30 pm', 'On Campus Only', 30, 'Edwin Guarin & Robert Familiar', '53 Church Street 203', 'WDD,E');
insert into course (concentration_id, course_id, course_code, course_title, course_term_id, course_day, course_time, course_type, course_limit, instructor, location, attributes) values (4, 369, 'CSCIE-65', 'Building Mobile Apps: A Comparative View of Mobile Application Development', 2, 'FRI', '5:30 - 7:30 pm', 'Online Option', 120, 'Jonathan Levin', 'Maxwell-Dworkin G115', 'WDD,E');
insert into course (concentration_id, course_id, course_code, course_title, course_term_id, course_day, course_time, course_type, course_limit, instructor, location, attributes) values (4, 370, 'CSCIE-72', 'Introduction to Computer Graphics', 2, 'TUES', '5:30 - 7:30 pm', 'Online Option', 0, 'Jeff Parker', '1 Story Street 303', 'E');
insert into course (concentration_id, course_id, course_code, course_title, course_term_id, course_day, course_time, course_type, course_limit, instructor, location, attributes) values (4, 371, 'CSCIE-80', 'Artificial Intelligence', 2, 'THUR', '5:30 - 7:30 pm', 'On Campus Only', 0, 'Eric Breck', 'Northwest Science Building B108', 'E');
insert into course (concentration_id, course_id, course_code, course_title, course_term_id, course_day, course_time, course_type, course_limit, instructor, location, attributes) values (4, 372, 'CSCIE-90', 'Cloud Computing', 2, 'FRI', '5:30 - 7:30 pm', 'Online Option', 0, 'Zoran B. Djordjevic', '1 Story Street 306', 'E');
insert into course (concentration_id, course_id, course_code, course_title, course_term_id, course_day, course_time, course_type, course_limit, instructor, location, attributes) values (4, 373, 'CSCIE-205', 'Computing Foundations for Computational Science', 2, '', '', 'Online Only', 0, 'Cristopher Cecka', '', 'E');
insert into course (concentration_id, course_id, course_code, course_title, course_term_id, course_day, course_time, course_type, course_limit, instructor, location, attributes) values (4, 374, 'DGMDE-5', 'Exploring Digital Media', 2, 'WED', '7:40 - 9:40 pm', 'On Campus Only', 0, 'John Selig', 'Harvard Hall 201', 'DIGM,E');
insert into course (concentration_id, course_id, course_code, course_title, course_term_id, course_day, course_time, course_type, course_limit, instructor, location, attributes) values (4, 375, 'DGMDE-20', 'Understanding and Developing Interactive Media', 2, '', '', 'Online Only', 0, 'Jennifer A. Kramer', '', 'DIGM,E');
insert into course (concentration_id, course_id, course_code, course_title, course_term_id, course_day, course_time, course_type, course_limit, instructor, location, attributes) values (4, 376, 'DGMDE-30', 'Video Field Production', 2, 'TUES', '5:30 - 7:30 pm', 'On Campus Only', 30, 'Allyson Sherlock', '53 Church Street 104', 'DIGM,E');
insert into course (concentration_id, course_id, course_code, course_title, course_term_id, course_day, course_time, course_type, course_limit, instructor, location, attributes) values (4, 377, 'DGMDE-40', 'Producing Educational Video', 2, 'MON', '5:30 - 7:30 pm', 'On Campus Only', 30, 'Marlon Kuzmick', '53 Church Street 104', 'DIGM,E');
insert into course (concentration_id, course_id, course_code, course_title, course_term_id, course_day, course_time, course_type, course_limit, instructor, location, attributes) values (4, 378, 'EDUCE-103', 'Introduction to Instructional Design', 2, 'SAT', '10 am - 1:15 pm', 'On Campus Only', 0, 'Stacie Cassat Green & Denise M. Snyder', 'Pierce Hall 301', 'EID,E');
insert into course (concentration_id, course_id, course_code, course_title, course_term_id, course_day, course_time, course_type, course_limit, instructor, location, attributes) values (4, 379, 'ISMTE-150', 'Introduction to GIS', 2, 'THUR', '5:30 - 7:30 pm', 'On Campus Only', 20, 'Wendy Guan', '53 Church Street 201', 'E');
insert into course (concentration_id, course_id, course_code, course_title, course_term_id, course_day, course_time, course_type, course_limit, instructor, location, attributes) values (4, 380, 'CSCIS-24', 'Video Editing and Digital Design', 1, 'MON,WED', '6:30 - 9:30 pm', 'On Campus Only', 30, 'Allyson Sherlock', '53 Church Street 104', 'DIGM,E');
insert into course (concentration_id, course_id, course_code, course_title, course_term_id, course_day, course_time, course_type, course_limit, instructor, location, attributes) values (4, 381, 'CSCIS-76', 'Building Mobile Applications', 1, 'MON,WED', '6:30 - 9:30 pm', 'On Campus Only', 30, 'David J. Malan', 'Northwest Science Building B101', 'WDD,E');
insert into course (concentration_id, course_id, course_code, course_title, course_term_id, course_day, course_time, course_type, course_limit, instructor, location, attributes) values (4, 382, 'CSCIS-111', 'Intensive Introduction to Computer Science Using Java', 1, 'MON,TUES,WED,THUR,FRI', '8:30 am - 11:30 am', 'On Campus Only', 0, 'Henry H. Leitner & David G. Sullivan', 'Maxwell-Dworkin G115', 'CD,E');
insert into course (concentration_id, course_id, course_code, course_title, course_term_id, course_day, course_time, course_type, course_limit, instructor, location, attributes) values (4, 383, 'EXPOS-48', 'Multimedia Communication: Introduction to Digital Storytelling', 1, 'MON,WED', '3:15 - 6:15 pm', 'On Campus Only', 15, 'Marlon Kuzmick', '53 Church Street 104', 'EID,E');
insert into course (concentration_id, course_id, course_code, course_title, course_term_id, course_day, course_time, course_type, course_limit, instructor, location, attributes) values (4, 384, 'ISMTS-170', 'Human Factors in Information Systems Design', 1, 'TUES,THUR', '6:30 - 9:30 pm', 'On Campus Only', 50, 'Dennis F. Galletta', 'Northwest Science Building B108', 'EID,E');
insert into course (concentration_id, course_id, course_code, course_title, course_term_id, course_day, course_time, course_type, course_limit, instructor, location, attributes) values (4, 385, 'CSCIE-10A', 'Introduction to Computer Science Using Java I', 6, '', '', 'Online Only', 0, 'Henry H. Leitner', '', 'CD,E');
insert into course (concentration_id, course_id, course_code, course_title, course_term_id, course_day, course_time, course_type, course_limit, instructor, location, attributes) values (4, 386, 'CSCIE-15', 'Dynamic Web Applications', 6, 'THUR', '5:30 - 7:30 pm', 'Online Option', 0, 'Susan Buck', 'Maxwell-Dworkin G115', 'WDD,E');
insert into course (concentration_id, course_id, course_code, course_title, course_term_id, course_day, course_time, course_type, course_limit, instructor, location, attributes) values (4, 387, 'CSCIE-18', 'Web Development Using XML', 6, 'MON', '7:40 - 9:40 pm', 'Online Option', 0, 'David P. Heitmeyer', 'One Brattle Square 202', 'WDD,E');
insert into course (concentration_id, course_id, course_code, course_title, course_term_id, course_day, course_time, course_type, course_limit, instructor, location, attributes) values (4, 388, 'CSCIE-26', 'Introduction to C Unix/Linux Programming and Web Interfaces', 6, 'WED', '7:40 - 9:40 pm', 'On Campus Only', 0, 'Bruce Molay', 'Science Center B-10', 'E');
insert into course (concentration_id, course_id, course_code, course_title, course_term_id, course_day, course_time, course_type, course_limit, instructor, location, attributes) values (4, 389, 'CSCIE-34', 'User Experience Engineering', 6, 'MON', '7:40 - 9:40 pm', 'Online Option', 0, 'David S. Platt', 'Maxwell-Dworkin G125', 'E');
insert into course (concentration_id, course_id, course_code, course_title, course_term_id, course_day, course_time, course_type, course_limit, instructor, location, attributes) values (4, 390, 'CSCIE-50', 'Intensive Introduction to Computer Science', 6, '', '', 'Online Only', 200, 'David J. Malan', '', 'CD,E');
insert into course (concentration_id, course_id, course_code, course_title, course_term_id, course_day, course_time, course_type, course_limit, instructor, location, attributes) values (4, 391, 'CSCIE-55', 'Java for Distributed Computing', 6, 'WED', '7:40 - 9:40 pm', 'Online Option', 0, 'Charles M. Sawyer Jr.', 'Byerly Hall 013', 'E');
insert into course (concentration_id, course_id, course_code, course_title, course_term_id, course_day, course_time, course_type, course_limit, instructor, location, attributes) values (4, 392, 'CSCIE-56', 'Web Application Development with Groovy and Grails', 6, 'WED', '5:30 - 7:30 pm', 'Online Option', 0, 'Burt Beckwith', '53 Church Street L01', 'WDD,E');
insert into course (concentration_id, course_id, course_code, course_title, course_term_id, course_day, course_time, course_type, course_limit, instructor, location, attributes) values (4, 393, 'CSCIE-60', 'Developing Web-Based Database Applications', 6, 'WED', '5:30 - 7:30 pm', 'Online Option', 0, 'Maria R. Garcia Altobello', 'Byerly Hall 013', 'WDD,E');
insert into course (concentration_id, course_id, course_code, course_title, course_term_id, course_day, course_time, course_type, course_limit, instructor, location, attributes) values (4, 394, 'CSCIE-61', 'Systems Programming and Machine Organization', 6, '', '', 'Online Only', 0, 'Eddie Kohler', '', 'E');
insert into course (concentration_id, course_id, course_code, course_title, course_term_id, course_day, course_time, course_type, course_limit, instructor, location, attributes) values (4, 395, 'CSCIE-90', 'Cloud Computing', 6, 'FRI', '5:30 - 7:30 pm', 'Online Option', 0, 'Zoran B. Djordjevic', '1 Story Street 306', 'E');
insert into course (concentration_id, course_id, course_code, course_title, course_term_id, course_day, course_time, course_type, course_limit, instructor, location, attributes) values (4, 396, 'DGMDE-10', 'Exposing Digital Photography', 6, 'WED', '7:40 - 9:40 pm', 'Online Option', 0, 'Daniel Armendariz', 'One Brattle Square 202', 'DIGM,E');
insert into course (concentration_id, course_id, course_code, course_title, course_term_id, course_day, course_time, course_type, course_limit, instructor, location, attributes) values (4, 397, 'DGMDE-20', 'Understanding and Developing Interactive Media', 6, '', '', 'Online Only', 0, 'Jennifer A. Kramer', '', 'DIGM,E');
insert into course (concentration_id, course_id, course_code, course_title, course_term_id, course_day, course_time, course_type, course_limit, instructor, location, attributes) values (4, 398, 'DGMDE-30', 'Video Field Production', 6, 'TUES', '5:30 - 7:30 pm', 'On Campus Only', 30, 'Allyson Sherlock', '53 Church Street 104', 'DIGM,E');
insert into course (concentration_id, course_id, course_code, course_title, course_term_id, course_day, course_time, course_type, course_limit, instructor, location, attributes) values (4, 399, 'DGMDE-38', 'Lighting for Video and Post-Production FX Editing', 6, 'THUR', '7:40 - 9:40 pm', 'On Campus Only', 20, 'Padrick Ritch', '53 Church Street 203', 'DIGM,E');
insert into course (concentration_id, course_id, course_code, course_title, course_term_id, course_day, course_time, course_type, course_limit, instructor, location, attributes) values (4, 400, 'DGMDE-40', 'Producing Educational Video', 6, '', '', 'Hybrid', 30, 'Marlon Kuzmick', '', 'DIGM,E');
insert into course (concentration_id, course_id, course_code, course_title, course_term_id, course_day, course_time, course_type, course_limit, instructor, location, attributes) values (4, 401, 'EDUCE-103', 'Introduction to Instructional Design', 6, 'SAT', '10 am - 1:15 pm', 'On Campus Only', 0, 'Stacie Cassat Green & Denise M. Snyder', 'Pierce Hall 301', 'EID,E');
insert into course (concentration_id, course_id, course_code, course_title, course_term_id, course_day, course_time, course_type, course_limit, instructor, location, attributes) values (4, 402, 'ISMTE-150', 'Introduction to GIS', 6, 'THUR', '5:30 - 7:30 pm', 'Web-Conference Course', 20, 'Wendy Guan', '', 'E');
insert into course (concentration_id, course_id, course_code, course_title, course_term_id, course_day, course_time, course_type, course_limit, instructor, location, attributes) values (4, 403, 'DGMDE-27', 'Beyond the Basics of Front-End Web Design', 7, 'MON,TUES,WED,THUR', '9 am - 12 pm', 'On Campus Only', 30, 'Jennifer A. Kramer', '53 Church Street 104', 'WDD,E');
insert into course (concentration_id, course_id, course_code, course_title, course_term_id, course_day, course_time, course_type, course_limit, instructor, location, attributes) values (4, 404, 'EXPOE-48', 'Multimedia Communication: Introduction to Digital Storytelling', 7, 'MON,TUES,WED,THUR', '5:30 - 8:30 pm', 'On Campus Only', 30, 'Marlon Kuzmick', '53 Church Street 104', 'EID,E');
insert into course (concentration_id, course_id, course_code, course_title, course_term_id, course_day, course_time, course_type, course_limit, instructor, location, attributes) values (4, 405, 'CSCIE-3', 'Introduction to Web Programming Using JavaScript', 8, 'TUES', '5:30 - 7:30 pm', 'Online Option', 0, 'Larry Bouthillier', '1 Story Street 304', 'CD,E');
insert into course (concentration_id, course_id, course_code, course_title, course_term_id, course_day, course_time, course_type, course_limit, instructor, location, attributes) values (4, 406, 'CSCIE-8', 'Web GIS: Principles and Applications', 8, 'THUR', '7:40 - 9:40 pm', 'Web-Conference Course', 50, 'Pinde Fu', '', 'E');
insert into course (concentration_id, course_id, course_code, course_title, course_term_id, course_day, course_time, course_type, course_limit, instructor, location, attributes) values (4, 407, 'CSCIE-10B', 'Introduction to Computer Science Using Java II', 8, 'MON', '5:30 - 7:30 pm', 'Online Option', 0, 'Henry H. Leitner', 'Maxwell-Dworkin G115', 'CD,E');
insert into course (concentration_id, course_id, course_code, course_title, course_term_id, course_day, course_time, course_type, course_limit, instructor, location, attributes) values (4, 408, 'CSCIE-12', 'Fundamentals of Website Development', 8, 'TUES', '7:40 - 9:40 pm', 'Online Option', 0, 'David P. Heitmeyer', 'Maxwell-Dworkin G115', 'WDD,E');
insert into course (concentration_id, course_id, course_code, course_title, course_term_id, course_day, course_time, course_type, course_limit, instructor, location, attributes) values (4, 409, 'CSCIE-50', 'Intensive Introduction to Computer Science', 8, '', '', 'Online Only', 200, 'David J. Malan', '', 'CD,E');
insert into course (concentration_id, course_id, course_code, course_title, course_term_id, course_day, course_time, course_type, course_limit, instructor, location, attributes) values (4, 410, 'CSCIE-51', 'Abstraction and Design in Computation', 8, '', '', 'Online Only', 0, 'John Gregory Morrisett', '', 'E');
insert into course (concentration_id, course_id, course_code, course_title, course_term_id, course_day, course_time, course_type, course_limit, instructor, location, attributes) values (4, 411, 'CSCIE-55', 'Java for Distributed Computing', 8, '', '', 'Online Only', 0, 'Charles M. Sawyer Jr.', '', 'E');
insert into course (concentration_id, course_id, course_code, course_title, course_term_id, course_day, course_time, course_type, course_limit, instructor, location, attributes) values (4, 412, 'CSCIE-64', 'Mobile and Cloud Computing', 8, 'THUR', '7:40 - 9:40 pm', 'Online Option', 0, 'Joseph Ficara', 'Maxwell-Dworkin G125', 'E');
insert into course (concentration_id, course_id, course_code, course_title, course_term_id, course_day, course_time, course_type, course_limit, instructor, location, attributes) values (4, 413, 'CSCIE-66', 'Database Systems', 8, 'WED', '7:40 - 9:40 pm', 'Online Option', 0, 'David G. Sullivan', '1 Story Street 306', 'E');
insert into course (concentration_id, course_id, course_code, course_title, course_term_id, course_day, course_time, course_type, course_limit, instructor, location, attributes) values (4, 414, 'CSCIE-171', 'Visualization', 8, '', '', 'Online Only', 0, 'Alexander Lex', '', 'E');
insert into course (concentration_id, course_id, course_code, course_title, course_term_id, course_day, course_time, course_type, course_limit, instructor, location, attributes) values (4, 415, 'DGMDE-5', 'Exploring Digital Media', 8, 'WED', '7:40 - 9:40 pm', 'On Campus Only', 0, 'John Selig', 'Harvard Hall 202', 'DIGM,E');
insert into course (concentration_id, course_id, course_code, course_title, course_term_id, course_day, course_time, course_type, course_limit, instructor, location, attributes) values (4, 416, 'DGMDE-15', 'Creative Explorations in Screen-Based and Physical Computing', 8, 'THUR', '5:30 - 7:30 pm', 'On Campus Only', 30, 'Bakhtiar Mikhak & Alec Michael Resnick', '53 Church Street 104', 'CD,E');
insert into course (concentration_id, course_id, course_code, course_title, course_term_id, course_day, course_time, course_type, course_limit, instructor, location, attributes) values (4, 417, 'DGMDE-25', 'Introduction to Web Content Management Systems Site Development', 8, '', '', 'Online Only', 0, 'Jennifer A. Kramer', '', 'WDD,E');
insert into course (concentration_id, course_id, course_code, course_title, course_term_id, course_day, course_time, course_type, course_limit, instructor, location, attributes) values (4, 418, 'DGMDE-35', 'Video Editing and Digital Design', 8, 'TUES', '5:30 - 7:30 pm', 'On Campus Only', 30, 'Allyson Sherlock', '53 Church Street 104', 'DIGM,E');
insert into course (concentration_id, course_id, course_code, course_title, course_term_id, course_day, course_time, course_type, course_limit, instructor, location, attributes) values (4, 419, 'DGMDE-599', 'Capstone Design Studio', 8, 'MON', '5:30 - 7:30 pm', 'On Campus Only', 20, 'Allyson Sherlock', '53 Church Street 104', 'DCAP');
insert into course (concentration_id, course_id, course_code, course_title, course_term_id, course_day, course_time, course_type, course_limit, instructor, location, attributes) values (4, 420, 'ENSCE-105', 'Engineering Innovation with Information Technology', 8, 'WED', '7:40 - 9:40 pm', 'Web-Conference Course', 40, 'Wego Wang', '', 'E');
insert into course (concentration_id, course_id, course_code, course_title, course_term_id, course_day, course_time, course_type, course_limit, instructor, location, attributes) values (4, 421, 'EXPOE-48', 'Multimedia Communication: Introduction to Digital Storytelling', 8, '', '', 'Hybrid', 30, 'Marlon Kuzmick', '', 'EID,E');
insert into course (concentration_id, course_id, course_code, course_title, course_term_id, course_day, course_time, course_type, course_limit, instructor, location, attributes) values (4, 422, 'ISMTE-155', 'Geographic Communication Today', 8, 'MON', '5:30 - 7:30 pm', 'Web-Conference Course', 30, 'Jeff Blossom', '', 'E');
insert into course (concentration_id, course_id, course_code, course_title, course_term_id, course_day, course_time, course_type, course_limit, instructor, location, attributes) values (4, 423, 'ISMTE-170', 'Human Factors in Information Systems Design', 8, 'MON', '7:40 - 9:40 pm', 'Web-Conference Course', 35, 'Dennis F. Galletta', '', 'EID,E');
insert into course (concentration_id, course_id, course_code, course_title, course_term_id, course_day, course_time, course_type, course_limit, instructor, location, attributes) values (4, 424, 'CSCIS-15', 'Dynamic Web Applications', 5, 'TUES,THUR', '6:30 - 9:30 pm', 'On Campus Only', 0, 'Susan Buck', 'Northwest Science Building B103', 'WDD,E');
insert into course (concentration_id, course_id, course_code, course_title, course_term_id, course_day, course_time, course_type, course_limit, instructor, location, attributes) values (4, 425, 'CSCIS-111', 'Intensive Introduction to Computer Science Using Java', 5, 'MON,TUES,WED,THUR,FRI', '8:30 am - 11:30 am', 'On Campus Only', 0, 'David G. Sullivan', 'Maxwell-Dworkin G115', 'CD,E');
insert into course (concentration_id, course_id, course_code, course_title, course_term_id, course_day, course_time, course_type, course_limit, instructor, location, attributes) values (4, 426, 'DGMDS-5', 'Exploring Digital Media', 5, 'MON,WED', '12 - 3 pm', 'On Campus Only', 0, 'John Selig', 'Harvard Hall 201', 'DIGM,E');
insert into course (concentration_id, course_id, course_code, course_title, course_term_id, course_day, course_time, course_type, course_limit, instructor, location, attributes) values (4, 427, 'DGMDS-30', 'Video Field Production', 5, 'MON,WED', '6:30 - 9:30 pm', 'On Campus Only', 30, 'Allyson Sherlock', '53 Church Street 104', 'DIGM,E');
insert into course (concentration_id, course_id, course_code, course_title, course_term_id, course_day, course_time, course_type, course_limit, instructor, location, attributes) values (4, 428, 'EXPOS-48', 'Multimedia Communication: Introduction to Digital Storytelling', 5, 'MON,WED', '12 - 3 pm', 'On Campus Only', 15, 'Marlon Kuzmick', '53 Church Street 104', 'EID,E');
insert into course (concentration_id, course_id, course_code, course_title, course_term_id, course_day, course_time, course_type, course_limit, instructor, location, attributes) values (4, 429, 'ISMTS-170', 'Human Factors in Information Systems Design', 5, 'TUES,THUR', '6:30 - 9:30 pm', 'On Campus Only', 44, 'Dennis F. Galletta', 'Northwest Science Building B108', 'EID,E');
insert into course (concentration_id, course_id, course_code, course_title, course_term_id, course_day, course_time, course_type, course_limit, instructor, location, attributes) values (4, 430, 'MUSIS-190R', 'Technomusicology', 5, 'TUES,THUR', '6:30 - 9:30 pm', 'On Campus Only', 0, 'Wayne G. Marshall', '53 Church Street 202', 'E');
insert into course (concentration_id, course_id, course_code, course_title, course_term_id, course_day, course_time, course_type, course_limit, instructor, location, attributes) values (4, 431, 'STATS-110', 'Introduction to Probability', 5, 'MON,WED', '3:15 - 6:15 pm', 'Online Option', 0, 'Kevin A. Rader', '1 Story Street 306', 'E');
CREATE TABLE course_terms ( course_term_id int(10) unsigned NOT NULL, course_term_label varchar(64) NOT NULL, course_year int(10) unsigned NOT NULL, start_day int(10) unsigned NOT NULL, start_month int(10) unsigned NOT NULL, end_day int(10) unsigned NOT NULL, end_month int(10) unsigned NOT NULL, current_course tinyint(1) NOT NULL, PRIMARY KEY (course_term_id) ) ENGINE=InnoDB DEFAULT CHARSET=latin1;
insert into course_terms (course_term_id, course_term_label, course_year, start_day, start_month, end_day, end_month, current_course) values (1, 'Summer 2013', 2013, 21, 6, 9, 8, false);
insert into course_terms (course_term_id, course_term_label, course_year, start_day, start_month, end_day, end_month, current_course) values (2, 'Fall 2013', 2013, 2, 9, 20, 12, false);
insert into course_terms (course_term_id, course_term_label, course_year, start_day, start_month, end_day, end_month, current_course) values (3, 'January 2014', 2014, 5, 1, 24, 1, false);
insert into course_terms (course_term_id, course_term_label, course_year, start_day, start_month, end_day, end_month, current_course) values (4, 'Spring 2014', 2014, 26, 1, 16, 5, false);
insert into course_terms (course_term_id, course_term_label, course_year, start_day, start_month, end_day, end_month, current_course) values (5, 'Summer 2014', 2014, 21, 6, 9, 8, true);
insert into course_terms (course_term_id, course_term_label, course_year, start_day, start_month, end_day, end_month, current_course) values (6, 'Fall 2014', 2014, 2, 9, 20, 12, true);
insert into course_terms (course_term_id, course_term_label, course_year, start_day, start_month, end_day, end_month, current_course) values (7, 'January 2015', 2015, 5, 1, 24, 1, true);
insert into course_terms (course_term_id, course_term_label, course_year, start_day, start_month, end_day, end_month, current_course) values (8, 'Spring 2015', 2015, 26, 1, 16, 5, true);
CREATE TABLE grades ( grade_id int(10) unsigned NOT NULL, grade_label varchar(64) NOT NULL, gpa decimal(3,2) NOT NULL, PRIMARY KEY (grade_id) ) ENGINE=InnoDB DEFAULT CHARSET=latin1;
insert into grades (grade_id, grade_label, gpa) values (1, 'Registered', -1.00);
insert into grades (grade_id, grade_label, gpa) values (2, 'A', 4.00);
insert into grades (grade_id, grade_label, gpa) values (3, 'A-', 3.67);
insert into grades (grade_id, grade_label, gpa) values (4, 'B+', 3.33);
insert into grades (grade_id, grade_label, gpa) values (5, 'B', 3.00);
insert into grades (grade_id, grade_label, gpa) values (6, 'B-', 2.67);
insert into grades (grade_id, grade_label, gpa) values (7, 'C+', 2.33);
insert into grades (grade_id, grade_label, gpa) values (8, 'C', 2.00);
insert into grades (grade_id, grade_label, gpa) values (9, 'C-', 1.67);
insert into grades (grade_id, grade_label, gpa) values (10, 'D+', 1.33);
insert into grades (grade_id, grade_label, gpa) values (11, 'D', 1.00);
insert into grades (grade_id, grade_label, gpa) values (12, 'D-', 0.67);
insert into grades (grade_id, grade_label, gpa) values (13, 'E', 0.00);
insert into grades (grade_id, grade_label, gpa) values (14, 'Withdrawal', 0.00);
insert into grades (grade_id, grade_label, gpa) values (15, 'Required to Withdraw', 0.00);
insert into grades (grade_id, grade_label, gpa) values (16, 'Excluded from Course', 0.00);
CREATE TABLE mobile_auth_token ( user_id int(10) unsigned NOT NULL, auth_token varchar(255) NOT NULL, device_type varchar(32) NOT NULL, device_os varchar(32) NOT NULL, create_date timestamp DEFAULT CURRENT_TIMESTAMP, modify_date datetime DEFAULT '0000-00-00 00:00:00' NOT NULL, PRIMARY KEY (user_id, device_type, device_os) ) ENGINE=InnoDB DEFAULT CHARSET=latin1;
CREATE TABLE users ( user_id int(10) unsigned NOT NULL AUTO_INCREMENT, username varchar(255) NOT NULL, password_hash varchar(255) NOT NULL, email varchar(255) NOT NULL, registration_type enum('DEGREE','PRE-ADMISSION','GUEST') NOT NULL, concentration_id int(10) unsigned NOT NULL, gpa decimal(3,2), current_login datetime, last_login datetime, create_date timestamp DEFAULT CURRENT_TIMESTAMP, modify_date datetime DEFAULT '0000-00-00 00:00:00' NOT NULL, PRIMARY KEY (user_id) ) ENGINE=InnoDB DEFAULT CHARSET=latin1;
CREATE TABLE users_calendar ( user_id int(10) unsigned NOT NULL, course_id int(10) unsigned NOT NULL, PRIMARY KEY (user_id, course_id) ) ENGINE=InnoDB DEFAULT CHARSET=latin1;
CREATE TABLE users_courses ( user_id int(10) unsigned NOT NULL, course_id int(10) unsigned NOT NULL, grade_id int(10) unsigned NOT NULL, PRIMARY KEY (user_id, course_id) ) ENGINE=InnoDB DEFAULT CHARSET=latin1;