CREATE TABLE announcements ( announcement_id int(10) unsigned NOT NULL AUTO_INCREMENT, registration_type enum('DEGREE','PRE-ADMISSION','GUEST') NOT NULL, concentration_id int(10) unsigned NOT NULL, course_term_id int(10) unsigned NOT NULL, announcement text, PRIMARY KEY (announcement_id) ) ENGINE=InnoDB DEFAULT CHARSET=latin1;
insert into announcements (announcement_id, registration_type, concentration_id, course_term_id, announcement) values (1, 'GUEST', 0, 4, 'Please register for Summer & Fall 2014 Courses');
insert into announcements (announcement_id, registration_type, concentration_id, course_term_id, announcement) values (2, 'GUEST', 0, 4, 'Info session on June 11');
insert into announcements (announcement_id, registration_type, concentration_id, course_term_id, announcement) values (3, 'GUEST', 0, 4, 'Free online courses open to the public');
insert into announcements (announcement_id, registration_type, concentration_id, course_term_id, announcement) values (4, 'PRE-ADMISSION', 0, 4, 'Please register for Summer & Fall 2014 Courses');
insert into announcements (announcement_id, registration_type, concentration_id, course_term_id, announcement) values (5, 'PRE-ADMISSION', 0, 4, 'Info session on June 11');
insert into announcements (announcement_id, registration_type, concentration_id, course_term_id, announcement) values (6, 'PRE-ADMISSION', 0, 4, 'Free online courses open to the public');
insert into announcements (announcement_id, registration_type, concentration_id, course_term_id, announcement) values (7, 'PRE-ADMISSION', 0, 4, 'Evaluate your course');
insert into announcements (announcement_id, registration_type, concentration_id, course_term_id, announcement) values (8, 'PRE-ADMISSION', 1, 4, 'Pre-admission announcement for Software Engineering');
insert into announcements (announcement_id, registration_type, concentration_id, course_term_id, announcement) values (9, 'PRE-ADMISSION', 2, 4, 'Pre-admission announcement for Information Management Systems');
insert into announcements (announcement_id, registration_type, concentration_id, course_term_id, announcement) values (10, 'PRE-ADMISSION', 3, 4, 'Pre-admission announcement for Mathematics And Computation');
insert into announcements (announcement_id, registration_type, concentration_id, course_term_id, announcement) values (11, 'PRE-ADMISSION', 4, 4, 'Pre-admission announcement for Digital Media And Instructional Design');
insert into announcements (announcement_id, registration_type, concentration_id, course_term_id, announcement) values (12, 'DEGREE', 0, 4, 'Please register for Summer & Fall 2014 Courses');
insert into announcements (announcement_id, registration_type, concentration_id, course_term_id, announcement) values (13, 'DEGREE', 0, 4, 'Info session on June 11');
insert into announcements (announcement_id, registration_type, concentration_id, course_term_id, announcement) values (14, 'DEGREE', 0, 4, 'Free online courses open to the public');
insert into announcements (announcement_id, registration_type, concentration_id, course_term_id, announcement) values (15, 'DEGREE', 0, 4, 'Evaluate your course');
insert into announcements (announcement_id, registration_type, concentration_id, course_term_id, announcement) values (16, 'DEGREE', 0, 4, 'Commencement is nearing!');
insert into announcements (announcement_id, registration_type, concentration_id, course_term_id, announcement) values (17, 'DEGREE', 1, 4, 'Degree announcement for Software Engineering');
insert into announcements (announcement_id, registration_type, concentration_id, course_term_id, announcement) values (18, 'DEGREE', 2, 4, 'Degree announcement for Information Management Systems');
insert into announcements (announcement_id, registration_type, concentration_id, course_term_id, announcement) values (19, 'DEGREE', 3, 4, 'Degree announcement for Mathematics And Computation');
insert into announcements (announcement_id, registration_type, concentration_id, course_term_id, announcement) values (20, 'DEGREE', 4, 4, 'Degree announcement for Digital Media And Instructional Design');
CREATE TABLE category ( concentration_id int(10) unsigned NOT NULL, category_id int(10) unsigned NOT NULL, category_code varchar(10) NOT NULL, category_label varchar(64) NOT NULL, PRIMARY KEY (category_id) ) ENGINE=InnoDB DEFAULT CHARSET=latin1;
insert into category (concentration_id, category_id, category_code, category_label) values (1, 1, 'TMF', 'Theoretical/Mathematical Foundations');
insert into category (concentration_id, category_id, category_code, category_label) values (1, 2, 'DCOM', 'Data Communications');
insert into category (concentration_id, category_id, category_code, category_label) values (1, 3, 'DC', 'Distributed Computing');
insert into category (concentration_id, category_id, category_code, category_label) values (1, 4, 'SP', 'Systems Programming');
insert into category (concentration_id, category_id, category_code, category_label) values (1, 5, 'SD', 'Software Design');
insert into category (concentration_id, category_id, category_code, category_label) values (1, 6, 'WAD', 'Web Application Development');
insert into category (concentration_id, category_id, category_code, category_label) values (1, 7, 'CAP', 'Capstone');
insert into category (concentration_id, category_id, category_code, category_label) values (1, 8, 'E', 'Electives');
insert into category (concentration_id, category_id, category_code, category_label) values (2, 9, 'WP', 'Web Principles');
insert into category (concentration_id, category_id, category_code, category_label) values (2, 10, 'DCOM', 'Data Communications');
insert into category (concentration_id, category_id, category_code, category_label) values (2, 11, 'DC', 'Distributed Computing');
insert into category (concentration_id, category_id, category_code, category_label) values (2, 12, 'SRM', 'Security And Risk Management');
insert into category (concentration_id, category_id, category_code, category_label) values (2, 13, 'DM', 'Database Management');
insert into category (concentration_id, category_id, category_code, category_label) values (2, 14, 'MGMT', 'Information Technology Management');
insert into category (concentration_id, category_id, category_code, category_label) values (2, 15, 'CAP', 'Capstone');
insert into category (concentration_id, category_id, category_code, category_label) values (2, 16, 'E', 'Electives');
insert into category (concentration_id, category_id, category_code, category_label) values (3, 17, 'AL', 'Algorithms');
insert into category (concentration_id, category_id, category_code, category_label) values (3, 18, 'P', 'Programming');
insert into category (concentration_id, category_id, category_code, category_label) values (3, 19, 'AC', 'Advanced Calculus');
insert into category (concentration_id, category_id, category_code, category_label) values (3, 20, 'LA', 'Linear Algebra');
insert into category (concentration_id, category_id, category_code, category_label) values (3, 21, 'TMF', 'Theoretical/Mathematical Foundations');
insert into category (concentration_id, category_id, category_code, category_label) values (3, 22, 'E', 'Electives');
insert into category (concentration_id, category_id, category_code, category_label) values (4, 23, 'CD', 'Computational Design');
insert into category (concentration_id, category_id, category_code, category_label) values (4, 24, 'DIGM', 'Digital Media');
insert into category (concentration_id, category_id, category_code, category_label) values (4, 25, 'EID', 'Education And Instructional Design');
insert into category (concentration_id, category_id, category_code, category_label) values (4, 26, 'WDD', 'Web Design And Application Development');
insert into category (concentration_id, category_id, category_code, category_label) values (4, 27, 'E', 'Electives');
CREATE TABLE category_req ( concentration_id int(10) unsigned NOT NULL, category_id int(10) unsigned NOT NULL, category_count int(10) unsigned NOT NULL, admission tinyint(1) NOT NULL, thesis tinyint(1) NOT NULL, capstone tinyint(1) NOT NULL ) ENGINE=InnoDB DEFAULT CHARSET=latin1;
insert into category_req (concentration_id, category_id, category_count, admission, thesis, capstone) values (1, 1, 1, true, true, false);
insert into category_req (concentration_id, category_id, category_count, admission, thesis, capstone) values (1, 2, 1, false, true, false);
insert into category_req (concentration_id, category_id, category_count, admission, thesis, capstone) values (1, 3, 1, false, true, false);
insert into category_req (concentration_id, category_id, category_count, admission, thesis, capstone) values (1, 4, 1, false, true, false);
insert into category_req (concentration_id, category_id, category_count, admission, thesis, capstone) values (1, 5, 1, false, true, false);
insert into category_req (concentration_id, category_id, category_count, admission, thesis, capstone) values (1, 6, 1, false, false, true);
insert into category_req (concentration_id, category_id, category_count, admission, thesis, capstone) values (1, 8, 4, false, true, false);
insert into category_req (concentration_id, category_id, category_count, admission, thesis, capstone) values (1, 8, 5, false, false, true);
insert into category_req (concentration_id, category_id, category_count, admission, thesis, capstone) values (1, 7, 1, false, false, true);
insert into category_req (concentration_id, category_id, category_count, admission, thesis, capstone) values (2, 9, 1, false, true, false);
insert into category_req (concentration_id, category_id, category_count, admission, thesis, capstone) values (2, 10, 1, false, true, false);
insert into category_req (concentration_id, category_id, category_count, admission, thesis, capstone) values (2, 11, 1, false, true, false);
insert into category_req (concentration_id, category_id, category_count, admission, thesis, capstone) values (2, 12, 1, false, true, false);
insert into category_req (concentration_id, category_id, category_count, admission, thesis, capstone) values (2, 13, 1, false, true, false);
insert into category_req (concentration_id, category_id, category_count, admission, thesis, capstone) values (2, 14, 1, false, true, false);
insert into category_req (concentration_id, category_id, category_count, admission, thesis, capstone) values (2, 15, 1, false, false, true);
insert into category_req (concentration_id, category_id, category_count, admission, thesis, capstone) values (2, 16, 5, false, true, false);
insert into category_req (concentration_id, category_id, category_count, admission, thesis, capstone) values (3, 17, 1, false, true, false);
insert into category_req (concentration_id, category_id, category_count, admission, thesis, capstone) values (3, 18, 1, false, true, false);
insert into category_req (concentration_id, category_id, category_count, admission, thesis, capstone) values (3, 19, 1, false, true, false);
insert into category_req (concentration_id, category_id, category_count, admission, thesis, capstone) values (3, 20, 1, false, true, false);
insert into category_req (concentration_id, category_id, category_count, admission, thesis, capstone) values (3, 21, 1, false, true, false);
insert into category_req (concentration_id, category_id, category_count, admission, thesis, capstone) values (3, 22, 4, false, true, false);
insert into category_req (concentration_id, category_id, category_count, admission, thesis, capstone) values (4, 23, 1, true, true, false);
insert into category_req (concentration_id, category_id, category_count, admission, thesis, capstone) values (4, 24, 2, false, true, false);
insert into category_req (concentration_id, category_id, category_count, admission, thesis, capstone) values (4, 25, 1, false, true, false);
insert into category_req (concentration_id, category_id, category_count, admission, thesis, capstone) values (4, 26, 2, false, true, false);
insert into category_req (concentration_id, category_id, category_count, admission, thesis, capstone) values (4, 27, 3, false, true, false);
CREATE TABLE concentration ( concentration_id int(10) unsigned NOT NULL, concentration_code varchar(10) NOT NULL, concentration_label varchar(64) NOT NULL, PRIMARY KEY (concentration_id) ) ENGINE=InnoDB DEFAULT CHARSET=latin1;
insert into concentration (concentration_id, concentration_code, concentration_label) values (0, 'NCC', 'No Concentration');
insert into concentration (concentration_id, concentration_code, concentration_label) values (1, 'SWE', 'Software Engineering');
insert into concentration (concentration_id, concentration_code, concentration_label) values (2, 'IMS', 'Information Management Systems');
insert into concentration (concentration_id, concentration_code, concentration_label) values (3, 'MAC', 'Mathematics And Computation');
insert into concentration (concentration_id, concentration_code, concentration_label) values (4, 'DGM', 'Digital Media And Instructional Design');
CREATE TABLE concentration_req ( concentration_id int(10) unsigned NOT NULL, num_courses int(10) unsigned NOT NULL, thesis tinyint(1) NOT NULL, capstone tinyint(1) NOT NULL ) ENGINE=InnoDB DEFAULT CHARSET=latin1;
insert into concentration_req (concentration_id, num_courses, thesis, capstone) values (1, 9, true, false);
insert into concentration_req (concentration_id, num_courses, thesis, capstone) values (1, 11, false, true);
insert into concentration_req (concentration_id, num_courses, thesis, capstone) values (2, 11, false, true);
insert into concentration_req (concentration_id, num_courses, thesis, capstone) values (3, 9, true, false);
insert into concentration_req (concentration_id, num_courses, thesis, capstone) values (4, 9, true, false);
CREATE TABLE course ( concentration_id int(10) unsigned NOT NULL, course_id int(10) unsigned NOT NULL, course_code varchar(64) NOT NULL, course_title varchar(255) NOT NULL, course_term_id int(10) unsigned NOT NULL, course_day set('MON','TUES','WED','THUR','FRI','SAT','SUN'), course_time varchar(64) NOT NULL, course_type varchar(64) NOT NULL, course_limit int(3) unsigned, instructor varchar(64) NOT NULL, location varchar(64), attributes set('TMF','DCOM','DC','SP','SD','WAD','WP','SRM','DM','MGMT','AL','P','AC','LA','CD','DIGM','EID','WDD','CAP','E') NOT NULL, PRIMARY KEY (course_id) ) ENGINE=InnoDB DEFAULT CHARSET=latin1;
insert into course (concentration_id, course_id, course_code, course_title, course_term_id, course_day, course_time, course_type, course_limit, instructor, location, attributes) values (1, 1, 'APMAE-207', 'Monte Carlo Methods for Inference and Data Analysis', 4, '', '', 'Online Only', 0, 'Pavlos Protopapas', '', 'E');
insert into course (concentration_id, course_id, course_code, course_title, course_term_id, course_day, course_time, course_type, course_limit, instructor, location, attributes) values (1, 2, 'CSCIE-8', 'Web GIS: Principles and Applications', 4, 'THUR', '7:40 - 9:40 pm', 'Web-Conference Course', 50, 'Pinde Fu', '', 'E');
insert into course (concentration_id, course_id, course_code, course_title, course_term_id, course_day, course_time, course_type, course_limit, instructor, location, attributes) values (1, 3, 'CSCIE-17', 'Medical Informatics', 4, 'THUR', '5:30 - 7:30 pm', 'Online Option', 0, 'Oleg Pianykh', '1 Story Street 307', 'E');
insert into course (concentration_id, course_id, course_code, course_title, course_term_id, course_day, course_time, course_type, course_limit, instructor, location, attributes) values (1, 4, 'CSCIE-20', 'Discrete Mathematics for Computer Science', 4, 'TUES', '9 - 11 pm', 'Web-Conference Course', 32, 'Harry R. Lewis & Deborah Abel', '', 'TMF,E');
insert into course (concentration_id, course_id, course_code, course_title, course_term_id, course_day, course_time, course_type, course_limit, instructor, location, attributes) values (1, 5, 'CSCIE-28', 'Unix/Linux Systems Programming', 4, 'TUES', '7:40 - 9:40 pm', 'Online Option', 0, 'Bruce Molay', '53 Church Street L01', 'SP,E');
insert into course (concentration_id, course_id, course_code, course_title, course_term_id, course_day, course_time, course_type, course_limit, instructor, location, attributes) values (1, 6, 'CSCIE-35', 'Essential Modern UI Windows 8.1 App Development and Cloud Computing', 4, 'WED', '7:40 - 9:40 pm', 'Online Option', 0, 'Joseph Ficara', '1 Story Street 303', 'E');
insert into course (concentration_id, course_id, course_code, course_title, course_term_id, course_day, course_time, course_type, course_limit, instructor, location, attributes) values (1, 7, 'CSCIE-40', 'Communication Protocols and Internet Architectures', 4, '', '', 'Online Only', 0, 'Leonard Evenchik', '', 'DCOM,E');
insert into course (concentration_id, course_id, course_code, course_title, course_term_id, course_day, course_time, course_type, course_limit, instructor, location, attributes) values (1, 8, 'CSCIE-42', 'Internet Voice Video and Telepresence', 4, 'MON', '5:30 - 7:30 pm', 'Online Option', 0, 'Leonard Evenchik', 'Maxwell-Dworkin G125', 'DCOM,E');
insert into course (concentration_id, course_id, course_code, course_title, course_term_id, course_day, course_time, course_type, course_limit, instructor, location, attributes) values (1, 9, 'CSCIE-45B', 'Working in and Running the Cyberworld', 4, 'FRI', '5:30 - 7:30 pm', 'Online Option', 0, 'Scott Bradner & Benoit Gaucherin', 'Maxwell-Dworkin G125', 'DCOM,E');
insert into course (concentration_id, course_id, course_code, course_title, course_term_id, course_day, course_time, course_type, course_limit, instructor, location, attributes) values (1, 10, 'CSCIE-51', 'Abstraction and Design in Computation', 4, '', '', 'Online Only', 0, 'Henry H. Leitner & Jesse Tov', '', 'TMF,E');
insert into course (concentration_id, course_id, course_code, course_title, course_term_id, course_day, course_time, course_type, course_limit, instructor, location, attributes) values (1, 11, 'CSCIE-55', 'Java for Distributed Computing', 4, '', '', 'Online Only', 0, 'Charles M. Sawyer Jr.', '', 'DC,E');
insert into course (concentration_id, course_id, course_code, course_title, course_term_id, course_day, course_time, course_type, course_limit, instructor, location, attributes) values (1, 12, 'CSCIE-58', 'Bioinformatics Algorithms', 4, 'WED', '7:40 - 9:40 pm', 'On Campus Only', 0, 'Jeff Parker', 'Harvard Hall 103', 'E');
insert into course (concentration_id, course_id, course_code, course_title, course_term_id, course_day, course_time, course_type, course_limit, instructor, location, attributes) values (1, 13, 'CSCIE-63', 'Big Data Analytics', 4, 'FRI', '5:30 - 7:30 pm', 'Online Option', 0, 'Zoran B. Djordjevic', '1 Story Street 306', 'E');
insert into course (concentration_id, course_id, course_code, course_title, course_term_id, course_day, course_time, course_type, course_limit, instructor, location, attributes) values (1, 14, 'CSCIE-66', 'Database and Information Management Systems', 4, 'WED', '7:40 - 9:40 pm', 'Online Option', 0, 'David G. Sullivan', '1 Story Street 306', 'E');
insert into course (concentration_id, course_id, course_code, course_title, course_term_id, course_day, course_time, course_type, course_limit, instructor, location, attributes) values (1, 15, 'CSCIE-92', 'Principles of Operating Systems', 4, 'TUES', '7:40 - 9:40 pm', 'On Campus Only', 0, 'James L. Frankel', 'Science Center 109', 'SP,E');
insert into course (concentration_id, course_id, course_code, course_title, course_term_id, course_day, course_time, course_type, course_limit, instructor, location, attributes) values (1, 16, 'CSCIE-124', 'Data Structures and Algorithms', 4, '', '', 'Online Only', 0, 'Michael Mitzenmacher', '', 'TMF,E');
insert into course (concentration_id, course_id, course_code, course_title, course_term_id, course_day, course_time, course_type, course_limit, instructor, location, attributes) values (1, 17, 'CSCIE-152', 'Programming Languages', 4, '', '', 'Online Only', 0, 'Stephen Chong', '', 'TMF,E');
insert into course (concentration_id, course_id, course_code, course_title, course_term_id, course_day, course_time, course_type, course_limit, instructor, location, attributes) values (1, 18, 'CSCIE-171', 'Visualization', 4, '', '', 'Online Only', 0, 'Hanspeter Pfister', '', 'E');
insert into course (concentration_id, course_id, course_code, course_title, course_term_id, course_day, course_time, course_type, course_limit, instructor, location, attributes) values (1, 19, 'CSCIE-181', 'Machine Learning', 4, '', '', 'Online Only', 0, 'Ryan Adams', '', 'TMF,E');
insert into course (concentration_id, course_id, course_code, course_title, course_term_id, course_day, course_time, course_type, course_limit, instructor, location, attributes) values (1, 20, 'CSCIE-186', 'Economics and Computation', 4, '', '', 'Online Only', 0, 'David C. Parkes', '', 'TMF,E');
insert into course (concentration_id, course_id, course_code, course_title, course_term_id, course_day, course_time, course_type, course_limit, instructor, location, attributes) values (1, 21, 'DGMDE-25', 'Introduction to Web Content Management Systems Site Development', 4, '', '', 'Online Only', 0, 'Jennifer A. Kramer', '', 'WAD,E');
insert into course (concentration_id, course_id, course_code, course_title, course_term_id, course_day, course_time, course_type, course_limit, instructor, location, attributes) values (1, 22, 'ENSCE-105', 'Engineering Innovation with Information Technology', 4, 'TUES', '7:40 - 9:40 pm', 'Online Option', 0, 'Wego Wang', 'Byerly Hall 013', 'E');
insert into course (concentration_id, course_id, course_code, course_title, course_term_id, course_day, course_time, course_type, course_limit, instructor, location, attributes) values (1, 23, 'ENSCE-123', 'Laboratory Electronics: Digital Circuit Design', 4, 'THUR', '6 - 9 pm', 'On Campus Only', 22, 'Thomas C. Hayes', 'Science Center 206', 'E');
insert into course (concentration_id, course_id, course_code, course_title, course_term_id, course_day, course_time, course_type, course_limit, instructor, location, attributes) values (1, 24, 'ENSCE-155', 'Fundamentals and Applications of Microfluidics', 4, 'TUES', '5:30 - 7:30 pm', 'Online Option', 0, 'Anas Chalah & Fawwaz Habbal', 'Maxwell-Dworkin G135', 'E');
insert into course (concentration_id, course_id, course_code, course_title, course_term_id, course_day, course_time, course_type, course_limit, instructor, location, attributes) values (1, 25, 'ISMTE-155', 'Geographic Communication Today', 4, 'MON', '5:30 - 7:30 pm', 'On Campus Only', 30, 'Jeff Blossom', '53 Church Street 201', 'E');
insert into course (concentration_id, course_id, course_code, course_title, course_term_id, course_day, course_time, course_type, course_limit, instructor, location, attributes) values (1, 26, 'MATHE-23B', 'Linear Algebra and Real Analysis II', 4, 'TUES,THUR', '2:30 - 4 pm', 'On Campus Only', 0, 'Paul G. Bamberg', 'Room to be announced', 'E');
insert into course (concentration_id, course_id, course_code, course_title, course_term_id, course_day, course_time, course_type, course_limit, instructor, location, attributes) values (1, 27, 'MATHE-155R', 'Combinatorics', 4, 'TUES,THUR', '11:30 am - 1 pm', 'On Campus Only', 0, 'Sukhada Fadnavis', 'Room to be announced', 'E');
insert into course (concentration_id, course_id, course_code, course_title, course_term_id, course_day, course_time, course_type, course_limit, instructor, location, attributes) values (1, 28, 'MATHE-156', 'Mathematical Foundations of Statistical Software', 4, 'WED', '7:40 - 9:40 pm', 'On Campus Only', 0, 'Paul G. Bamberg', 'Science Center 112', 'E');
insert into course (concentration_id, course_id, course_code, course_title, course_term_id, course_day, course_time, course_type, course_limit, instructor, location, attributes) values (1, 29, 'MATHE-210', 'Vector Space Methods for Differential Equations', 4, 'TUES,THUR', '11:30 am - 1 pm', 'On Campus Only', 0, 'Paul G. Bamberg', 'Room to be announced', 'E');
insert into course (concentration_id, course_id, course_code, course_title, course_term_id, course_day, course_time, course_type, course_limit, instructor, location, attributes) values (1, 30, 'CSCIE-15', 'Dynamic Web Applications', 2, 'WED', '5:30 - 7:30 pm', 'Online Option', 0, 'Susan Buck', 'Maxwell-Dworkin G115', 'WAD,E');
insert into course (concentration_id, course_id, course_code, course_title, course_term_id, course_day, course_time, course_type, course_limit, instructor, location, attributes) values (1, 31, 'CSCIE-18', 'Web Development Using XML', 2, 'MON', '7:40 - 9:40 pm', 'Online Option', 0, 'David P. Heitmeyer', '1 Story Street 304', 'WAD,E');
insert into course (concentration_id, course_id, course_code, course_title, course_term_id, course_day, course_time, course_type, course_limit, instructor, location, attributes) values (1, 32, 'CSCIE-26', 'Introduction to C Unix/Linux Programming and Web Interfaces', 2, 'WED', '7:40 - 9:40 pm', 'On Campus Only', 0, 'Bruce Molay', 'Science Center B-10', 'E');
insert into course (concentration_id, course_id, course_code, course_title, course_term_id, course_day, course_time, course_type, course_limit, instructor, location, attributes) values (1, 33, 'CSCIE-33', 'Programming Microsoft .NET', 2, 'MON', '7:40 - 9:40 pm', 'Online Option', 0, 'David S. Platt', '1 Story Street 307', 'E');
insert into course (concentration_id, course_id, course_code, course_title, course_term_id, course_day, course_time, course_type, course_limit, instructor, location, attributes) values (1, 34, 'CSCIE-40', 'Communication Protocols and Internet Architectures', 2, 'MON', '5:30 - 7:30 pm', 'Online Option', 0, 'Leonard Evenchik', '53 Church Street L01', 'DCOM,E');
insert into course (concentration_id, course_id, course_code, course_title, course_term_id, course_day, course_time, course_type, course_limit, instructor, location, attributes) values (1, 35, 'CSCIE-45A', 'Understanding and Securing the Cyber Infrastructure', 2, 'FRI', '5:30 - 7:30 pm', 'Online Option', 0, 'Scott Bradner & Benoit Gaucherin', 'Maxwell-Dworkin G125', 'DCOM,E');
insert into course (concentration_id, course_id, course_code, course_title, course_term_id, course_day, course_time, course_type, course_limit, instructor, location, attributes) values (1, 36, 'CSCIE-55', 'Java for Distributed Computing', 2, 'WED', '7:40 - 9:40 pm', 'Online Option', 0, 'Charles M. Sawyer Jr.', 'Byerly Hall 013', 'DC,E');
insert into course (concentration_id, course_id, course_code, course_title, course_term_id, course_day, course_time, course_type, course_limit, instructor, location, attributes) values (1, 37, 'CSCIE-56', 'Web Application Development with Groovy and Grails', 2, 'FRI', '5:30 - 7:30 pm', 'Online Option', 0, 'Burt Beckwith', '53 Church Street L01', 'WAD,E');
insert into course (concentration_id, course_id, course_code, course_title, course_term_id, course_day, course_time, course_type, course_limit, instructor, location, attributes) values (1, 38, 'CSCIE-60', 'Developing Web-Based Database Applications', 2, 'MON', '5:30 - 7:30 pm', 'Online Option', 0, 'Maria R. Garcia', '1 Story Street 303', 'WAD,E');
insert into course (concentration_id, course_id, course_code, course_title, course_term_id, course_day, course_time, course_type, course_limit, instructor, location, attributes) values (1, 39, 'CSCIE-61', 'Systems Programming and Machine Organization', 2, '', '', 'Online Only', 0, 'Eddie Kohler', '', 'SP,E');
insert into course (concentration_id, course_id, course_code, course_title, course_term_id, course_day, course_time, course_type, course_limit, instructor, location, attributes) values (1, 40, 'CSCIE-62', 'Modern Mobile Development', 2, 'TUES', '5:30 - 7:30 pm', 'On Campus Only', 30, 'Edwin Guarin & Robert Familiar', '53 Church Street 203', 'WAD,E');
insert into course (concentration_id, course_id, course_code, course_title, course_term_id, course_day, course_time, course_type, course_limit, instructor, location, attributes) values (1, 41, 'CSCIE-65', 'Building Mobile Apps: A Comparative View of Mobile Application Development', 2, 'FRI', '5:30 - 7:30 pm', 'Online Option', 120, 'Jonathan Levin', 'Maxwell-Dworkin G115', 'WAD,E');
insert into course (concentration_id, course_id, course_code, course_title, course_term_id, course_day, course_time, course_type, course_limit, instructor, location, attributes) values (1, 42, 'CSCIE-72', 'Introduction to Computer Graphics', 2, 'TUES', '5:30 - 7:30 pm', 'Online Option', 0, 'Jeff Parker', '1 Story Street 303', 'E');
insert into course (concentration_id, course_id, course_code, course_title, course_term_id, course_day, course_time, course_type, course_limit, instructor, location, attributes) values (1, 43, 'CSCIE-80', 'Artificial Intelligence', 2, 'THUR', '5:30 - 7:30 pm', 'On Campus Only', 0, 'Eric Breck', 'Northwest Science Building B108', 'E');
insert into course (concentration_id, course_id, course_code, course_title, course_term_id, course_day, course_time, course_type, course_limit, instructor, location, attributes) values (1, 44, 'CSCIE-90', 'Cloud Computing', 2, 'FRI', '5:30 - 7:30 pm', 'Online Option', 0, 'Zoran B. Djordjevic', '1 Story Street 306', 'DC,E');
insert into course (concentration_id, course_id, course_code, course_title, course_term_id, course_day, course_time, course_type, course_limit, instructor, location, attributes) values (1, 45, 'CSCIE-95', 'Compiler Design and Implementation', 2, 'TUES', '7:40 - 9:40 pm', 'On Campus Only', 0, 'James L. Frankel', 'Science Center 109', 'TMF,E');
insert into course (concentration_id, course_id, course_code, course_title, course_term_id, course_day, course_time, course_type, course_limit, instructor, location, attributes) values (1, 46, 'CSCIE-97', 'Software Design: Principles Models and Patterns', 2, 'THUR', '7:40 - 9:40 pm', 'Online Option', 0, 'Eric Gieseke', '1 Story Street 304', 'SD,E');
insert into course (concentration_id, course_id, course_code, course_title, course_term_id, course_day, course_time, course_type, course_limit, instructor, location, attributes) values (1, 47, 'CSCIE-109', 'Data Science', 2, '', '', 'Online Only', 60, 'Hanspeter Pfister & Joseph K. Blitzstein', '', 'TMF,E');
insert into course (concentration_id, course_id, course_code, course_title, course_term_id, course_day, course_time, course_type, course_limit, instructor, location, attributes) values (1, 48, 'CSCIE-121', 'Introduction to the Theory of Computation', 2, '', '', 'Online Only', 0, 'Harry R. Lewis', '', 'TMF,E');
insert into course (concentration_id, course_id, course_code, course_title, course_term_id, course_day, course_time, course_type, course_limit, instructor, location, attributes) values (1, 49, 'CSCIE-127', 'Introduction to Cryptography', 2, '', '', 'Online Only', 0, 'Salil P. Vadhan', '', 'TMF,E');
insert into course (concentration_id, course_id, course_code, course_title, course_term_id, course_day, course_time, course_type, course_limit, instructor, location, attributes) values (1, 50, 'CSCIE-205', 'Computing Foundations for Computational Science', 2, '', '', 'Online Only', 0, 'Cristopher Cecka', '', 'E');
insert into course (concentration_id, course_id, course_code, course_title, course_term_id, course_day, course_time, course_type, course_limit, instructor, location, attributes) values (1, 51, 'ENSCE-130', 'Introduction to MEMS with BioMEMS', 2, 'TUES', '5:30 - 7:30 pm', 'Online Option', 0, 'Fawwaz Habbal', 'Pierce Hall 301', 'E');
insert into course (concentration_id, course_id, course_code, course_title, course_term_id, course_day, course_time, course_type, course_limit, instructor, location, attributes) values (1, 52, 'ENSCE-150', 'Introduction to Nanobiotechnology: Concepts and Applications', 2, 'TUES', '5:30 - 7:30 pm', 'Online Option', 0, 'Anas Chalah', 'Pierce Hall 209', 'E');
insert into course (concentration_id, course_id, course_code, course_title, course_term_id, course_day, course_time, course_type, course_limit, instructor, location, attributes) values (1, 53, 'MATHE-23A', 'Linear Algebra and Real Analysis I', 2, 'TUES,THUR', '2:30 - 4 pm', 'On Campus Only', 0, 'Paul G. Bamberg', 'Science Center Hall A', 'E');
insert into course (concentration_id, course_id, course_code, course_title, course_term_id, course_day, course_time, course_type, course_limit, instructor, location, attributes) values (1, 54, 'MATHE-154', 'Probability Theory', 2, 'MON,WED,FRI', '12 - 1 pm', 'On Campus Only', 0, 'Clifford Taubes', 'Science Center 507', 'E');
insert into course (concentration_id, course_id, course_code, course_title, course_term_id, course_day, course_time, course_type, course_limit, instructor, location, attributes) values (1, 55, 'APMAS-111', 'Introduction to Scientific Computing', 1, 'MON,WED', '8:30 am - 11:30 am', 'On Campus Only', 0, 'Marie Dahleh', 'Science Center B-09', 'TMF,E');
insert into course (concentration_id, course_id, course_code, course_title, course_term_id, course_day, course_time, course_type, course_limit, instructor, location, attributes) values (1, 56, 'CSCIS-76', 'Building Mobile Applications', 1, 'MON,WED', '6:30 - 9:30 pm', 'On Campus Only', 30, 'David J. Malan', 'Northwest Science Building B101', 'WAD,E');
insert into course (concentration_id, course_id, course_code, course_title, course_term_id, course_day, course_time, course_type, course_limit, instructor, location, attributes) values (1, 57, 'CSCIS-131B', 'Communication Protocols and Internet Architectures', 1, '', '', 'Online Only', 0, 'Leonard Evenchik', '', 'DCOM,E');
insert into course (concentration_id, course_id, course_code, course_title, course_term_id, course_day, course_time, course_type, course_limit, instructor, location, attributes) values (1, 58, 'ENSCS-157', 'Introduction to Fabrication of Microfluidic Devices', 1, 'TUES,THUR', '6:30 - 9:30 pm', 'On Campus Only', 15, 'Turgut Fettah Kosar', 'LISE 303', 'E');
insert into course (concentration_id, course_id, course_code, course_title, course_term_id, course_day, course_time, course_type, course_limit, instructor, location, attributes) values (1, 59, 'ISMTS-170', 'Human Factors in Information Systems Design', 1, 'TUES,THUR', '6:30 - 9:30 pm', 'On Campus Only', 50, 'Dennis F. Galletta', 'Northwest Science Building B108', 'E');
insert into course (concentration_id, course_id, course_code, course_title, course_term_id, course_day, course_time, course_type, course_limit, instructor, location, attributes) values (1, 60, 'MATHS-19A', 'Modeling and Differential Equations for the Life Sciences', 1, 'MON,WED,FRI', '12:30 - 2:30 pm', 'On Campus Only', 0, 'John Thomas Hall', 'Science Center 411', 'TMF,E');
insert into course (concentration_id, course_id, course_code, course_title, course_term_id, course_day, course_time, course_type, course_limit, instructor, location, attributes) values (1, 61, 'PHILS-140', 'Deductive Logic', 1, 'MON,WED', '8:30 am - 11:30 am', 'On Campus Only', 0, 'James Pearson', 'Lamont Library 240', 'E');
insert into course (concentration_id, course_id, course_code, course_title, course_term_id, course_day, course_time, course_type, course_limit, instructor, location, attributes) values (1, 62, 'PHYSS-123', 'Laboratory Electronics: Analog and Digital Circuit Design', 1, 'MON,WED,THUR', '9 am - 1 pm', 'On Campus Only', 20, 'David Eric Abrams', 'Science Center 206', 'E');
insert into course (concentration_id, course_id, course_code, course_title, course_term_id, course_day, course_time, course_type, course_limit, instructor, location, attributes) values (2, 63, 'MGMTE-5050', 'Strategic Resource Allocation and Planning', 3, 'MON,TUES,WED,THUR', '6 - 9:30 pm', 'On Campus Only', 35, 'Philip Anthony Vaccaro', 'Emerson Hall 104', 'SRM,E');
insert into course (concentration_id, course_id, course_code, course_title, course_term_id, course_day, course_time, course_type, course_limit, instructor, location, attributes) values (2, 64, 'CSCIE-8', 'Web GIS: Principles and Applications', 4, 'THUR', '7:40 - 9:40 pm', 'Web-Conference Course', 50, 'Pinde Fu', '', 'E');
insert into course (concentration_id, course_id, course_code, course_title, course_term_id, course_day, course_time, course_type, course_limit, instructor, location, attributes) values (2, 65, 'CSCIE-12', 'Fundamentals of Website Development', 4, 'MON', '7:40 - 9:40 pm', 'Online Option', 0, 'David P. Heitmeyer', 'Maxwell-Dworkin G115', 'WP,E');
insert into course (concentration_id, course_id, course_code, course_title, course_term_id, course_day, course_time, course_type, course_limit, instructor, location, attributes) values (2, 66, 'CSCIE-17', 'Medical Informatics', 4, 'THUR', '5:30 - 7:30 pm', 'Online Option', 0, 'Oleg Pianykh', '1 Story Street 307', 'MGMT,E');
insert into course (concentration_id, course_id, course_code, course_title, course_term_id, course_day, course_time, course_type, course_limit, instructor, location, attributes) values (2, 67, 'CSCIE-35', 'Essential Modern UI Windows 8.1 App Development and Cloud Computing', 4, 'WED', '7:40 - 9:40 pm', 'Online Option', 0, 'Joseph Ficara', '1 Story Street 303', 'E');
insert into course (concentration_id, course_id, course_code, course_title, course_term_id, course_day, course_time, course_type, course_limit, instructor, location, attributes) values (2, 68, 'CSCIE-40', 'Communication Protocols and Internet Architectures', 4, '', '', 'Online Only', 0, 'Leonard Evenchik', '', 'DCOM,E');
insert into course (concentration_id, course_id, course_code, course_title, course_term_id, course_day, course_time, course_type, course_limit, instructor, location, attributes) values (2, 69, 'CSCIE-42', 'Internet Voice Video and Telepresence', 4, 'MON', '5:30 - 7:30 pm', 'Online Option', 0, 'Leonard Evenchik', 'Maxwell-Dworkin G125', 'E');
insert into course (concentration_id, course_id, course_code, course_title, course_term_id, course_day, course_time, course_type, course_limit, instructor, location, attributes) values (2, 70, 'CSCIE-45B', 'Working in and Running the Cyberworld', 4, 'FRI', '5:30 - 7:30 pm', 'Online Option', 0, 'Scott Bradner & Benoit Gaucherin', 'Maxwell-Dworkin G125', 'SRM,E');
insert into course (concentration_id, course_id, course_code, course_title, course_term_id, course_day, course_time, course_type, course_limit, instructor, location, attributes) values (2, 71, 'CSCIE-55', 'Java for Distributed Computing', 4, '', '', 'Online Only', 0, 'Charles M. Sawyer Jr.', '', 'DC,E');
insert into course (concentration_id, course_id, course_code, course_title, course_term_id, course_day, course_time, course_type, course_limit, instructor, location, attributes) values (2, 72, 'CSCIE-63', 'Big Data Analytics', 4, 'FRI', '5:30 - 7:30 pm', 'Online Option', 0, 'Zoran B. Djordjevic', '1 Story Street 306', 'E');
insert into course (concentration_id, course_id, course_code, course_title, course_term_id, course_day, course_time, course_type, course_limit, instructor, location, attributes) values (2, 73, 'CSCIE-66', 'Database and Information Management Systems', 4, 'WED', '7:40 - 9:40 pm', 'Online Option', 0, 'David G. Sullivan', '1 Story Street 306', 'DM,E');
insert into course (concentration_id, course_id, course_code, course_title, course_term_id, course_day, course_time, course_type, course_limit, instructor, location, attributes) values (2, 74, 'CSCIE-67', 'Oracle Database Administration', 4, 'TUES', '5:30 - 7:30 pm', 'Online Option', 0, 'Patrick McGowan', 'Maxwell-Dworkin G125', 'DM,E');
insert into course (concentration_id, course_id, course_code, course_title, course_term_id, course_day, course_time, course_type, course_limit, instructor, location, attributes) values (2, 75, 'CSCIE-92', 'Principles of Operating Systems', 4, 'TUES', '7:40 - 9:40 pm', 'On Campus Only', 0, 'James L. Frankel', 'Science Center 109', 'E');
insert into course (concentration_id, course_id, course_code, course_title, course_term_id, course_day, course_time, course_type, course_limit, instructor, location, attributes) values (2, 76, 'CSCIE-171', 'Visualization', 4, '', '', 'Online Only', 0, 'Hanspeter Pfister', '', 'E');
insert into course (concentration_id, course_id, course_code, course_title, course_term_id, course_day, course_time, course_type, course_limit, instructor, location, attributes) values (2, 77, 'CSCIE-186', 'Economics and Computation', 4, '', '', 'Online Only', 0, 'David C. Parkes', '', 'E');
insert into course (concentration_id, course_id, course_code, course_title, course_term_id, course_day, course_time, course_type, course_limit, instructor, location, attributes) values (2, 78, 'DGMDE-25', 'Introduction to Web Content Management Systems Site Development', 4, '', '', 'Online Only', 0, 'Jennifer A. Kramer', '', 'E');
insert into course (concentration_id, course_id, course_code, course_title, course_term_id, course_day, course_time, course_type, course_limit, instructor, location, attributes) values (2, 79, 'ENSCE-105', 'Engineering Innovation with Information Technology', 4, 'TUES', '7:40 - 9:40 pm', 'Online Option', 0, 'Wego Wang', 'Byerly Hall 013', 'E');
insert into course (concentration_id, course_id, course_code, course_title, course_term_id, course_day, course_time, course_type, course_limit, instructor, location, attributes) values (2, 80, 'ISMTE-155', 'Geographic Communication Today', 4, 'MON', '5:30 - 7:30 pm', 'On Campus Only', 30, 'Jeff Blossom', '53 Church Street 201', 'E');
insert into course (concentration_id, course_id, course_code, course_title, course_term_id, course_day, course_time, course_type, course_limit, instructor, location, attributes) values (2, 81, 'ISMTE-180', 'Building and Managing Business Intelligence Systems', 4, 'MON', '7:40 - 9:40 pm', 'On Campus Only', 24, 'Basem A Neseim', 'Northwest Science Building B108', 'E');
insert into course (concentration_id, course_id, course_code, course_title, course_term_id, course_day, course_time, course_type, course_limit, instructor, location, attributes) values (2, 82, 'ISMTE-200', 'Capstone Seminar in Enterprise Systems', 4, 'MON', '7:40 - 9:40 pm', 'On Campus Only', 20, 'Zoya Kinstler & Bob Wittstein', 'Northwest Science Building B104', 'CAP');
insert into course (concentration_id, course_id, course_code, course_title, course_term_id, course_day, course_time, course_type, course_limit, instructor, location, attributes) values (2, 83, 'MGMTE-1600', 'Managerial Accounting', 4, 'THUR', '5:30 - 7:30 pm', 'Online Option', 70, 'Richard L. Keith', '1 Story Street 306', 'E');
insert into course (concentration_id, course_id, course_code, course_title, course_term_id, course_day, course_time, course_type, course_limit, instructor, location, attributes) values (2, 84, 'MGMTE-4000', 'Organizational Behavior', 4, 'THUR', '5:30 - 7:30 pm', 'Web-Conference Course', 35, 'Carmine P. Gibaldi', '', 'E');
insert into course (concentration_id, course_id, course_code, course_title, course_term_id, course_day, course_time, course_type, course_limit, instructor, location, attributes) values (2, 85, 'MGMTE-4000', 'Organizational Behavior', 4, 'MON', '7:40 - 9:40 pm', 'On Campus Only', 38, 'Ellen Harris', 'Pound Hall 204', 'E');
insert into course (concentration_id, course_id, course_code, course_title, course_term_id, course_day, course_time, course_type, course_limit, instructor, location, attributes) values (2, 86, 'MGMTE-4000', 'Organizational Behavior', 4, 'WED', '5:30 - 7:30 pm', 'Web-Conference Course', 30, 'Jennifer Kay Stine', '', 'E');
insert into course (concentration_id, course_id, course_code, course_title, course_term_id, course_day, course_time, course_type, course_limit, instructor, location, attributes) values (2, 87, 'MGMTE-4000', 'Organizational Behavior', 4, 'THUR', '5:30 - 7:30 pm', 'On Campus Only', 38, 'Jennifer Kay Stine', 'Sever Hall 106', 'E');
insert into course (concentration_id, course_id, course_code, course_title, course_term_id, course_day, course_time, course_type, course_limit, instructor, location, attributes) values (2, 88, 'MGMTE-4000', 'Organizational Behavior', 4, 'TUES', '5:30 - 7:30 pm', 'Web-Conference Course', 35, 'Carmine P. Gibaldi', '', 'E');
insert into course (concentration_id, course_id, course_code, course_title, course_term_id, course_day, course_time, course_type, course_limit, instructor, location, attributes) values (2, 89, 'MGMTE-4030', 'Leading through Change', 4, 'TUES', '5:30 - 7:30 pm', 'Online Option', 60, 'Harold V. Langlois & Kathrine Suzanne Livingston', '53 Church Street L01', 'E');
insert into course (concentration_id, course_id, course_code, course_title, course_term_id, course_day, course_time, course_type, course_limit, instructor, location, attributes) values (2, 90, 'MGMTE-4170', 'Managing Virtual Teams', 4, 'MON', '5:30 - 7:30 pm', 'Web-Conference Course', 38, 'M. Myra S. White', '', 'MGMT,E');
insert into course (concentration_id, course_id, course_code, course_title, course_term_id, course_day, course_time, course_type, course_limit, instructor, location, attributes) values (2, 91, 'MGMTE-5040', 'Project Management of Information Technology', 4, 'MON', '7:40 - 9:40 pm', 'On Campus Only', 50, 'Jeffrey E. Francis', 'CGIS South S020', 'MGMT,E');
insert into course (concentration_id, course_id, course_code, course_title, course_term_id, course_day, course_time, course_type, course_limit, instructor, location, attributes) values (2, 92, 'MGMTE-5070', 'Data Mining and Forecast Management', 4, 'TUES', '7:40 - 9:40 pm', 'On Campus Only', 35, 'Philip Anthony Vaccaro', 'Emerson Hall 104', 'SRM,E');
insert into course (concentration_id, course_id, course_code, course_title, course_term_id, course_day, course_time, course_type, course_limit, instructor, location, attributes) values (2, 93, 'MGMTE-5450', 'Launching an e-Commerce Start-up', 4, 'TUES', '5:30 - 7:30 pm', 'On Campus Only', 30, 'Kishan Mallur', '53 Church Street 201', 'MGMT,E');
insert into course (concentration_id, course_id, course_code, course_title, course_term_id, course_day, course_time, course_type, course_limit, instructor, location, attributes) values (2, 94, 'CSCIE-15', 'Dynamic Web Applications', 2, 'WED', '5:30 - 7:30 pm', 'Online Option', 0, 'Susan Buck', 'Maxwell-Dworkin G115', 'WP,E');
insert into course (concentration_id, course_id, course_code, course_title, course_term_id, course_day, course_time, course_type, course_limit, instructor, location, attributes) values (2, 95, 'CSCIE-18', 'Web Development Using XML', 2, 'MON', '7:40 - 9:40 pm', 'Online Option', 0, 'David P. Heitmeyer', '1 Story Street 304', 'WP,E');
insert into course (concentration_id, course_id, course_code, course_title, course_term_id, course_day, course_time, course_type, course_limit, instructor, location, attributes) values (2, 96, 'CSCIE-26', 'Introduction to C Unix/Linux Programming and Web Interfaces', 2, 'WED', '7:40 - 9:40 pm', 'On Campus Only', 0, 'Bruce Molay', 'Science Center B-10', 'E');
insert into course (concentration_id, course_id, course_code, course_title, course_term_id, course_day, course_time, course_type, course_limit, instructor, location, attributes) values (2, 97, 'CSCIE-33', 'Programming Microsoft .NET', 2, 'MON', '7:40 - 9:40 pm', 'Online Option', 0, 'David S. Platt', '1 Story Street 307', 'E');
insert into course (concentration_id, course_id, course_code, course_title, course_term_id, course_day, course_time, course_type, course_limit, instructor, location, attributes) values (2, 98, 'CSCIE-40', 'Communication Protocols and Internet Architectures', 2, 'MON', '5:30 - 7:30 pm', 'Online Option', 0, 'Leonard Evenchik', '53 Church Street L01', 'DCOM,E');
insert into course (concentration_id, course_id, course_code, course_title, course_term_id, course_day, course_time, course_type, course_limit, instructor, location, attributes) values (2, 99, 'CSCIE-45A', 'Understanding and Securing the Cyber Infrastructure', 2, 'FRI', '5:30 - 7:30 pm', 'Online Option', 0, 'Scott Bradner & Benoit Gaucherin', 'Maxwell-Dworkin G125', 'SRM,E');
insert into course (concentration_id, course_id, course_code, course_title, course_term_id, course_day, course_time, course_type, course_limit, instructor, location, attributes) values (2, 100, 'CSCIE-55', 'Java for Distributed Computing', 2, 'WED', '7:40 - 9:40 pm', 'Online Option', 0, 'Charles M. Sawyer Jr.', 'Byerly Hall 013', 'DC,E');
insert into course (concentration_id, course_id, course_code, course_title, course_term_id, course_day, course_time, course_type, course_limit, instructor, location, attributes) values (2, 101, 'CSCIE-56', 'Web Application Development with Groovy and Grails', 2, 'FRI', '5:30 - 7:30 pm', 'Online Option', 0, 'Burt Beckwith', '53 Church Street L01', 'WP,E');
insert into course (concentration_id, course_id, course_code, course_title, course_term_id, course_day, course_time, course_type, course_limit, instructor, location, attributes) values (2, 102, 'CSCIE-60', 'Developing Web-Based Database Applications', 2, 'MON', '5:30 - 7:30 pm', 'Online Option', 0, 'Maria R. Garcia', '1 Story Street 303', 'DM,E');
insert into course (concentration_id, course_id, course_code, course_title, course_term_id, course_day, course_time, course_type, course_limit, instructor, location, attributes) values (2, 103, 'CSCIE-61', 'Systems Programming and Machine Organization', 2, '', '', 'Online Only', 0, 'Eddie Kohler', '', 'E');
insert into course (concentration_id, course_id, course_code, course_title, course_term_id, course_day, course_time, course_type, course_limit, instructor, location, attributes) values (2, 104, 'CSCIE-62', 'Modern Mobile Development', 2, 'TUES', '5:30 - 7:30 pm', 'On Campus Only', 30, 'Edwin Guarin & Robert Familiar', '53 Church Street 203', 'E');
insert into course (concentration_id, course_id, course_code, course_title, course_term_id, course_day, course_time, course_type, course_limit, instructor, location, attributes) values (2, 105, 'CSCIE-65', 'Building Mobile Apps: A Comparative View of Mobile Application Development', 2, 'FRI', '5:30 - 7:30 pm', 'Online Option', 120, 'Jonathan Levin', 'Maxwell-Dworkin G115', 'E');
insert into course (concentration_id, course_id, course_code, course_title, course_term_id, course_day, course_time, course_type, course_limit, instructor, location, attributes) values (2, 106, 'CSCIE-90', 'Cloud Computing', 2, 'FRI', '5:30 - 7:30 pm', 'Online Option', 0, 'Zoran B. Djordjevic', '1 Story Street 306', 'DC,E');
insert into course (concentration_id, course_id, course_code, course_title, course_term_id, course_day, course_time, course_type, course_limit, instructor, location, attributes) values (2, 107, 'CSCIE-95', 'Compiler Design and Implementation', 2, 'TUES', '7:40 - 9:40 pm', 'On Campus Only', 0, 'James L. Frankel', 'Science Center 109', 'E');
insert into course (concentration_id, course_id, course_code, course_title, course_term_id, course_day, course_time, course_type, course_limit, instructor, location, attributes) values (2, 108, 'CSCIE-97', 'Software Design: Principles Models and Patterns', 2, 'THUR', '7:40 - 9:40 pm', 'Online Option', 0, 'Eric Gieseke', '1 Story Street 304', 'E');
insert into course (concentration_id, course_id, course_code, course_title, course_term_id, course_day, course_time, course_type, course_limit, instructor, location, attributes) values (2, 109, 'CSCIE-205', 'Computing Foundations for Computational Science', 2, '', '', 'Online Only', 0, 'Cristopher Cecka', '', 'E');
insert into course (concentration_id, course_id, course_code, course_title, course_term_id, course_day, course_time, course_type, course_limit, instructor, location, attributes) values (2, 110, 'ISMTE-100', 'Information Systems Management', 2, 'MON', '7:40 - 9:40 pm', 'On Campus Only', 50, 'Jeffrey E. Francis', 'CGIS South S020', 'MGMT,E');
insert into course (concentration_id, course_id, course_code, course_title, course_term_id, course_day, course_time, course_type, course_limit, instructor, location, attributes) values (2, 111, 'ISMTE-130', 'Spreadsheet Models for Managers', 2, 'WED', '7:40 - 9:40 pm', 'Online Option', 0, 'Richard Brenner', '53 Church Street L01', 'E');
insert into course (concentration_id, course_id, course_code, course_title, course_term_id, course_day, course_time, course_type, course_limit, instructor, location, attributes) values (2, 112, 'ISMTE-150', 'Introduction to GIS', 2, 'THUR', '5:30 - 7:30 pm', 'On Campus Only', 20, 'Wendy Guan', '53 Church Street 201', 'E');
insert into course (concentration_id, course_id, course_code, course_title, course_term_id, course_day, course_time, course_type, course_limit, instructor, location, attributes) values (2, 113, 'ISMTE-190', 'Enterprise Content Management', 2, 'TUES', '7:40 - 9:40 pm', 'Online Option', 0, 'Richard E. Joltes', 'Byerly Hall 013', 'E');
insert into course (concentration_id, course_id, course_code, course_title, course_term_id, course_day, course_time, course_type, course_limit, instructor, location, attributes) values (2, 114, 'ISMTE-200', 'Capstone Seminar in Enterprise Systems', 2, 'MON', '7:40 - 9:40 pm', 'On Campus Only', 20, 'Zoya Kinstler & Bob Wittstein', 'Northwest Science Building B104', 'CAP');
insert into course (concentration_id, course_id, course_code, course_title, course_term_id, course_day, course_time, course_type, course_limit, instructor, location, attributes) values (2, 115, 'MGMTE-1600', 'Managerial Accounting', 2, 'THUR', '7:40 - 9:40 pm', 'Online Option', 70, 'Richard L. Keith', '1 Story Street 306', 'E');
insert into course (concentration_id, course_id, course_code, course_title, course_term_id, course_day, course_time, course_type, course_limit, instructor, location, attributes) values (2, 116, 'MGMTE-4000', 'Organizational Behavior', 2, 'THUR', '5:30 - 7:30 pm', 'Web-Conference Course', 35, 'Carmine P. Gibaldi', '', 'E');
insert into course (concentration_id, course_id, course_code, course_title, course_term_id, course_day, course_time, course_type, course_limit, instructor, location, attributes) values (2, 117, 'MGMTE-4000', 'Organizational Behavior', 2, 'WED', '7:40 - 9:40 pm', 'On Campus Only', 38, 'Jane McHan', 'Sever Hall 203', 'E');
insert into course (concentration_id, course_id, course_code, course_title, course_term_id, course_day, course_time, course_type, course_limit, instructor, location, attributes) values (2, 118, 'MGMTE-4000', 'Organizational Behavior', 2, 'MON', '7:40 - 9:40 pm', 'Web-Conference Course', 40, 'M. Myra S. White', '', 'E');
insert into course (concentration_id, course_id, course_code, course_title, course_term_id, course_day, course_time, course_type, course_limit, instructor, location, attributes) values (2, 119, 'MGMTE-4000', 'Organizational Behavior', 2, 'TUES', '5:30 - 7:30 pm', 'Web-Conference Course', 35, 'Carmine P. Gibaldi', '', 'E');
insert into course (concentration_id, course_id, course_code, course_title, course_term_id, course_day, course_time, course_type, course_limit, instructor, location, attributes) values (2, 120, 'MGMTE-4000', 'Organizational Behavior', 2, 'MON', '5:30 - 7:30 pm', 'Web-Conference Course', 30, 'Jennifer Kay Stine', '', 'E');
insert into course (concentration_id, course_id, course_code, course_title, course_term_id, course_day, course_time, course_type, course_limit, instructor, location, attributes) values (2, 121, 'MGMTE-4160', 'Creating and Leading Team Dynamics', 2, 'TUES', '5:30 - 7:30 pm', 'On Campus Only', 30, 'Harold V. Langlois & Kathrine Suzanne Livingston', 'Sever Hall 206', 'E');
insert into course (concentration_id, course_id, course_code, course_title, course_term_id, course_day, course_time, course_type, course_limit, instructor, location, attributes) values (2, 122, 'MGMTE-5420', 'Innovation Entrepreneurship and Business Transformation', 2, 'MON', '7:40 - 9:40 pm', 'On Campus Only', 80, 'William L. Wellman & James C. Fitchett', 'Pound Hall 200', 'E');
insert into course (concentration_id, course_id, course_code, course_title, course_term_id, course_day, course_time, course_type, course_limit, instructor, location, attributes) values (2, 123, 'CSCIS-76', 'Building Mobile Applications', 1, 'MON,WED', '6:30 - 9:30 pm', 'On Campus Only', 30, 'David J. Malan', 'Northwest Science Building B101', 'E');
insert into course (concentration_id, course_id, course_code, course_title, course_term_id, course_day, course_time, course_type, course_limit, instructor, location, attributes) values (2, 124, 'CSCIS-131B', 'Communication Protocols and Internet Architectures', 1, '', '', 'Online Only', 0, 'Leonard Evenchik', '', 'DCOM,E');
insert into course (concentration_id, course_id, course_code, course_title, course_term_id, course_day, course_time, course_type, course_limit, instructor, location, attributes) values (2, 125, 'ECONS-1901', 'Managerial Accounting', 1, 'TUES,THUR', '6:30 - 9:30 pm', 'On Campus Only', 0, 'Lynn W. Marples', 'Harvard Hall 103', 'E');
insert into course (concentration_id, course_id, course_code, course_title, course_term_id, course_day, course_time, course_type, course_limit, instructor, location, attributes) values (2, 126, 'ISMTS-170', 'Human Factors in Information Systems Design', 1, 'TUES,THUR', '6:30 - 9:30 pm', 'On Campus Only', 50, 'Dennis F. Galletta', 'Northwest Science Building B108', 'E');
insert into course (concentration_id, course_id, course_code, course_title, course_term_id, course_day, course_time, course_type, course_limit, instructor, location, attributes) values (2, 127, 'MGMTS-2800', 'Financial Modeling', 1, 'MON,WED', '8:30 am - 11:30 am', 'On Campus Only', 60, 'Martin K. Konan', 'Sever Hall 102', 'E');
insert into course (concentration_id, course_id, course_code, course_title, course_term_id, course_day, course_time, course_type, course_limit, instructor, location, attributes) values (2, 128, 'MGMTS-4000', 'Organizational Behavior', 1, 'MON,WED', '6:30 - 9:30 pm', 'On Campus Only', 45, 'Barbara Zepp Larson', 'Sever Hall 203', 'E');
insert into course (concentration_id, course_id, course_code, course_title, course_term_id, course_day, course_time, course_type, course_limit, instructor, location, attributes) values (2, 129, 'MGMTS-4000', 'Organizational Behavior', 1, 'MON,WED', '3:15 - 6:15 pm', 'Web-Conference Course', 40, 'Carmine P. Gibaldi', '', 'E');
insert into course (concentration_id, course_id, course_code, course_title, course_term_id, course_day, course_time, course_type, course_limit, instructor, location, attributes) values (2, 130, 'MGMTS-5000', 'Strategic Management', 1, 'MON,WED', '8:30 am - 11:30 am', 'On Campus Only', 50, 'Mohsin Habib', 'CGIS South S020', 'E');
insert into course (concentration_id, course_id, course_code, course_title, course_term_id, course_day, course_time, course_type, course_limit, instructor, location, attributes) values (2, 131, 'MGMTS-5000', 'Strategic Management', 1, 'MON,WED', '6:30 - 9:30 pm', 'On Campus Only', 50, 'Jorge Tarzijan', 'Harvard Hall 102', 'E');
insert into course (concentration_id, course_id, course_code, course_title, course_term_id, course_day, course_time, course_type, course_limit, instructor, location, attributes) values (2, 132, 'MGMTS-5010', 'Electronic Commerce Strategies', 1, 'TUES,THUR', '12 - 3 pm', 'On Campus Only', 40, 'Dennis F. Galletta', '1 Story Street 304', 'E');
insert into course (concentration_id, course_id, course_code, course_title, course_term_id, course_day, course_time, course_type, course_limit, instructor, location, attributes) values (2, 133, 'MGMTS-5012', 'Systems Thinking', 1, 'TUES,THUR', '6:30 - 9:30 pm', 'On Campus Only', 60, 'Mark Esposito', 'Emerson Hall 210', 'E');
insert into course (concentration_id, course_id, course_code, course_title, course_term_id, course_day, course_time, course_type, course_limit, instructor, location, attributes) values (2, 134, 'MGMTS-5016', 'Management of Technology and Innovation', 1, 'MON,WED', '12 - 3 pm', 'On Campus Only', 60, 'Cherian S. Thachenkary', 'Sever Hall 102', 'E');
insert into course (concentration_id, course_id, course_code, course_title, course_term_id, course_day, course_time, course_type, course_limit, instructor, location, attributes) values (2, 135, 'MGMTS-5034', 'Introduction to Decision and Operations Analysis', 1, 'MON,WED', '3:15 - 6:15 pm', 'On Campus Only', 60, 'Cherian S. Thachenkary', 'Sever Hall 102', 'E');
insert into course (concentration_id, course_id, course_code, course_title, course_term_id, course_day, course_time, course_type, course_limit, instructor, location, attributes) values (2, 136, 'MGMTS-5035', 'Cross-Border Innovation', 1, 'TUES,THUR', '6:30 - 9:30 pm', 'On Campus Only', 55, 'Iris Berdrow', 'Northwest Science Building B101', 'E');
insert into course (concentration_id, course_id, course_code, course_title, course_term_id, course_day, course_time, course_type, course_limit, instructor, location, attributes) values (2, 137, 'STATS-102', 'Fundamentals of Biostatistics', 1, 'TUES,THUR', '3:15 - 6:15 pm', 'On Campus Only', 0, 'Bernard A. Rosner & Robert J. Glynn', 'Harvard Hall 103', 'E');
insert into course (concentration_id, course_id, course_code, course_title, course_term_id, course_day, course_time, course_type, course_limit, instructor, location, attributes) values (2, 138, 'STATS-107', 'Introduction to Financial Statistics', 1, 'TUES,THUR', '8:30 am - 11:30 am', 'On Campus Only', 0, 'Michael I. Parzen', '1 Story Street 304', 'E');
insert into course (concentration_id, course_id, course_code, course_title, course_term_id, course_day, course_time, course_type, course_limit, instructor, location, attributes) values (3, 139, 'APMAE-207', 'Monte Carlo Methods for Inference and Data Analysis', 4, '', '', 'Online Only', 0, 'Pavlos Protopapas', '', 'E');
insert into course (concentration_id, course_id, course_code, course_title, course_term_id, course_day, course_time, course_type, course_limit, instructor, location, attributes) values (3, 140, 'CSCIE-8', 'Web GIS: Principles and Applications', 4, 'THUR', '7:40 - 9:40 pm', 'Web-Conference Course', 50, 'Pinde Fu', '', 'E');
insert into course (concentration_id, course_id, course_code, course_title, course_term_id, course_day, course_time, course_type, course_limit, instructor, location, attributes) values (3, 141, 'CSCIE-20', 'Discrete Mathematics for Computer Science', 4, 'TUES', '9 - 11 pm', 'Web-Conference Course', 32, 'Harry R. Lewis & Deborah Abel', '', 'E');
insert into course (concentration_id, course_id, course_code, course_title, course_term_id, course_day, course_time, course_type, course_limit, instructor, location, attributes) values (3, 142, 'CSCIE-35', 'Essential Modern UI Windows 8.1 App Development and Cloud Computing', 4, 'WED', '7:40 - 9:40 pm', 'Online Option', 0, 'Joseph Ficara', '1 Story Street 303', 'E');
insert into course (concentration_id, course_id, course_code, course_title, course_term_id, course_day, course_time, course_type, course_limit, instructor, location, attributes) values (3, 143, 'CSCIE-40', 'Communication Protocols and Internet Architectures', 4, '', '', 'Online Only', 0, 'Leonard Evenchik', '', 'E');
insert into course (concentration_id, course_id, course_code, course_title, course_term_id, course_day, course_time, course_type, course_limit, instructor, location, attributes) values (3, 144, 'CSCIE-42', 'Internet Voice Video and Telepresence', 4, 'MON', '5:30 - 7:30 pm', 'Online Option', 0, 'Leonard Evenchik', 'Maxwell-Dworkin G125', 'E');
insert into course (concentration_id, course_id, course_code, course_title, course_term_id, course_day, course_time, course_type, course_limit, instructor, location, attributes) values (3, 145, 'CSCIE-45B', 'Working in and Running the Cyberworld', 4, 'FRI', '5:30 - 7:30 pm', 'Online Option', 0, 'Scott Bradner & Benoit Gaucherin', 'Maxwell-Dworkin G125', 'E');
insert into course (concentration_id, course_id, course_code, course_title, course_term_id, course_day, course_time, course_type, course_limit, instructor, location, attributes) values (3, 146, 'CSCIE-51', 'Abstraction and Design in Computation', 4, '', '', 'Online Only', 0, 'Henry H. Leitner & Jesse Tov', '', 'P,E');
insert into course (concentration_id, course_id, course_code, course_title, course_term_id, course_day, course_time, course_type, course_limit, instructor, location, attributes) values (3, 147, 'CSCIE-55', 'Java for Distributed Computing', 4, '', '', 'Online Only', 0, 'Charles M. Sawyer Jr.', '', 'P,E');
insert into course (concentration_id, course_id, course_code, course_title, course_term_id, course_day, course_time, course_type, course_limit, instructor, location, attributes) values (3, 148, 'CSCIE-58', 'Bioinformatics Algorithms', 4, 'WED', '7:40 - 9:40 pm', 'On Campus Only', 0, 'Jeff Parker', 'Harvard Hall 103', 'AL,E');
insert into course (concentration_id, course_id, course_code, course_title, course_term_id, course_day, course_time, course_type, course_limit, instructor, location, attributes) values (3, 149, 'CSCIE-63', 'Big Data Analytics', 4, 'FRI', '5:30 - 7:30 pm', 'Online Option', 0, 'Zoran B. Djordjevic', '1 Story Street 306', 'E');
insert into course (concentration_id, course_id, course_code, course_title, course_term_id, course_day, course_time, course_type, course_limit, instructor, location, attributes) values (3, 150, 'CSCIE-92', 'Principles of Operating Systems', 4, 'TUES', '7:40 - 9:40 pm', 'On Campus Only', 0, 'James L. Frankel', 'Science Center 109', 'E');
insert into course (concentration_id, course_id, course_code, course_title, course_term_id, course_day, course_time, course_type, course_limit, instructor, location, attributes) values (3, 151, 'CSCIE-124', 'Data Structures and Algorithms', 4, '', '', 'Online Only', 0, 'Michael Mitzenmacher', '', 'AL,E');
insert into course (concentration_id, course_id, course_code, course_title, course_term_id, course_day, course_time, course_type, course_limit, instructor, location, attributes) values (3, 152, 'CSCIE-152', 'Programming Languages', 4, '', '', 'Online Only', 0, 'Stephen Chong', '', 'E');
insert into course (concentration_id, course_id, course_code, course_title, course_term_id, course_day, course_time, course_type, course_limit, instructor, location, attributes) values (3, 153, 'CSCIE-171', 'Visualization', 4, '', '', 'Online Only', 0, 'Hanspeter Pfister', '', 'E');
insert into course (concentration_id, course_id, course_code, course_title, course_term_id, course_day, course_time, course_type, course_limit, instructor, location, attributes) values (3, 154, 'CSCIE-181', 'Machine Learning', 4, '', '', 'Online Only', 0, 'Ryan Adams', '', 'E');
insert into course (concentration_id, course_id, course_code, course_title, course_term_id, course_day, course_time, course_type, course_limit, instructor, location, attributes) values (3, 155, 'CSCIE-186', 'Economics and Computation', 4, '', '', 'Online Only', 0, 'David C. Parkes', '', 'E');
insert into course (concentration_id, course_id, course_code, course_title, course_term_id, course_day, course_time, course_type, course_limit, instructor, location, attributes) values (3, 156, 'ENSCE-105', 'Engineering Innovation with Information Technology', 4, 'TUES', '7:40 - 9:40 pm', 'Online Option', 0, 'Wego Wang', 'Byerly Hall 013', 'E');
insert into course (concentration_id, course_id, course_code, course_title, course_term_id, course_day, course_time, course_type, course_limit, instructor, location, attributes) values (3, 157, 'ENSCE-123', 'Laboratory Electronics: Digital Circuit Design', 4, 'THUR', '6 - 9 pm', 'On Campus Only', 22, 'Thomas C. Hayes', 'Science Center 206', 'E');
insert into course (concentration_id, course_id, course_code, course_title, course_term_id, course_day, course_time, course_type, course_limit, instructor, location, attributes) values (3, 158, 'ENSCE-155', 'Fundamentals and Applications of Microfluidics', 4, 'TUES', '5:30 - 7:30 pm', 'Online Option', 0, 'Anas Chalah & Fawwaz Habbal', 'Maxwell-Dworkin G135', 'E');
insert into course (concentration_id, course_id, course_code, course_title, course_term_id, course_day, course_time, course_type, course_limit, instructor, location, attributes) values (3, 159, 'ISMTE-155', 'Geographic Communication Today', 4, 'MON', '5:30 - 7:30 pm', 'On Campus Only', 30, 'Jeff Blossom', '53 Church Street 201', 'E');
insert into course (concentration_id, course_id, course_code, course_title, course_term_id, course_day, course_time, course_type, course_limit, instructor, location, attributes) values (3, 160, 'MATHE-21B', 'Linear Algebra', 4, 'THUR', '7:40 - 9:40 pm', 'On Campus Only', 0, 'Robert Winters', 'Harvard Hall 201', 'LA');
insert into course (concentration_id, course_id, course_code, course_title, course_term_id, course_day, course_time, course_type, course_limit, instructor, location, attributes) values (3, 161, 'MATHE-23B', 'Linear Algebra and Real Analysis II', 4, 'TUES,THUR', '2:30 - 4 pm', 'On Campus Only', 0, 'Paul G. Bamberg', 'Room to be announced', 'TMF,LA,E');
insert into course (concentration_id, course_id, course_code, course_title, course_term_id, course_day, course_time, course_type, course_limit, instructor, location, attributes) values (3, 162, 'MATHE-155R', 'Combinatorics', 4, 'TUES,THUR', '11:30 am - 1 pm', 'On Campus Only', 0, 'Sukhada Fadnavis', 'Room to be announced', 'E');
insert into course (concentration_id, course_id, course_code, course_title, course_term_id, course_day, course_time, course_type, course_limit, instructor, location, attributes) values (3, 163, 'MATHE-156', 'Mathematical Foundations of Statistical Software', 4, 'WED', '7:40 - 9:40 pm', 'On Campus Only', 0, 'Paul G. Bamberg', 'Science Center 112', 'E');
insert into course (concentration_id, course_id, course_code, course_title, course_term_id, course_day, course_time, course_type, course_limit, instructor, location, attributes) values (3, 164, 'MATHE-210', 'Vector Space Methods for Differential Equations', 4, 'TUES,THUR', '11:30 am - 1 pm', 'On Campus Only', 0, 'Paul G. Bamberg', 'Room to be announced', 'TMF,E');
insert into course (concentration_id, course_id, course_code, course_title, course_term_id, course_day, course_time, course_type, course_limit, instructor, location, attributes) values (3, 165, 'MATHE-217', 'Probability and Random Processes with Economic Applications', 4, 'TUES,THUR', '2:30 - 4 pm', 'On Campus Only', 0, 'Sukhada Fadnavis', 'Room to be announced', 'TMF,E');
insert into course (concentration_id, course_id, course_code, course_title, course_term_id, course_day, course_time, course_type, course_limit, instructor, location, attributes) values (3, 166, 'MATHE-320', 'Teaching Mathematics with a Historical Perspective', 4, 'MON', '5:30 - 7:30 pm', 'Online Option', 0, 'Oliver Knill', '1 Story Street 307', 'E');
insert into course (concentration_id, course_id, course_code, course_title, course_term_id, course_day, course_time, course_type, course_limit, instructor, location, attributes) values (3, 167, 'MATHE-322', 'Real Analysis for Calculus Teachers', 4, 'THUR', '5:30 - 7:30 pm', 'On Campus Only', 0, 'Katherine Leigh Penner', 'Science Center 110', 'E');
insert into course (concentration_id, course_id, course_code, course_title, course_term_id, course_day, course_time, course_type, course_limit, instructor, location, attributes) values (3, 168, 'CSCIE-18', 'Web Development Using XML', 2, 'MON', '7:40 - 9:40 pm', 'Online Option', 0, 'David P. Heitmeyer', '1 Story Street 304', 'E');
insert into course (concentration_id, course_id, course_code, course_title, course_term_id, course_day, course_time, course_type, course_limit, instructor, location, attributes) values (3, 169, 'CSCIE-40', 'Communication Protocols and Internet Architectures', 2, 'MON', '5:30 - 7:30 pm', 'Online Option', 0, 'Leonard Evenchik', '53 Church Street L01', 'E');
insert into course (concentration_id, course_id, course_code, course_title, course_term_id, course_day, course_time, course_type, course_limit, instructor, location, attributes) values (3, 170, 'CSCIE-45A', 'Understanding and Securing the Cyber Infrastructure', 2, 'FRI', '5:30 - 7:30 pm', 'Online Option', 0, 'Scott Bradner & Benoit Gaucherin', 'Maxwell-Dworkin G125', 'E');
insert into course (concentration_id, course_id, course_code, course_title, course_term_id, course_day, course_time, course_type, course_limit, instructor, location, attributes) values (3, 171, 'CSCIE-55', 'Java for Distributed Computing', 2, 'WED', '7:40 - 9:40 pm', 'Online Option', 0, 'Charles M. Sawyer Jr.', 'Byerly Hall 013', 'P,E');
insert into course (concentration_id, course_id, course_code, course_title, course_term_id, course_day, course_time, course_type, course_limit, instructor, location, attributes) values (3, 172, 'CSCIE-56', 'Web Application Development with Groovy and Grails', 2, 'FRI', '5:30 - 7:30 pm', 'Online Option', 0, 'Burt Beckwith', '53 Church Street L01', 'E');
insert into course (concentration_id, course_id, course_code, course_title, course_term_id, course_day, course_time, course_type, course_limit, instructor, location, attributes) values (3, 173, 'CSCIE-61', 'Systems Programming and Machine Organization', 2, '', '', 'Online Only', 0, 'Eddie Kohler', '', 'E');
insert into course (concentration_id, course_id, course_code, course_title, course_term_id, course_day, course_time, course_type, course_limit, instructor, location, attributes) values (3, 174, 'CSCIE-72', 'Introduction to Computer Graphics', 2, 'TUES', '5:30 - 7:30 pm', 'Online Option', 0, 'Jeff Parker', '1 Story Street 303', 'E');
insert into course (concentration_id, course_id, course_code, course_title, course_term_id, course_day, course_time, course_type, course_limit, instructor, location, attributes) values (3, 175, 'CSCIE-90', 'Cloud Computing', 2, 'FRI', '5:30 - 7:30 pm', 'Online Option', 0, 'Zoran B. Djordjevic', '1 Story Street 306', 'E');
insert into course (concentration_id, course_id, course_code, course_title, course_term_id, course_day, course_time, course_type, course_limit, instructor, location, attributes) values (3, 176, 'CSCIE-95', 'Compiler Design and Implementation', 2, 'TUES', '7:40 - 9:40 pm', 'On Campus Only', 0, 'James L. Frankel', 'Science Center 109', 'E');
insert into course (concentration_id, course_id, course_code, course_title, course_term_id, course_day, course_time, course_type, course_limit, instructor, location, attributes) values (3, 177, 'CSCIE-109', 'Data Science', 2, '', '', 'Online Only', 60, 'Hanspeter Pfister & Joseph K. Blitzstein', '', 'TMF,E');
insert into course (concentration_id, course_id, course_code, course_title, course_term_id, course_day, course_time, course_type, course_limit, instructor, location, attributes) values (3, 178, 'CSCIE-121', 'Introduction to the Theory of Computation', 2, '', '', 'Online Only', 0, 'Harry R. Lewis', '', 'TMF,E');
insert into course (concentration_id, course_id, course_code, course_title, course_term_id, course_day, course_time, course_type, course_limit, instructor, location, attributes) values (3, 179, 'CSCIE-127', 'Introduction to Cryptography', 2, '', '', 'Online Only', 0, 'Salil P. Vadhan', '', 'TMF');
insert into course (concentration_id, course_id, course_code, course_title, course_term_id, course_day, course_time, course_type, course_limit, instructor, location, attributes) values (3, 180, 'CSCIE-205', 'Computing Foundations for Computational Science', 2, '', '', 'Online Only', 0, 'Cristopher Cecka', '', 'E');
insert into course (concentration_id, course_id, course_code, course_title, course_term_id, course_day, course_time, course_type, course_limit, instructor, location, attributes) values (3, 181, 'ENSCE-130', 'Introduction to MEMS with BioMEMS', 2, 'TUES', '5:30 - 7:30 pm', 'Online Option', 0, 'Fawwaz Habbal', 'Pierce Hall 301', 'E');
insert into course (concentration_id, course_id, course_code, course_title, course_term_id, course_day, course_time, course_type, course_limit, instructor, location, attributes) values (3, 182, 'ENSCE-150', 'Introduction to Nanobiotechnology: Concepts and Applications', 2, 'TUES', '5:30 - 7:30 pm', 'Online Option', 0, 'Anas Chalah', 'Pierce Hall 209', 'E');
insert into course (concentration_id, course_id, course_code, course_title, course_term_id, course_day, course_time, course_type, course_limit, instructor, location, attributes) values (3, 183, 'MATHE-21A', 'Multivariable Calculus', 2, 'THUR', '7:40 - 9:40 pm', 'On Campus Only', 0, 'Robert Winters', 'Harvard Hall 201', 'AC');
insert into course (concentration_id, course_id, course_code, course_title, course_term_id, course_day, course_time, course_type, course_limit, instructor, location, attributes) values (3, 184, 'MATHE-23A', 'Linear Algebra and Real Analysis I', 2, 'TUES,THUR', '2:30 - 4 pm', 'On Campus Only', 0, 'Paul G. Bamberg', 'Science Center Hall A', 'TMF,AC,LA,E');
insert into course (concentration_id, course_id, course_code, course_title, course_term_id, course_day, course_time, course_type, course_limit, instructor, location, attributes) values (3, 185, 'MATHE-154', 'Probability Theory', 2, 'MON,WED,FRI', '12 - 1 pm', 'On Campus Only', 0, 'Clifford Taubes', 'Science Center 507', 'TMF,LA,E');
insert into course (concentration_id, course_id, course_code, course_title, course_term_id, course_day, course_time, course_type, course_limit, instructor, location, attributes) values (3, 186, 'MATHE-216', 'Real Analysis Convexity and Optimization', 2, 'TUES,THUR', '11:30 am - 1 pm', 'On Campus Only', 0, 'Paul G. Bamberg', 'Science Center 222', 'E');
insert into course (concentration_id, course_id, course_code, course_title, course_term_id, course_day, course_time, course_type, course_limit, instructor, location, attributes) values (3, 187, 'MATHE-311', 'Investigating the Mathematical Process: An Introduction to Proofs', 2, 'MON', '5:30 - 7:30 pm', 'On Campus Only', 0, 'Jameel Habeeb Al-Aidroos', 'Sever Hall 112', 'E');
insert into course (concentration_id, course_id, course_code, course_title, course_term_id, course_day, course_time, course_type, course_limit, instructor, location, attributes) values (3, 188, 'MATHE-321', 'Hidden Gems: Advanced Topics in Classical Mathematics', 2, 'SAT', '10 am - 12 pm', 'On Campus Only', 0, 'Roberto E. Mart?nez II', 'Science Center 110', 'E');
insert into course (concentration_id, course_id, course_code, course_title, course_term_id, course_day, course_time, course_type, course_limit, instructor, location, attributes) values (3, 189, 'APMAS-111', 'Introduction to Scientific Computing', 1, 'MON,WED', '8:30 am - 11:30 am', 'On Campus Only', 0, 'Marie Dahleh', 'Science Center B-09', 'TMF,E');
insert into course (concentration_id, course_id, course_code, course_title, course_term_id, course_day, course_time, course_type, course_limit, instructor, location, attributes) values (3, 190, 'CSCIS-131B', 'Communication Protocols and Internet Architectures', 1, '', '', 'Online Only', 0, 'Leonard Evenchik', '', 'E');
insert into course (concentration_id, course_id, course_code, course_title, course_term_id, course_day, course_time, course_type, course_limit, instructor, location, attributes) values (3, 191, 'ENSCS-157', 'Introduction to Fabrication of Microfluidic Devices', 1, 'TUES,THUR', '6:30 - 9:30 pm', 'On Campus Only', 15, 'Turgut Fettah Kosar', 'LISE 303', 'E');
insert into course (concentration_id, course_id, course_code, course_title, course_term_id, course_day, course_time, course_type, course_limit, instructor, location, attributes) values (3, 192, 'MATHS-19A', 'Modeling and Differential Equations for the Life Sciences', 1, 'MON,WED,FRI', '12:30 - 2:30 pm', 'On Campus Only', 0, 'John Thomas Hall', 'Science Center 411', 'TMF,E');
insert into course (concentration_id, course_id, course_code, course_title, course_term_id, course_day, course_time, course_type, course_limit, instructor, location, attributes) values (3, 193, 'MATHS-21A', 'Multivariable Calculus', 1, 'TUES,THUR', '8:30 am - 11:30 am', 'On Campus Only', 0, 'Oliver Knill', 'Science Center Hall E', 'AC');
insert into course (concentration_id, course_id, course_code, course_title, course_term_id, course_day, course_time, course_type, course_limit, instructor, location, attributes) values (3, 194, 'MATHS-21B', 'Linear Algebra and Differential Equations', 1, 'MON,WED,FRI', '9:30 am - 11:30 am', 'On Campus Only', 0, 'Robert Winters', 'Harvard Hall 202', 'LA,E');
insert into course (concentration_id, course_id, course_code, course_title, course_term_id, course_day, course_time, course_type, course_limit, instructor, location, attributes) values (3, 195, 'MATHS-101', 'Spaces Mappings and Mathematical Structures (With An Introduction to Proof)', 1, 'TUES,WED,THUR', '12 - 2 pm', 'On Campus Only', 0, 'Peter M. Garfield', 'Science Center 221', 'E');
insert into course (concentration_id, course_id, course_code, course_title, course_term_id, course_day, course_time, course_type, course_limit, instructor, location, attributes) values (3, 196, 'MATHS-302', 'Math for Teaching Geometry', 1, 'MON,TUES,WED,THUR,FRI', '9 am - 11:30 am', 'On Campus Only', 0, 'Andrew Engelward', 'Science Center 411', 'E');
insert into course (concentration_id, course_id, course_code, course_title, course_term_id, course_day, course_time, course_type, course_limit, instructor, location, attributes) values (3, 197, 'MATHS-318', 'Groups and Symmetry', 1, 'MON,TUES,WED,THUR,FRI', '12:30 - 3 pm', 'On Campus Only', 0, 'John D. Boller', 'Science Center B-10', 'E');
insert into course (concentration_id, course_id, course_code, course_title, course_term_id, course_day, course_time, course_type, course_limit, instructor, location, attributes) values (3, 198, 'MATHS-322', 'Real Analysis for Calculus Teachers', 1, 'MON,TUES,WED,THUR,FRI', '8:30 am - 11 am', 'On Campus Only', 0, 'Paul G. Bamberg & Katherine Leigh Penner', 'Science Center 310', 'E');
insert into course (concentration_id, course_id, course_code, course_title, course_term_id, course_day, course_time, course_type, course_limit, instructor, location, attributes) values (3, 199, 'PHYSS-123', 'Laboratory Electronics: Analog and Digital Circuit Design', 1, 'MON,WED,THUR', '9 am - 1 pm', 'On Campus Only', 20, 'David Eric Abrams', 'Science Center 206', 'E');
insert into course (concentration_id, course_id, course_code, course_title, course_term_id, course_day, course_time, course_type, course_limit, instructor, location, attributes) values (4, 200, 'CSCIE-8', 'Web GIS: Principles and Applications', 4, 'THUR', '7:40 - 9:40 pm', 'Web-Conference Course', 50, 'Pinde Fu', '', 'E');
insert into course (concentration_id, course_id, course_code, course_title, course_term_id, course_day, course_time, course_type, course_limit, instructor, location, attributes) values (4, 201, 'CSCIE-10B', 'Introduction to Computer Science Using Java II', 4, '', '', 'Online Only', 0, 'Henry H. Leitner', '', 'CD,E');
insert into course (concentration_id, course_id, course_code, course_title, course_term_id, course_day, course_time, course_type, course_limit, instructor, location, attributes) values (4, 202, 'CSCIE-12', 'Fundamentals of Website Development', 4, 'MON', '7:40 - 9:40 pm', 'Online Option', 0, 'David P. Heitmeyer', 'Maxwell-Dworkin G115', 'WDD,E');
insert into course (concentration_id, course_id, course_code, course_title, course_term_id, course_day, course_time, course_type, course_limit, instructor, location, attributes) values (4, 203, 'CSCIE-35', 'Essential Modern UI Windows 8.1 App Development and Cloud Computing', 4, 'WED', '7:40 - 9:40 pm', 'Online Option', 0, 'Joseph Ficara', '1 Story Street 303', 'E');
insert into course (concentration_id, course_id, course_code, course_title, course_term_id, course_day, course_time, course_type, course_limit, instructor, location, attributes) values (4, 204, 'CSCIE-42', 'Internet Voice Video and Telepresence', 4, 'MON', '5:30 - 7:30 pm', 'Online Option', 0, 'Leonard Evenchik', 'Maxwell-Dworkin G125', 'E');
insert into course (concentration_id, course_id, course_code, course_title, course_term_id, course_day, course_time, course_type, course_limit, instructor, location, attributes) values (4, 205, 'CSCIE-50', 'Intensive Introduction to Computer Science', 4, '', '', 'Online Only', 100, 'David J. Malan', '', 'CD,E');
insert into course (concentration_id, course_id, course_code, course_title, course_term_id, course_day, course_time, course_type, course_limit, instructor, location, attributes) values (4, 206, 'CSCIE-51', 'Abstraction and Design in Computation', 4, '', '', 'Online Only', 0, 'Henry H. Leitner & Jesse Tov', '', 'E');
insert into course (concentration_id, course_id, course_code, course_title, course_term_id, course_day, course_time, course_type, course_limit, instructor, location, attributes) values (4, 207, 'CSCIE-55', 'Java for Distributed Computing', 4, '', '', 'Online Only', 0, 'Charles M. Sawyer Jr.', '', 'E');
insert into course (concentration_id, course_id, course_code, course_title, course_term_id, course_day, course_time, course_type, course_limit, instructor, location, attributes) values (4, 208, 'CSCIE-66', 'Database and Information Management Systems', 4, 'WED', '7:40 - 9:40 pm', 'Online Option', 0, 'David G. Sullivan', '1 Story Street 306', 'E');
insert into course (concentration_id, course_id, course_code, course_title, course_term_id, course_day, course_time, course_type, course_limit, instructor, location, attributes) values (4, 209, 'CSCIE-171', 'Visualization', 4, '', '', 'Online Only', 0, 'Hanspeter Pfister', '', 'E');
insert into course (concentration_id, course_id, course_code, course_title, course_term_id, course_day, course_time, course_type, course_limit, instructor, location, attributes) values (4, 210, 'CSCIE-181', 'Machine Learning', 4, '', '', 'Online Only', 0, 'Ryan Adams', '', 'E');
insert into course (concentration_id, course_id, course_code, course_title, course_term_id, course_day, course_time, course_type, course_limit, instructor, location, attributes) values (4, 211, 'DGMDE-10', 'Exposing Digital Photography', 4, 'WED', '5:30 - 7:30 pm', 'On Campus Only', 0, 'John Selig', 'Harvard Hall 201', 'DIGM,E');
insert into course (concentration_id, course_id, course_code, course_title, course_term_id, course_day, course_time, course_type, course_limit, instructor, location, attributes) values (4, 212, 'DGMDE-15', 'Creative Explorations in Screen-Based and Physical Computing', 4, 'THUR', '5:30 - 7:30 pm', 'On Campus Only', 30, 'Bakhtiar Mikhak', '53 Church Street 104', 'CD,E');
insert into course (concentration_id, course_id, course_code, course_title, course_term_id, course_day, course_time, course_type, course_limit, instructor, location, attributes) values (4, 213, 'DGMDE-25', 'Introduction to Web Content Management Systems Site Development', 4, '', '', 'Online Only', 0, 'Jennifer A. Kramer', '', 'WDD,E');
insert into course (concentration_id, course_id, course_code, course_title, course_term_id, course_day, course_time, course_type, course_limit, instructor, location, attributes) values (4, 214, 'DGMDE-35', 'Video Editing and Digital Design', 4, 'TUES', '5:30 - 7:30 pm', 'On Campus Only', 30, 'Allyson Sherlock', '53 Church Street 104', 'DIGM,E');
insert into course (concentration_id, course_id, course_code, course_title, course_term_id, course_day, course_time, course_type, course_limit, instructor, location, attributes) values (4, 215, 'EDUCE-113', 'Instructional Design Studio', 4, 'MON', '5:30 - 7:30 pm', 'On Campus Only', 20, 'Stacie Cassat Green', '51 Brattle Street 323', 'EID,E');
insert into course (concentration_id, course_id, course_code, course_title, course_term_id, course_day, course_time, course_type, course_limit, instructor, location, attributes) values (4, 216, 'ENSCE-105', 'Engineering Innovation with Information Technology', 4, 'TUES', '7:40 - 9:40 pm', 'Online Option', 0, 'Wego Wang', 'Byerly Hall 013', 'E');
insert into course (concentration_id, course_id, course_code, course_title, course_term_id, course_day, course_time, course_type, course_limit, instructor, location, attributes) values (4, 217, 'EXPOE-48', 'Multimedia Communication: Digital Storytelling', 4, 'MON', '5:30 - 7:30 pm', 'Online Option', 80, 'Marlon Kuzmick', '53 Church Street L01', 'EID,E');
insert into course (concentration_id, course_id, course_code, course_title, course_term_id, course_day, course_time, course_type, course_limit, instructor, location, attributes) values (4, 218, 'ISMTE-155', 'Geographic Communication Today', 4, 'MON', '5:30 - 7:30 pm', 'On Campus Only', 30, 'Jeff Blossom', '53 Church Street 201', 'E');
insert into course (concentration_id, course_id, course_code, course_title, course_term_id, course_day, course_time, course_type, course_limit, instructor, location, attributes) values (4, 219, 'PSYCE-1034', 'Adult Development', 4, '', '', 'Online Only', 120, 'Robert Kegan', '', 'E');
insert into course (concentration_id, course_id, course_code, course_title, course_term_id, course_day, course_time, course_type, course_limit, instructor, location, attributes) values (4, 220, 'CSCIE-15', 'Dynamic Web Applications', 2, 'WED', '5:30 - 7:30 pm', 'Online Option', 0, 'Susan Buck', 'Maxwell-Dworkin G115', 'WDD,E');
insert into course (concentration_id, course_id, course_code, course_title, course_term_id, course_day, course_time, course_type, course_limit, instructor, location, attributes) values (4, 221, 'CSCIE-18', 'Web Development Using XML', 2, 'MON', '7:40 - 9:40 pm', 'Online Option', 0, 'David P. Heitmeyer', '1 Story Street 304', 'WDD,E');
insert into course (concentration_id, course_id, course_code, course_title, course_term_id, course_day, course_time, course_type, course_limit, instructor, location, attributes) values (4, 222, 'CSCIE-50', 'Intensive Introduction to Computer Science', 2, '', '', 'Online Only', 0, 'David J. Malan', '', 'CD,E');
insert into course (concentration_id, course_id, course_code, course_title, course_term_id, course_day, course_time, course_type, course_limit, instructor, location, attributes) values (4, 223, 'CSCIE-55', 'Java for Distributed Computing', 2, 'WED', '7:40 - 9:40 pm', 'Online Option', 0, 'Charles M. Sawyer Jr.', 'Byerly Hall 013', 'E');
insert into course (concentration_id, course_id, course_code, course_title, course_term_id, course_day, course_time, course_type, course_limit, instructor, location, attributes) values (4, 224, 'CSCIE-56', 'Web Application Development with Groovy and Grails', 2, 'FRI', '5:30 - 7:30 pm', 'Online Option', 0, 'Burt Beckwith', '53 Church Street L01', 'WDD,E');
insert into course (concentration_id, course_id, course_code, course_title, course_term_id, course_day, course_time, course_type, course_limit, instructor, location, attributes) values (4, 225, 'CSCIE-60', 'Developing Web-Based Database Applications', 2, 'MON', '5:30 - 7:30 pm', 'Online Option', 0, 'Maria R. Garcia', '1 Story Street 303', 'WDD,E');
insert into course (concentration_id, course_id, course_code, course_title, course_term_id, course_day, course_time, course_type, course_limit, instructor, location, attributes) values (4, 226, 'CSCIE-61', 'Systems Programming and Machine Organization', 2, '', '', 'Online Only', 0, 'Eddie Kohler', '', 'E');
insert into course (concentration_id, course_id, course_code, course_title, course_term_id, course_day, course_time, course_type, course_limit, instructor, location, attributes) values (4, 227, 'CSCIE-62', 'Modern Mobile Development', 2, 'TUES', '5:30 - 7:30 pm', 'On Campus Only', 30, 'Edwin Guarin & Robert Familiar', '53 Church Street 203', 'WDD,E');
insert into course (concentration_id, course_id, course_code, course_title, course_term_id, course_day, course_time, course_type, course_limit, instructor, location, attributes) values (4, 228, 'CSCIE-65', 'Building Mobile Apps: A Comparative View of Mobile Application Development', 2, 'FRI', '5:30 - 7:30 pm', 'Online Option', 120, 'Jonathan Levin', 'Maxwell-Dworkin G115', 'WDD,E');
insert into course (concentration_id, course_id, course_code, course_title, course_term_id, course_day, course_time, course_type, course_limit, instructor, location, attributes) values (4, 229, 'CSCIE-72', 'Introduction to Computer Graphics', 2, 'TUES', '5:30 - 7:30 pm', 'Online Option', 0, 'Jeff Parker', '1 Story Street 303', 'E');
insert into course (concentration_id, course_id, course_code, course_title, course_term_id, course_day, course_time, course_type, course_limit, instructor, location, attributes) values (4, 230, 'CSCIE-80', 'Artificial Intelligence', 2, 'THUR', '5:30 - 7:30 pm', 'On Campus Only', 0, 'Eric Breck', 'Northwest Science Building B108', 'E');
insert into course (concentration_id, course_id, course_code, course_title, course_term_id, course_day, course_time, course_type, course_limit, instructor, location, attributes) values (4, 231, 'CSCIE-90', 'Cloud Computing', 2, 'FRI', '5:30 - 7:30 pm', 'Online Option', 0, 'Zoran B. Djordjevic', '1 Story Street 306', 'E');
insert into course (concentration_id, course_id, course_code, course_title, course_term_id, course_day, course_time, course_type, course_limit, instructor, location, attributes) values (4, 232, 'CSCIE-205', 'Computing Foundations for Computational Science', 2, '', '', 'Online Only', 0, 'Cristopher Cecka', '', 'E');
insert into course (concentration_id, course_id, course_code, course_title, course_term_id, course_day, course_time, course_type, course_limit, instructor, location, attributes) values (4, 233, 'DGMDE-5', 'Exploring Digital Media', 2, 'WED', '7:40 - 9:40 pm', 'On Campus Only', 0, 'John Selig', 'Harvard Hall 201', 'DIGM,E');
insert into course (concentration_id, course_id, course_code, course_title, course_term_id, course_day, course_time, course_type, course_limit, instructor, location, attributes) values (4, 234, 'DGMDE-20', 'Understanding and Developing Interactive Media', 2, '', '', 'Online Only', 0, 'Jennifer A. Kramer', '', 'DIGM,E');
insert into course (concentration_id, course_id, course_code, course_title, course_term_id, course_day, course_time, course_type, course_limit, instructor, location, attributes) values (4, 235, 'DGMDE-30', 'Video Field Production', 2, 'TUES', '5:30 - 7:30 pm', 'On Campus Only', 30, 'Allyson Sherlock', '53 Church Street 104', 'DIGM,E');
insert into course (concentration_id, course_id, course_code, course_title, course_term_id, course_day, course_time, course_type, course_limit, instructor, location, attributes) values (4, 236, 'DGMDE-40', 'Producing Educational Video', 2, 'MON', '5:30 - 7:30 pm', 'On Campus Only', 30, 'Marlon Kuzmick', '53 Church Street 104', 'DIGM,E');
insert into course (concentration_id, course_id, course_code, course_title, course_term_id, course_day, course_time, course_type, course_limit, instructor, location, attributes) values (4, 237, 'EDUCE-103', 'Introduction to Instructional Design', 2, 'SAT', '10 am - 1:15 pm', 'On Campus Only', 0, 'Stacie Cassat Green & Denise M. Snyder', 'Pierce Hall 301', 'EID,E');
insert into course (concentration_id, course_id, course_code, course_title, course_term_id, course_day, course_time, course_type, course_limit, instructor, location, attributes) values (4, 238, 'ISMTE-150', 'Introduction to GIS', 2, 'THUR', '5:30 - 7:30 pm', 'On Campus Only', 20, 'Wendy Guan', '53 Church Street 201', 'E');
insert into course (concentration_id, course_id, course_code, course_title, course_term_id, course_day, course_time, course_type, course_limit, instructor, location, attributes) values (4, 239, 'CSCIS-24', 'Video Editing and Digital Design', 1, 'MON,WED', '6:30 - 9:30 pm', 'On Campus Only', 30, 'Allyson Sherlock', '53 Church Street 104', 'DIGM,E');
insert into course (concentration_id, course_id, course_code, course_title, course_term_id, course_day, course_time, course_type, course_limit, instructor, location, attributes) values (4, 240, 'CSCIS-76', 'Building Mobile Applications', 1, 'MON,WED', '6:30 - 9:30 pm', 'On Campus Only', 30, 'David J. Malan', 'Northwest Science Building B101', 'WDD,E');
insert into course (concentration_id, course_id, course_code, course_title, course_term_id, course_day, course_time, course_type, course_limit, instructor, location, attributes) values (4, 241, 'CSCIS-111', 'Intensive Introduction to Computer Science Using Java', 1, 'MON,TUES,WED,THUR,FRI', '8:30 am - 11:30 am', 'On Campus Only', 0, 'Henry H. Leitner & David G. Sullivan', 'Maxwell-Dworkin G115', 'CD,E');
insert into course (concentration_id, course_id, course_code, course_title, course_term_id, course_day, course_time, course_type, course_limit, instructor, location, attributes) values (4, 242, 'EXPOS-48', 'Multimedia Communication: Introduction to Digital Storytelling', 1, 'MON,WED', '3:15 - 6:15 pm', 'On Campus Only', 15, 'Marlon Kuzmick', '53 Church Street 104', 'EID,E');
insert into course (concentration_id, course_id, course_code, course_title, course_term_id, course_day, course_time, course_type, course_limit, instructor, location, attributes) values (4, 243, 'ISMTS-170', 'Human Factors in Information Systems Design', 1, 'TUES,THUR', '6:30 - 9:30 pm', 'On Campus Only', 50, 'Dennis F. Galletta', 'Northwest Science Building B108', 'EID,E');
CREATE TABLE course_terms ( course_term_id int(10) unsigned NOT NULL, course_term_label varchar(64) NOT NULL, current_course tinyint(1) NOT NULL, PRIMARY KEY (course_term_id) ) ENGINE=InnoDB DEFAULT CHARSET=latin1;
insert into course_terms (course_term_id, course_term_label, current_course) values (1, 'Summer 2013', true);
insert into course_terms (course_term_id, course_term_label, current_course) values (2, 'Fall 2013', true);
insert into course_terms (course_term_id, course_term_label, current_course) values (3, 'January 2014', true);
insert into course_terms (course_term_id, course_term_label, current_course) values (4, 'Spring 2014', true);
insert into course_terms (course_term_id, course_term_label, current_course) values (5, 'Summer 2014', false);
insert into course_terms (course_term_id, course_term_label, current_course) values (6, 'Fall 2014', false);
insert into course_terms (course_term_id, course_term_label, current_course) values (7, 'January 2015', false);
insert into course_terms (course_term_id, course_term_label, current_course) values (8, 'Spring 2015', false);
CREATE TABLE grades ( grade_id int(10) unsigned NOT NULL, grade_label varchar(64) NOT NULL, gpa decimal(3,2) NOT NULL, PRIMARY KEY (grade_id) ) ENGINE=InnoDB DEFAULT CHARSET=latin1;
insert into grades (grade_id, grade_label, gpa) values (1, 'Registered', -1.00);
insert into grades (grade_id, grade_label, gpa) values (2, 'A', 4.00);
insert into grades (grade_id, grade_label, gpa) values (3, 'A-', 3.67);
insert into grades (grade_id, grade_label, gpa) values (4, 'B+', 3.33);
insert into grades (grade_id, grade_label, gpa) values (5, 'B', 3.00);
insert into grades (grade_id, grade_label, gpa) values (6, 'B-', 2.67);
insert into grades (grade_id, grade_label, gpa) values (7, 'C+', 2.33);
insert into grades (grade_id, grade_label, gpa) values (8, 'C', 2.00);
insert into grades (grade_id, grade_label, gpa) values (9, 'C-', 1.67);
insert into grades (grade_id, grade_label, gpa) values (10, 'D+', 1.33);
insert into grades (grade_id, grade_label, gpa) values (11, 'D', 1.00);
insert into grades (grade_id, grade_label, gpa) values (12, 'D-', 0.67);
insert into grades (grade_id, grade_label, gpa) values (13, 'E', 0.00);
insert into grades (grade_id, grade_label, gpa) values (14, 'Withdrawal', 0.00);
insert into grades (grade_id, grade_label, gpa) values (15, 'Required to Withdraw', 0.00);
insert into grades (grade_id, grade_label, gpa) values (16, 'Excluded from Course', 0.00);
CREATE TABLE mobile_auth_token ( user_id int(10) unsigned NOT NULL, auth_token varchar(255) NOT NULL, device_type varchar(32) NOT NULL, device_os varchar(32) NOT NULL, create_date timestamp DEFAULT CURRENT_TIMESTAMP, modify_date datetime DEFAULT '0000-00-00 00:00:00' NOT NULL, PRIMARY KEY (user_id, device_type, device_os) ) ENGINE=InnoDB DEFAULT CHARSET=latin1;
CREATE TABLE users ( user_id int(10) unsigned NOT NULL AUTO_INCREMENT, username varchar(255) NOT NULL, password_hash varchar(255) NOT NULL, email varchar(255) NOT NULL, registration_type enum('DEGREE','PRE-ADMISSION','GUEST') NOT NULL, concentration_id int(10) unsigned NOT NULL, gpa decimal(3,2), current_login datetime, last_login datetime, create_date timestamp DEFAULT CURRENT_TIMESTAMP, modify_date datetime DEFAULT '0000-00-00 00:00:00' NOT NULL, PRIMARY KEY (user_id) ) ENGINE=InnoDB DEFAULT CHARSET=latin1;
CREATE TABLE users_courses ( user_id int(10) unsigned NOT NULL, course_id int(10) unsigned NOT NULL, grade_id int(10) unsigned NOT NULL, PRIMARY KEY (user_id, course_id) ) ENGINE=InnoDB DEFAULT CHARSET=latin1;
