DROP TABLE announcements;
CREATE TABLE announcements ( announcement_id int(10) unsigned NOT NULL AUTO_INCREMENT, registration_type enum('DEGREE','PRE-ADMISSION','GUEST') NOT NULL, concentration_id int(10) unsigned NOT NULL, course_term_id int(10) unsigned NOT NULL, announcement text, PRIMARY KEY (announcement_id) ) ENGINE=InnoDB DEFAULT CHARSET=latin1;
insert into announcements (announcement_id, registration_type, concentration_id, course_term_id, announcement) values (1, 'GUEST', 0, 4, 'Please register for Summer & Fall 2014 Courses');
insert into announcements (announcement_id, registration_type, concentration_id, course_term_id, announcement) values (2, 'GUEST', 0, 4, 'Info session on June 11');
insert into announcements (announcement_id, registration_type, concentration_id, course_term_id, announcement) values (3, 'GUEST', 0, 4, 'Free online courses open to the public');
insert into announcements (announcement_id, registration_type, concentration_id, course_term_id, announcement) values (4, 'PRE-ADMISSION', 0, 4, 'Please register for Summer & Fall 2014 Courses');
insert into announcements (announcement_id, registration_type, concentration_id, course_term_id, announcement) values (5, 'PRE-ADMISSION', 0, 4, 'Info session on June 11');
insert into announcements (announcement_id, registration_type, concentration_id, course_term_id, announcement) values (6, 'PRE-ADMISSION', 0, 4, 'Free online courses open to the public');
insert into announcements (announcement_id, registration_type, concentration_id, course_term_id, announcement) values (7, 'PRE-ADMISSION', 0, 4, 'Evaluate your course');
insert into announcements (announcement_id, registration_type, concentration_id, course_term_id, announcement) values (8, 'PRE-ADMISSION', 1, 4, 'Pre-admission announcement for Software Engineering');
insert into announcements (announcement_id, registration_type, concentration_id, course_term_id, announcement) values (9, 'PRE-ADMISSION', 2, 4, 'Pre-admission announcement for Information Management Systems');
insert into announcements (announcement_id, registration_type, concentration_id, course_term_id, announcement) values (10, 'PRE-ADMISSION', 3, 4, 'Pre-admission announcement for Mathematics And Computation');
insert into announcements (announcement_id, registration_type, concentration_id, course_term_id, announcement) values (11, 'PRE-ADMISSION', 4, 4, 'Pre-admission announcement for Digital Media And Instructional Design');
insert into announcements (announcement_id, registration_type, concentration_id, course_term_id, announcement) values (12, 'DEGREE', 0, 4, 'Please register for Summer & Fall 2014 Courses');
insert into announcements (announcement_id, registration_type, concentration_id, course_term_id, announcement) values (13, 'DEGREE', 0, 4, 'Info session on June 11');
insert into announcements (announcement_id, registration_type, concentration_id, course_term_id, announcement) values (14, 'DEGREE', 0, 4, 'Free online courses open to the public');
insert into announcements (announcement_id, registration_type, concentration_id, course_term_id, announcement) values (15, 'DEGREE', 0, 4, 'Evaluate your course');
insert into announcements (announcement_id, registration_type, concentration_id, course_term_id, announcement) values (16, 'DEGREE', 0, 4, 'Commencement is nearing!');
insert into announcements (announcement_id, registration_type, concentration_id, course_term_id, announcement) values (17, 'DEGREE', 1, 4, 'Degree announcement for Software Engineering');
insert into announcements (announcement_id, registration_type, concentration_id, course_term_id, announcement) values (18, 'DEGREE', 2, 4, 'Degree announcement for Information Management Systems');
insert into announcements (announcement_id, registration_type, concentration_id, course_term_id, announcement) values (19, 'DEGREE', 3, 4, 'Degree announcement for Mathematics And Computation');
insert into announcements (announcement_id, registration_type, concentration_id, course_term_id, announcement) values (20, 'DEGREE', 4, 4, 'Degree announcement for Digital Media And Instructional Design');
DROP TABLE category;
CREATE TABLE category ( concentration_id int(10) unsigned NOT NULL, category_id int(10) unsigned NOT NULL, category_code varchar(10) NOT NULL, category_label varchar(64) NOT NULL, PRIMARY KEY (category_id) ) ENGINE=InnoDB DEFAULT CHARSET=latin1;
insert into category (concentration_id, category_id, category_code, category_label) values (1, 1, 'TMF', 'Theoretical/Mathematical Foundations');
insert into category (concentration_id, category_id, category_code, category_label) values (1, 2, 'DCOM', 'Data Communications');
insert into category (concentration_id, category_id, category_code, category_label) values (1, 3, 'DC', 'Distributed Computing');
insert into category (concentration_id, category_id, category_code, category_label) values (1, 4, 'SP', 'Systems Programming');
insert into category (concentration_id, category_id, category_code, category_label) values (1, 5, 'SD', 'Software Design');
insert into category (concentration_id, category_id, category_code, category_label) values (1, 6, 'WAD', 'Web Application Development');
insert into category (concentration_id, category_id, category_code, category_label) values (1, 7, 'CAP', 'Capstone');
insert into category (concentration_id, category_id, category_code, category_label) values (1, 8, 'E', 'Electives');
insert into category (concentration_id, category_id, category_code, category_label) values (1, 9, 'DSCI', 'IT Program Prof Certificate in Data Science');
insert into category (concentration_id, category_id, category_code, category_label) values (2, 10, 'WP', 'Web Principles');
insert into category (concentration_id, category_id, category_code, category_label) values (2, 11, 'DCOM', 'Data Communications');
insert into category (concentration_id, category_id, category_code, category_label) values (2, 12, 'DC', 'Distributed Computing');
insert into category (concentration_id, category_id, category_code, category_label) values (2, 13, 'SRM', 'Security And Risk Management');
insert into category (concentration_id, category_id, category_code, category_label) values (2, 14, 'DM', 'Database Management');
insert into category (concentration_id, category_id, category_code, category_label) values (2, 15, 'MGMT', 'Information Technology Management');
insert into category (concentration_id, category_id, category_code, category_label) values (2, 16, 'CAP', 'Capstone');
insert into category (concentration_id, category_id, category_code, category_label) values (2, 17, 'E', 'Electives');
insert into category (concentration_id, category_id, category_code, category_label) values (3, 18, 'AL', 'Algorithms');
insert into category (concentration_id, category_id, category_code, category_label) values (3, 19, 'P', 'Programming');
insert into category (concentration_id, category_id, category_code, category_label) values (3, 20, 'AC', 'Advanced Calculus');
insert into category (concentration_id, category_id, category_code, category_label) values (3, 21, 'LA', 'Linear Algebra');
insert into category (concentration_id, category_id, category_code, category_label) values (3, 22, 'TMF', 'Theoretical/Mathematical Foundations');
insert into category (concentration_id, category_id, category_code, category_label) values (3, 23, 'E', 'Electives');
insert into category (concentration_id, category_id, category_code, category_label) values (4, 24, 'CD', 'Computational Design');
insert into category (concentration_id, category_id, category_code, category_label) values (4, 25, 'DIGM', 'Digital Media');
insert into category (concentration_id, category_id, category_code, category_label) values (4, 26, 'EID', 'Education And Instructional Design');
insert into category (concentration_id, category_id, category_code, category_label) values (4, 27, 'WDD', 'Web Design And Application Development');
insert into category (concentration_id, category_id, category_code, category_label) values (4, 28, 'E', 'Electives');
insert into category (concentration_id, category_id, category_code, category_label) values (4, 29, 'DCAP', 'Digital Media Capstone');
DROP TABLE category_req;
CREATE TABLE category_req ( concentration_id int(10) unsigned NOT NULL, category_id int(10) unsigned NOT NULL, category_count int(10) unsigned NOT NULL, admission tinyint(1) NOT NULL, thesis tinyint(1) NOT NULL, capstone tinyint(1) NOT NULL ) ENGINE=InnoDB DEFAULT CHARSET=latin1;
insert into category_req (concentration_id, category_id, category_count, admission, thesis, capstone) values (1, 1, 1, true, true, false);
insert into category_req (concentration_id, category_id, category_count, admission, thesis, capstone) values (1, 2, 1, false, true, false);
insert into category_req (concentration_id, category_id, category_count, admission, thesis, capstone) values (1, 3, 1, false, true, false);
insert into category_req (concentration_id, category_id, category_count, admission, thesis, capstone) values (1, 4, 1, false, true, false);
insert into category_req (concentration_id, category_id, category_count, admission, thesis, capstone) values (1, 5, 1, false, true, false);
insert into category_req (concentration_id, category_id, category_count, admission, thesis, capstone) values (1, 6, 1, false, false, true);
insert into category_req (concentration_id, category_id, category_count, admission, thesis, capstone) values (1, 8, 4, false, true, false);
insert into category_req (concentration_id, category_id, category_count, admission, thesis, capstone) values (1, 8, 5, false, false, true);
insert into category_req (concentration_id, category_id, category_count, admission, thesis, capstone) values (1, 7, 1, false, false, true);
insert into category_req (concentration_id, category_id, category_count, admission, thesis, capstone) values (1, 9, 4, false, false, false);
insert into category_req (concentration_id, category_id, category_count, admission, thesis, capstone) values (2, 10, 1, false, true, false);
insert into category_req (concentration_id, category_id, category_count, admission, thesis, capstone) values (2, 11, 1, false, true, false);
insert into category_req (concentration_id, category_id, category_count, admission, thesis, capstone) values (2, 12, 1, false, true, false);
insert into category_req (concentration_id, category_id, category_count, admission, thesis, capstone) values (2, 13, 1, false, true, false);
insert into category_req (concentration_id, category_id, category_count, admission, thesis, capstone) values (2, 14, 1, false, true, false);
insert into category_req (concentration_id, category_id, category_count, admission, thesis, capstone) values (2, 15, 1, false, true, false);
insert into category_req (concentration_id, category_id, category_count, admission, thesis, capstone) values (2, 16, 1, false, false, true);
insert into category_req (concentration_id, category_id, category_count, admission, thesis, capstone) values (2, 17, 5, false, true, false);
insert into category_req (concentration_id, category_id, category_count, admission, thesis, capstone) values (3, 18, 1, false, true, false);
insert into category_req (concentration_id, category_id, category_count, admission, thesis, capstone) values (3, 19, 1, false, true, false);
insert into category_req (concentration_id, category_id, category_count, admission, thesis, capstone) values (3, 20, 1, false, true, false);
insert into category_req (concentration_id, category_id, category_count, admission, thesis, capstone) values (3, 21, 1, false, true, false);
insert into category_req (concentration_id, category_id, category_count, admission, thesis, capstone) values (3, 22, 1, false, true, false);
insert into category_req (concentration_id, category_id, category_count, admission, thesis, capstone) values (3, 23, 4, false, true, false);
insert into category_req (concentration_id, category_id, category_count, admission, thesis, capstone) values (4, 24, 1, true, true, false);
insert into category_req (concentration_id, category_id, category_count, admission, thesis, capstone) values (4, 25, 2, false, true, false);
insert into category_req (concentration_id, category_id, category_count, admission, thesis, capstone) values (4, 26, 1, false, true, false);
insert into category_req (concentration_id, category_id, category_count, admission, thesis, capstone) values (4, 27, 2, false, true, false);
insert into category_req (concentration_id, category_id, category_count, admission, thesis, capstone) values (4, 28, 3, false, true, false);
insert into category_req (concentration_id, category_id, category_count, admission, thesis, capstone) values (4, 29, 1, false, false, true);
DROP TABLE concentration;
CREATE TABLE concentration ( concentration_id int(10) unsigned NOT NULL, concentration_code varchar(10) NOT NULL, concentration_label varchar(64) NOT NULL, PRIMARY KEY (concentration_id) ) ENGINE=InnoDB DEFAULT CHARSET=latin1;
insert into concentration (concentration_id, concentration_code, concentration_label) values (0, 'NCC', 'No Concentration');
insert into concentration (concentration_id, concentration_code, concentration_label) values (1, 'SWE', 'Software Engineering');
insert into concentration (concentration_id, concentration_code, concentration_label) values (2, 'IMS', 'Information Management Systems');
insert into concentration (concentration_id, concentration_code, concentration_label) values (3, 'MAC', 'Mathematics And Computation');
insert into concentration (concentration_id, concentration_code, concentration_label) values (4, 'DGM', 'Digital Media And Instructional Design');
DROP TABLE concentration_req;
CREATE TABLE concentration_req ( concentration_id int(10) unsigned NOT NULL, num_courses int(10) unsigned NOT NULL, thesis tinyint(1) NOT NULL, capstone tinyint(1) NOT NULL ) ENGINE=InnoDB DEFAULT CHARSET=latin1;
insert into concentration_req (concentration_id, num_courses, thesis, capstone) values (1, 9, true, false);
insert into concentration_req (concentration_id, num_courses, thesis, capstone) values (1, 11, false, true);
insert into concentration_req (concentration_id, num_courses, thesis, capstone) values (2, 11, false, true);
insert into concentration_req (concentration_id, num_courses, thesis, capstone) values (3, 9, true, false);
insert into concentration_req (concentration_id, num_courses, thesis, capstone) values (4, 9, true, false);
insert into concentration_req (concentration_id, num_courses, thesis, capstone) values (4, 9, false, true);
DROP TABLE course;
CREATE TABLE course ( concentration_id int(10) unsigned NOT NULL, hes_course_id int(10) unsigned NOT NULL, course_id int(10) unsigned NOT NULL, course_code varchar(64) NOT NULL, course_title varchar(255) NOT NULL, course_term_id int(10) unsigned NOT NULL, course_day set('MON','TUES','WED','THUR','FRI','SAT','SUN'), course_time varchar(64) NOT NULL, course_type varchar(64) NOT NULL, course_limit int(3) unsigned, instructor varchar(64) NOT NULL, location varchar(64), attributes set('TMF','DCOM','DC','SP','SD','WAD','WP','SRM','DM','MGMT','AL','P','AC','LA','CD','DIGM','EID','WDD','CAP','E','DSCI','DCAP') NOT NULL, course_url varchar(255), PRIMARY KEY (course_id) ) ENGINE=InnoDB DEFAULT CHARSET=latin1;
insert into course (concentration_id, hes_course_id, course_id, course_code, course_title, course_term_id, course_day, course_time, course_type, course_limit, instructor, location, attributes, course_url) values (1, 0, 1, 'APMAE-207', 'Monte Carlo Methods for Inference and Data Analysis', 4, '', '', 'Online Only', 0, 'Pavlos Protopapas', '', 'E', '');
insert into course (concentration_id, hes_course_id, course_id, course_code, course_title, course_term_id, course_day, course_time, course_type, course_limit, instructor, location, attributes, course_url) values (1, 0, 2, 'CSCIE-8', 'Web GIS: Principles and Applications', 4, 'THUR', '7:40 - 9:40 pm', 'Web-Conference Course', 50, 'Pinde Fu', '', 'E', '');
insert into course (concentration_id, hes_course_id, course_id, course_code, course_title, course_term_id, course_day, course_time, course_type, course_limit, instructor, location, attributes, course_url) values (1, 0, 3, 'CSCIE-17', 'Medical Informatics', 4, 'THUR', '5:30 - 7:30 pm', 'Online Option', 0, 'Oleg Pianykh', '1 Story Street 307', 'E', '');
insert into course (concentration_id, hes_course_id, course_id, course_code, course_title, course_term_id, course_day, course_time, course_type, course_limit, instructor, location, attributes, course_url) values (1, 0, 4, 'CSCIE-20', 'Discrete Mathematics for Computer Science', 4, 'TUES', '9 - 11 pm', 'Web-Conference Course', 32, 'Harry R. Lewis & Deborah Abel', '', 'TMF,E', '');
insert into course (concentration_id, hes_course_id, course_id, course_code, course_title, course_term_id, course_day, course_time, course_type, course_limit, instructor, location, attributes, course_url) values (1, 0, 5, 'CSCIE-28', 'Unix/Linux Systems Programming', 4, 'TUES', '7:40 - 9:40 pm', 'Online Option', 0, 'Bruce Molay', '53 Church Street L01', 'SP,E', '');
insert into course (concentration_id, hes_course_id, course_id, course_code, course_title, course_term_id, course_day, course_time, course_type, course_limit, instructor, location, attributes, course_url) values (1, 0, 6, 'CSCIE-35', 'Essential Modern UI Windows 8.1 App Development and Cloud Computing', 4, 'WED', '7:40 - 9:40 pm', 'Online Option', 0, 'Joseph Ficara', '1 Story Street 303', 'E', '');
insert into course (concentration_id, hes_course_id, course_id, course_code, course_title, course_term_id, course_day, course_time, course_type, course_limit, instructor, location, attributes, course_url) values (1, 0, 7, 'CSCIE-40', 'Communication Protocols and Internet Architectures', 4, '', '', 'Online Only', 0, 'Leonard Evenchik', '', 'DCOM,E', '');
insert into course (concentration_id, hes_course_id, course_id, course_code, course_title, course_term_id, course_day, course_time, course_type, course_limit, instructor, location, attributes, course_url) values (1, 0, 8, 'CSCIE-42', 'Internet Voice Video and Telepresence', 4, 'MON', '5:30 - 7:30 pm', 'Online Option', 0, 'Leonard Evenchik', 'Maxwell-Dworkin G125', 'DCOM,E', '');
insert into course (concentration_id, hes_course_id, course_id, course_code, course_title, course_term_id, course_day, course_time, course_type, course_limit, instructor, location, attributes, course_url) values (1, 0, 9, 'CSCIE-45B', 'Working in and Running the Cyberworld', 4, 'FRI', '5:30 - 7:30 pm', 'Online Option', 0, 'Scott Bradner & Benoit Gaucherin', 'Maxwell-Dworkin G125', 'DCOM,E', '');
insert into course (concentration_id, hes_course_id, course_id, course_code, course_title, course_term_id, course_day, course_time, course_type, course_limit, instructor, location, attributes, course_url) values (1, 0, 10, 'CSCIE-51', 'Abstraction and Design in Computation', 4, '', '', 'Online Only', 0, 'Henry H. Leitner & Jesse Tov', '', 'TMF,E', '');
insert into course (concentration_id, hes_course_id, course_id, course_code, course_title, course_term_id, course_day, course_time, course_type, course_limit, instructor, location, attributes, course_url) values (1, 0, 11, 'CSCIE-55', 'Java for Distributed Computing', 4, '', '', 'Online Only', 0, 'Charles M. Sawyer Jr.', '', 'DC,E', '');
insert into course (concentration_id, hes_course_id, course_id, course_code, course_title, course_term_id, course_day, course_time, course_type, course_limit, instructor, location, attributes, course_url) values (1, 0, 12, 'CSCIE-58', 'Bioinformatics Algorithms', 4, 'WED', '7:40 - 9:40 pm', 'On Campus Only', 0, 'Jeff Parker', 'Harvard Hall 103', 'E', '');
insert into course (concentration_id, hes_course_id, course_id, course_code, course_title, course_term_id, course_day, course_time, course_type, course_limit, instructor, location, attributes, course_url) values (1, 0, 13, 'CSCIE-63', 'Big Data Analytics', 4, 'FRI', '5:30 - 7:30 pm', 'Online Option', 0, 'Zoran B. Djordjevic', '1 Story Street 306', 'E', '');
insert into course (concentration_id, hes_course_id, course_id, course_code, course_title, course_term_id, course_day, course_time, course_type, course_limit, instructor, location, attributes, course_url) values (1, 0, 14, 'CSCIE-66', 'Database and Information Management Systems', 4, 'WED', '7:40 - 9:40 pm', 'Online Option', 0, 'David G. Sullivan', '1 Story Street 306', 'E', '');
insert into course (concentration_id, hes_course_id, course_id, course_code, course_title, course_term_id, course_day, course_time, course_type, course_limit, instructor, location, attributes, course_url) values (1, 0, 15, 'CSCIE-92', 'Principles of Operating Systems', 4, 'TUES', '7:40 - 9:40 pm', 'On Campus Only', 0, 'James L. Frankel', 'Science Center 109', 'SP,E', '');
insert into course (concentration_id, hes_course_id, course_id, course_code, course_title, course_term_id, course_day, course_time, course_type, course_limit, instructor, location, attributes, course_url) values (1, 0, 16, 'CSCIE-124', 'Data Structures and Algorithms', 4, '', '', 'Online Only', 0, 'Michael Mitzenmacher', '', 'TMF,E', '');
insert into course (concentration_id, hes_course_id, course_id, course_code, course_title, course_term_id, course_day, course_time, course_type, course_limit, instructor, location, attributes, course_url) values (1, 0, 17, 'CSCIE-152', 'Programming Languages', 4, '', '', 'Online Only', 0, 'Stephen Chong', '', 'TMF,E', '');
insert into course (concentration_id, hes_course_id, course_id, course_code, course_title, course_term_id, course_day, course_time, course_type, course_limit, instructor, location, attributes, course_url) values (1, 0, 18, 'CSCIE-171', 'Visualization', 4, '', '', 'Online Only', 0, 'Hanspeter Pfister', '', 'E', '');
insert into course (concentration_id, hes_course_id, course_id, course_code, course_title, course_term_id, course_day, course_time, course_type, course_limit, instructor, location, attributes, course_url) values (1, 0, 19, 'CSCIE-181', 'Machine Learning', 4, '', '', 'Online Only', 0, 'Ryan Adams', '', 'TMF,E', '');
insert into course (concentration_id, hes_course_id, course_id, course_code, course_title, course_term_id, course_day, course_time, course_type, course_limit, instructor, location, attributes, course_url) values (1, 0, 20, 'CSCIE-186', 'Economics and Computation', 4, '', '', 'Online Only', 0, 'David C. Parkes', '', 'TMF,E', '');
insert into course (concentration_id, hes_course_id, course_id, course_code, course_title, course_term_id, course_day, course_time, course_type, course_limit, instructor, location, attributes, course_url) values (1, 0, 21, 'DGMDE-25', 'Introduction to Web Content Management Systems Site Development', 4, '', '', 'Online Only', 0, 'Jennifer A. Kramer', '', 'WAD,E', '');
insert into course (concentration_id, hes_course_id, course_id, course_code, course_title, course_term_id, course_day, course_time, course_type, course_limit, instructor, location, attributes, course_url) values (1, 0, 22, 'ENSCE-105', 'Engineering Innovation with Information Technology', 4, 'TUES', '7:40 - 9:40 pm', 'Online Option', 0, 'Wego Wang', 'Byerly Hall 013', 'E', '');
insert into course (concentration_id, hes_course_id, course_id, course_code, course_title, course_term_id, course_day, course_time, course_type, course_limit, instructor, location, attributes, course_url) values (1, 0, 23, 'ENSCE-123', 'Laboratory Electronics: Digital Circuit Design', 4, 'THUR', '6 - 9 pm', 'On Campus Only', 22, 'Thomas C. Hayes', 'Science Center 206', 'E', '');
insert into course (concentration_id, hes_course_id, course_id, course_code, course_title, course_term_id, course_day, course_time, course_type, course_limit, instructor, location, attributes, course_url) values (1, 0, 24, 'ENSCE-155', 'Fundamentals and Applications of Microfluidics', 4, 'TUES', '5:30 - 7:30 pm', 'Online Option', 0, 'Anas Chalah & Fawwaz Habbal', 'Maxwell-Dworkin G135', 'E', '');
insert into course (concentration_id, hes_course_id, course_id, course_code, course_title, course_term_id, course_day, course_time, course_type, course_limit, instructor, location, attributes, course_url) values (1, 0, 25, 'ISMTE-155', 'Geographic Communication Today', 4, 'MON', '5:30 - 7:30 pm', 'On Campus Only', 30, 'Jeff Blossom', '53 Church Street 201', 'E', '');
insert into course (concentration_id, hes_course_id, course_id, course_code, course_title, course_term_id, course_day, course_time, course_type, course_limit, instructor, location, attributes, course_url) values (1, 0, 26, 'MATHE-23B', 'Linear Algebra and Real Analysis II', 4, 'TUES,THUR', '2:30 - 4 pm', 'On Campus Only', 0, 'Paul G. Bamberg', 'Room to be announced', 'E', '');
insert into course (concentration_id, hes_course_id, course_id, course_code, course_title, course_term_id, course_day, course_time, course_type, course_limit, instructor, location, attributes, course_url) values (1, 0, 27, 'MATHE-155R', 'Combinatorics', 4, 'TUES,THUR', '11:30 am - 1 pm', 'On Campus Only', 0, 'Sukhada Fadnavis', 'Room to be announced', 'E', '');
insert into course (concentration_id, hes_course_id, course_id, course_code, course_title, course_term_id, course_day, course_time, course_type, course_limit, instructor, location, attributes, course_url) values (1, 0, 28, 'MATHE-156', 'Mathematical Foundations of Statistical Software', 4, 'WED', '7:40 - 9:40 pm', 'On Campus Only', 0, 'Paul G. Bamberg', 'Science Center 112', 'E', '');
insert into course (concentration_id, hes_course_id, course_id, course_code, course_title, course_term_id, course_day, course_time, course_type, course_limit, instructor, location, attributes, course_url) values (1, 0, 29, 'MATHE-210', 'Vector Space Methods for Differential Equations', 4, 'TUES,THUR', '11:30 am - 1 pm', 'On Campus Only', 0, 'Paul G. Bamberg', 'Room to be announced', 'E', '');
insert into course (concentration_id, hes_course_id, course_id, course_code, course_title, course_term_id, course_day, course_time, course_type, course_limit, instructor, location, attributes, course_url) values (1, 0, 30, 'CSCIE-15', 'Dynamic Web Applications', 2, 'WED', '5:30 - 7:30 pm', 'Online Option', 0, 'Susan Buck', 'Maxwell-Dworkin G115', 'WAD,E', '');
insert into course (concentration_id, hes_course_id, course_id, course_code, course_title, course_term_id, course_day, course_time, course_type, course_limit, instructor, location, attributes, course_url) values (1, 0, 31, 'CSCIE-18', 'Web Development Using XML', 2, 'MON', '7:40 - 9:40 pm', 'Online Option', 0, 'David P. Heitmeyer', '1 Story Street 304', 'WAD,E', '');
insert into course (concentration_id, hes_course_id, course_id, course_code, course_title, course_term_id, course_day, course_time, course_type, course_limit, instructor, location, attributes, course_url) values (1, 0, 32, 'CSCIE-26', 'Introduction to C Unix/Linux Programming and Web Interfaces', 2, 'WED', '7:40 - 9:40 pm', 'On Campus Only', 0, 'Bruce Molay', 'Science Center B-10', 'E', '');
insert into course (concentration_id, hes_course_id, course_id, course_code, course_title, course_term_id, course_day, course_time, course_type, course_limit, instructor, location, attributes, course_url) values (1, 0, 33, 'CSCIE-33', 'Programming Microsoft .NET', 2, 'MON', '7:40 - 9:40 pm', 'Online Option', 0, 'David S. Platt', '1 Story Street 307', 'E', '');
insert into course (concentration_id, hes_course_id, course_id, course_code, course_title, course_term_id, course_day, course_time, course_type, course_limit, instructor, location, attributes, course_url) values (1, 0, 34, 'CSCIE-40', 'Communication Protocols and Internet Architectures', 2, 'MON', '5:30 - 7:30 pm', 'Online Option', 0, 'Leonard Evenchik', '53 Church Street L01', 'DCOM,E', '');
insert into course (concentration_id, hes_course_id, course_id, course_code, course_title, course_term_id, course_day, course_time, course_type, course_limit, instructor, location, attributes, course_url) values (1, 0, 35, 'CSCIE-45A', 'Understanding and Securing the Cyber Infrastructure', 2, 'FRI', '5:30 - 7:30 pm', 'Online Option', 0, 'Scott Bradner & Benoit Gaucherin', 'Maxwell-Dworkin G125', 'DCOM,E', '');
insert into course (concentration_id, hes_course_id, course_id, course_code, course_title, course_term_id, course_day, course_time, course_type, course_limit, instructor, location, attributes, course_url) values (1, 0, 36, 'CSCIE-55', 'Java for Distributed Computing', 2, 'WED', '7:40 - 9:40 pm', 'Online Option', 0, 'Charles M. Sawyer Jr.', 'Byerly Hall 013', 'DC,E', '');
insert into course (concentration_id, hes_course_id, course_id, course_code, course_title, course_term_id, course_day, course_time, course_type, course_limit, instructor, location, attributes, course_url) values (1, 0, 37, 'CSCIE-56', 'Web Application Development with Groovy and Grails', 2, 'FRI', '5:30 - 7:30 pm', 'Online Option', 0, 'Burt Beckwith', '53 Church Street L01', 'WAD,E', '');
insert into course (concentration_id, hes_course_id, course_id, course_code, course_title, course_term_id, course_day, course_time, course_type, course_limit, instructor, location, attributes, course_url) values (1, 0, 38, 'CSCIE-60', 'Developing Web-Based Database Applications', 2, 'MON', '5:30 - 7:30 pm', 'Online Option', 0, 'Maria R. Garcia', '1 Story Street 303', 'WAD,E', '');
insert into course (concentration_id, hes_course_id, course_id, course_code, course_title, course_term_id, course_day, course_time, course_type, course_limit, instructor, location, attributes, course_url) values (1, 0, 39, 'CSCIE-61', 'Systems Programming and Machine Organization', 2, '', '', 'Online Only', 0, 'Eddie Kohler', '', 'SP,E', '');
insert into course (concentration_id, hes_course_id, course_id, course_code, course_title, course_term_id, course_day, course_time, course_type, course_limit, instructor, location, attributes, course_url) values (1, 0, 40, 'CSCIE-62', 'Modern Mobile Development', 2, 'TUES', '5:30 - 7:30 pm', 'On Campus Only', 30, 'Edwin Guarin & Robert Familiar', '53 Church Street 203', 'WAD,E', '');
insert into course (concentration_id, hes_course_id, course_id, course_code, course_title, course_term_id, course_day, course_time, course_type, course_limit, instructor, location, attributes, course_url) values (1, 0, 41, 'CSCIE-65', 'Building Mobile Apps: A Comparative View of Mobile Application Development', 2, 'FRI', '5:30 - 7:30 pm', 'Online Option', 120, 'Jonathan Levin', 'Maxwell-Dworkin G115', 'WAD,E', '');
insert into course (concentration_id, hes_course_id, course_id, course_code, course_title, course_term_id, course_day, course_time, course_type, course_limit, instructor, location, attributes, course_url) values (1, 0, 42, 'CSCIE-72', 'Introduction to Computer Graphics', 2, 'TUES', '5:30 - 7:30 pm', 'Online Option', 0, 'Jeff Parker', '1 Story Street 303', 'E', '');
insert into course (concentration_id, hes_course_id, course_id, course_code, course_title, course_term_id, course_day, course_time, course_type, course_limit, instructor, location, attributes, course_url) values (1, 0, 43, 'CSCIE-80', 'Artificial Intelligence', 2, 'THUR', '5:30 - 7:30 pm', 'On Campus Only', 0, 'Eric Breck', 'Northwest Science Building B108', 'E', '');
insert into course (concentration_id, hes_course_id, course_id, course_code, course_title, course_term_id, course_day, course_time, course_type, course_limit, instructor, location, attributes, course_url) values (1, 0, 44, 'CSCIE-90', 'Cloud Computing', 2, 'FRI', '5:30 - 7:30 pm', 'Online Option', 0, 'Zoran B. Djordjevic', '1 Story Street 306', 'DC,E', '');
insert into course (concentration_id, hes_course_id, course_id, course_code, course_title, course_term_id, course_day, course_time, course_type, course_limit, instructor, location, attributes, course_url) values (1, 0, 45, 'CSCIE-95', 'Compiler Design and Implementation', 2, 'TUES', '7:40 - 9:40 pm', 'On Campus Only', 0, 'James L. Frankel', 'Science Center 109', 'TMF,E', '');
insert into course (concentration_id, hes_course_id, course_id, course_code, course_title, course_term_id, course_day, course_time, course_type, course_limit, instructor, location, attributes, course_url) values (1, 0, 46, 'CSCIE-97', 'Software Design: Principles Models and Patterns', 2, 'THUR', '7:40 - 9:40 pm', 'Online Option', 0, 'Eric Gieseke', '1 Story Street 304', 'SD,E', '');
insert into course (concentration_id, hes_course_id, course_id, course_code, course_title, course_term_id, course_day, course_time, course_type, course_limit, instructor, location, attributes, course_url) values (1, 0, 47, 'CSCIE-109', 'Data Science', 2, '', '', 'Online Only', 60, 'Hanspeter Pfister & Joseph K. Blitzstein', '', 'TMF,E', '');
insert into course (concentration_id, hes_course_id, course_id, course_code, course_title, course_term_id, course_day, course_time, course_type, course_limit, instructor, location, attributes, course_url) values (1, 0, 48, 'CSCIE-121', 'Introduction to the Theory of Computation', 2, '', '', 'Online Only', 0, 'Harry R. Lewis', '', 'TMF,E', '');
insert into course (concentration_id, hes_course_id, course_id, course_code, course_title, course_term_id, course_day, course_time, course_type, course_limit, instructor, location, attributes, course_url) values (1, 0, 49, 'CSCIE-127', 'Introduction to Cryptography', 2, '', '', 'Online Only', 0, 'Salil P. Vadhan', '', 'TMF,E', '');
insert into course (concentration_id, hes_course_id, course_id, course_code, course_title, course_term_id, course_day, course_time, course_type, course_limit, instructor, location, attributes, course_url) values (1, 0, 50, 'CSCIE-205', 'Computing Foundations for Computational Science', 2, '', '', 'Online Only', 0, 'Cristopher Cecka', '', 'E', '');
insert into course (concentration_id, hes_course_id, course_id, course_code, course_title, course_term_id, course_day, course_time, course_type, course_limit, instructor, location, attributes, course_url) values (1, 0, 51, 'ENSCE-130', 'Introduction to MEMS with BioMEMS', 2, 'TUES', '5:30 - 7:30 pm', 'Online Option', 0, 'Fawwaz Habbal', 'Pierce Hall 301', 'E', '');
insert into course (concentration_id, hes_course_id, course_id, course_code, course_title, course_term_id, course_day, course_time, course_type, course_limit, instructor, location, attributes, course_url) values (1, 0, 52, 'ENSCE-150', 'Introduction to Nanobiotechnology: Concepts and Applications', 2, 'TUES', '5:30 - 7:30 pm', 'Online Option', 0, 'Anas Chalah', 'Pierce Hall 209', 'E', '');
insert into course (concentration_id, hes_course_id, course_id, course_code, course_title, course_term_id, course_day, course_time, course_type, course_limit, instructor, location, attributes, course_url) values (1, 0, 53, 'MATHE-23A', 'Linear Algebra and Real Analysis I', 2, 'TUES,THUR', '2:30 - 4 pm', 'On Campus Only', 0, 'Paul G. Bamberg', 'Science Center Hall A', 'E', '');
insert into course (concentration_id, hes_course_id, course_id, course_code, course_title, course_term_id, course_day, course_time, course_type, course_limit, instructor, location, attributes, course_url) values (1, 0, 54, 'MATHE-154', 'Probability Theory', 2, 'MON,WED,FRI', '12 - 1 pm', 'On Campus Only', 0, 'Clifford Taubes', 'Science Center 507', 'E', '');
insert into course (concentration_id, hes_course_id, course_id, course_code, course_title, course_term_id, course_day, course_time, course_type, course_limit, instructor, location, attributes, course_url) values (1, 0, 55, 'APMAS-111', 'Introduction to Scientific Computing', 1, 'MON,WED', '8:30 am - 11:30 am', 'On Campus Only', 0, 'Marie Dahleh', 'Science Center B-09', 'TMF,E', '');
insert into course (concentration_id, hes_course_id, course_id, course_code, course_title, course_term_id, course_day, course_time, course_type, course_limit, instructor, location, attributes, course_url) values (1, 0, 56, 'CSCIS-76', 'Building Mobile Applications', 1, 'MON,WED', '6:30 - 9:30 pm', 'On Campus Only', 30, 'David J. Malan', 'Northwest Science Building B101', 'WAD,E', '');
insert into course (concentration_id, hes_course_id, course_id, course_code, course_title, course_term_id, course_day, course_time, course_type, course_limit, instructor, location, attributes, course_url) values (1, 0, 57, 'CSCIS-131B', 'Communication Protocols and Internet Architectures', 1, '', '', 'Online Only', 0, 'Leonard Evenchik', '', 'DCOM,E', '');
insert into course (concentration_id, hes_course_id, course_id, course_code, course_title, course_term_id, course_day, course_time, course_type, course_limit, instructor, location, attributes, course_url) values (1, 0, 58, 'ENSCS-157', 'Introduction to Fabrication of Microfluidic Devices', 1, 'TUES,THUR', '6:30 - 9:30 pm', 'On Campus Only', 15, 'Turgut Fettah Kosar', 'LISE 303', 'E', '');
insert into course (concentration_id, hes_course_id, course_id, course_code, course_title, course_term_id, course_day, course_time, course_type, course_limit, instructor, location, attributes, course_url) values (1, 0, 59, 'ISMTS-170', 'Human Factors in Information Systems Design', 1, 'TUES,THUR', '6:30 - 9:30 pm', 'On Campus Only', 50, 'Dennis F. Galletta', 'Northwest Science Building B108', 'E', '');
insert into course (concentration_id, hes_course_id, course_id, course_code, course_title, course_term_id, course_day, course_time, course_type, course_limit, instructor, location, attributes, course_url) values (1, 0, 60, 'MATHS-19A', 'Modeling and Differential Equations for the Life Sciences', 1, 'MON,WED,FRI', '12:30 - 2:30 pm', 'On Campus Only', 0, 'John Thomas Hall', 'Science Center 411', 'TMF,E', '');
insert into course (concentration_id, hes_course_id, course_id, course_code, course_title, course_term_id, course_day, course_time, course_type, course_limit, instructor, location, attributes, course_url) values (1, 0, 61, 'PHILS-140', 'Deductive Logic', 1, 'MON,WED', '8:30 am - 11:30 am', 'On Campus Only', 0, 'James Pearson', 'Lamont Library 240', 'E', '');
insert into course (concentration_id, hes_course_id, course_id, course_code, course_title, course_term_id, course_day, course_time, course_type, course_limit, instructor, location, attributes, course_url) values (1, 0, 62, 'PHYSS-123', 'Laboratory Electronics: Analog and Digital Circuit Design', 1, 'MON,WED,THUR', '9 am - 1 pm', 'On Campus Only', 20, 'David Eric Abrams', 'Science Center 206', 'E', '');
insert into course (concentration_id, hes_course_id, course_id, course_code, course_title, course_term_id, course_day, course_time, course_type, course_limit, instructor, location, attributes, course_url) values (1, 14291, 63, 'CSCIE-15', 'Dynamic Web Applications', 6, 'THUR', '5:30 - 7:30 pm', 'Online Option', 0, 'Susan Buck', 'Maxwell-Dworkin G115', 'WAD,E', 'http://www.extension.harvard.edu/courses/14291');
insert into course (concentration_id, hes_course_id, course_id, course_code, course_title, course_term_id, course_day, course_time, course_type, course_limit, instructor, location, attributes, course_url) values (1, 14297, 64, 'CSCIE-18', 'Web Development Using XML', 6, 'MON', '7:40 - 9:40 pm', 'Online Option', 0, 'David P. Heitmeyer', '1 Story Street 306', 'WAD,E', 'http://www.extension.harvard.edu/courses/14297');
insert into course (concentration_id, hes_course_id, course_id, course_code, course_title, course_term_id, course_day, course_time, course_type, course_limit, instructor, location, attributes, course_url) values (1, 14469, 65, 'CSCIE-24', 'Numerical Analysis', 6, 'WED', '7:40 - 9:40 pm', 'Online Option', 0, 'Jeff Parker', '1 Story Street 304', 'TMF,E', 'http://www.extension.harvard.edu/courses/14469');
insert into course (concentration_id, hes_course_id, course_id, course_code, course_title, course_term_id, course_day, course_time, course_type, course_limit, instructor, location, attributes, course_url) values (1, 14294, 66, 'CSCIE-26', 'Introduction to C Unix/Linux Programming and Web Interfaces', 6, 'WED', '7:40 - 9:40 pm', 'On Campus Only', 0, 'Bruce Molay', 'Science Center B-10', 'E', 'http://www.extension.harvard.edu/courses/14294');
insert into course (concentration_id, hes_course_id, course_id, course_code, course_title, course_term_id, course_day, course_time, course_type, course_limit, instructor, location, attributes, course_url) values (1, 14310, 67, 'CSCIE-33', 'Programming Microsoft .NET', 6, 'TUES', '7:40 - 9:40 pm', 'Online Option', 0, 'David S. Platt', '53 Church Street L01', 'E', 'http://www.extension.harvard.edu/courses/14310');
insert into course (concentration_id, hes_course_id, course_id, course_code, course_title, course_term_id, course_day, course_time, course_type, course_limit, instructor, location, attributes, course_url) values (1, 14557, 68, 'CSCIE-34', 'User Experience Engineering', 6, 'MON', '7:40 - 9:40 pm', 'Online Option', 0, 'David S. Platt', 'Maxwell-Dworkin G125', 'E', 'http://www.extension.harvard.edu/courses/14557');
insert into course (concentration_id, hes_course_id, course_id, course_code, course_title, course_term_id, course_day, course_time, course_type, course_limit, instructor, location, attributes, course_url) values (1, 14296, 69, 'CSCIE-40', 'Communication Protocols and Internet Architectures', 6, 'MON', '5:30 - 7:30 pm', 'Online Option', 0, 'Leonard Evenchik', '53 Church Street L01', 'DCOM,E', 'http://www.extension.harvard.edu/courses/14296');
insert into course (concentration_id, hes_course_id, course_id, course_code, course_title, course_term_id, course_day, course_time, course_type, course_limit, instructor, location, attributes, course_url) values (1, 14299, 70, 'CSCIE-45A', 'The Cyber World: Hardware Software Networks Security and Management', 6, 'FRI', '5:30 - 7:30 pm', 'Online Option', 0, 'Scott Bradner & Benoit Gaucherin', 'Maxwell-Dworkin G125', 'DCOM,E', 'http://www.extension.harvard.edu/courses/14299');
insert into course (concentration_id, hes_course_id, course_id, course_code, course_title, course_term_id, course_day, course_time, course_type, course_limit, instructor, location, attributes, course_url) values (1, 14298, 71, 'CSCIE-55', 'Java for Distributed Computing', 6, 'WED', '7:40 - 9:40 pm', 'Online Option', 0, 'Charles M. Sawyer Jr.', 'Byerly Hall 013', 'DC,E', 'http://www.extension.harvard.edu/courses/14298');
insert into course (concentration_id, hes_course_id, course_id, course_code, course_title, course_term_id, course_day, course_time, course_type, course_limit, instructor, location, attributes, course_url) values (1, 14325, 72, 'CSCIE-56', 'Web Application Development with Groovy and Grails', 6, 'WED', '5:30 - 7:30 pm', 'Online Option', 0, 'Burt Beckwith', '53 Church Street L01', 'WAD,E', 'http://www.extension.harvard.edu/courses/14325');
insert into course (concentration_id, hes_course_id, course_id, course_code, course_title, course_term_id, course_day, course_time, course_type, course_limit, instructor, location, attributes, course_url) values (1, 14307, 73, 'CSCIE-60', 'Developing Web-Based Database Applications', 6, 'WED', '5:30 - 7:30 pm', 'Online Option', 0, 'Maria R. Garcia Altobello', 'Maxwell-Dworkin G125', 'WAD,E', 'http://www.extension.harvard.edu/courses/14307');
insert into course (concentration_id, hes_course_id, course_id, course_code, course_title, course_term_id, course_day, course_time, course_type, course_limit, instructor, location, attributes, course_url) values (1, 13836, 74, 'CSCIE-61', 'Systems Programming and Machine Organization', 6, '', '', 'Online Only', 0, 'Eddie Kohler', '', 'SP,E', 'http://www.extension.harvard.edu/courses/13836');
insert into course (concentration_id, hes_course_id, course_id, course_code, course_title, course_term_id, course_day, course_time, course_type, course_limit, instructor, location, attributes, course_url) values (1, 14300, 75, 'CSCIE-90', 'Cloud Computing', 6, 'FRI', '5:30 - 7:30 pm', 'Online Option', 0, 'Zoran B. Djordjevic', '1 Story Street 306', 'DC,E', 'http://www.extension.harvard.edu/courses/14300');
insert into course (concentration_id, hes_course_id, course_id, course_code, course_title, course_term_id, course_day, course_time, course_type, course_limit, instructor, location, attributes, course_url) values (1, 14532, 76, 'CSCIE-93', 'Computer Architecture', 6, 'TUES', '7:40 - 9:40 pm', 'Online Option', 40, 'James L. Frankel', '1 Story Street 302', 'TMF,E', 'http://www.extension.harvard.edu/courses/14532');
insert into course (concentration_id, hes_course_id, course_id, course_code, course_title, course_term_id, course_day, course_time, course_type, course_limit, instructor, location, attributes, course_url) values (1, 14306, 77, 'CSCIE-97', 'Software Design: Principles Models and Patterns', 6, 'THUR', '7:40 - 9:40 pm', 'Online Option', 0, 'Eric Gieseke', '1 Story Street 304', 'SD,E', 'http://www.extension.harvard.edu/courses/14306');
insert into course (concentration_id, hes_course_id, course_id, course_code, course_title, course_term_id, course_day, course_time, course_type, course_limit, instructor, location, attributes, course_url) values (1, 14531, 78, 'CSCIE-98', 'Managed Environments for the Execution of Programs', 6, 'MON', '5:30 - 7:30 pm', 'Online Option', 0, 'Philip McGachey', '1 Story Street 304', 'SD,E', 'http://www.extension.harvard.edu/courses/14531');
insert into course (concentration_id, hes_course_id, course_id, course_code, course_title, course_term_id, course_day, course_time, course_type, course_limit, instructor, location, attributes, course_url) values (1, 14328, 79, 'CSCIE-109', 'Data Science', 6, '', '', 'Online Only', 60, 'Rafael Irizarry & Verena S Kaynig-Fittkau', '', 'TMF,E,DSCI', 'http://www.extension.harvard.edu/courses/14328');
insert into course (concentration_id, hes_course_id, course_id, course_code, course_title, course_term_id, course_day, course_time, course_type, course_limit, instructor, location, attributes, course_url) values (1, 14302, 80, 'CSCIE-121', 'Introduction to the Theory of Computation', 6, '', '', 'Online Only', 0, 'Harry R. Lewis', '', 'TMF,E', 'http://www.extension.harvard.edu/courses/14302');
insert into course (concentration_id, hes_course_id, course_id, course_code, course_title, course_term_id, course_day, course_time, course_type, course_limit, instructor, location, attributes, course_url) values (1, 14549, 81, 'CSCIE-207', 'Systems Development for Computational Science', 6, '', '', 'Online Only', 0, 'Cristopher Cecka & Thouis Ray Jones', '', 'SP,E,DSCI', 'http://www.extension.harvard.edu/courses/14549');
insert into course (concentration_id, hes_course_id, course_id, course_code, course_title, course_term_id, course_day, course_time, course_type, course_limit, instructor, location, attributes, course_url) values (1, 14331, 82, 'ENSCE-130', 'Introduction to MEMS with BioMEMS', 6, 'TUES', '5:30 - 7:30 pm', 'Online Option', 0, 'Fawwaz Habbal', 'Maxwell-Dworkin G125', 'E', 'http://www.extension.harvard.edu/courses/14331');
insert into course (concentration_id, hes_course_id, course_id, course_code, course_title, course_term_id, course_day, course_time, course_type, course_limit, instructor, location, attributes, course_url) values (1, 12806, 83, 'ENSCE-150', 'Introduction to Nanobiotechnology: Concepts and Applications', 6, 'MON', '5:30 - 7:30 pm', 'Online Option', 0, 'Anas Chalah', 'Pierce Hall 209', 'E', 'http://www.extension.harvard.edu/courses/12806');
insert into course (concentration_id, hes_course_id, course_id, course_code, course_title, course_term_id, course_day, course_time, course_type, course_limit, instructor, location, attributes, course_url) values (1, 13313, 84, 'MATHE-23A', 'Linear Algebra and Real Analysis I', 6, 'TUES,THUR', '2:30 - 4 pm', 'On Campus Only', 0, 'Paul G. Bamberg', '', 'E', 'http://www.extension.harvard.edu/courses/13313');
insert into course (concentration_id, hes_course_id, course_id, course_code, course_title, course_term_id, course_day, course_time, course_type, course_limit, instructor, location, attributes, course_url) values (1, 14512, 85, 'MATHE-156', 'Mathematical Foundations of Statistical Software', 6, 'MON', '2 - 4:30 pm', 'On Campus Only', 0, 'Paul G. Bamberg', '', 'TMF,E,DSCI', 'http://www.extension.harvard.edu/courses/14512');
insert into course (concentration_id, hes_course_id, course_id, course_code, course_title, course_term_id, course_day, course_time, course_type, course_limit, instructor, location, attributes, course_url) values (1, 14574, 86, 'STATE-100', 'Introduction to Quantitative Methods for the Social Sciences and Humanities', 6, '', '', 'Online Only', 0, 'Luke Miratrix', '', 'E,DSCI', 'http://www.extension.harvard.edu/courses/14574');
insert into course (concentration_id, hes_course_id, course_id, course_code, course_title, course_term_id, course_day, course_time, course_type, course_limit, instructor, location, attributes, course_url) values (1, 14527, 87, 'STATE-104', 'Introduction to Quantitative Methods for Economics and Other Quantitative Fields', 6, '', '', 'Online Only', 0, 'Michael I. Parzen', '', 'E,DSCI', 'http://www.extension.harvard.edu/courses/14527');
insert into course (concentration_id, hes_course_id, course_id, course_code, course_title, course_term_id, course_day, course_time, course_type, course_limit, instructor, location, attributes, course_url) values (1, 14567, 88, 'STATE-150', 'Statistical Methods', 6, 'TUES', '7:40 - 9:40 pm', 'On Campus Only', 0, 'Jenny Gutbezahl', 'Harvard Hall 201', 'E,DSCI', 'http://www.extension.harvard.edu/courses/14567');
insert into course (concentration_id, hes_course_id, course_id, course_code, course_title, course_term_id, course_day, course_time, course_type, course_limit, instructor, location, attributes, course_url) values (1, 24269, 89, 'DGMDE-27', 'Beyond the Basics of Front-End Web Design', 7, 'MON,TUES,WED,THUR', '9 am - 12 pm', 'On Campus Only', 30, 'Jennifer A. Kramer', '53 Church Street 104', 'WAD,E', 'http://www.extension.harvard.edu/courses/24269');
insert into course (concentration_id, hes_course_id, course_id, course_code, course_title, course_term_id, course_day, course_time, course_type, course_limit, instructor, location, attributes, course_url) values (1, 24104, 90, 'APMAE-207', 'Monte Carlo Methods for Inference and Data Analysis', 8, '', '', 'Online Only', 0, 'Verena S Kaynig-Fittkau & Pavlos Protopapas', '', 'E,DSCI', 'http://www.extension.harvard.edu/courses/24104');
insert into course (concentration_id, hes_course_id, course_id, course_code, course_title, course_term_id, course_day, course_time, course_type, course_limit, instructor, location, attributes, course_url) values (1, 24031, 91, 'CSCIE-8', 'Web GIS: Principles and Applications', 8, 'THUR', '7:40 - 9:40 pm', 'Web-Conference Course', 50, 'Pinde Fu', '', 'E', 'http://www.extension.harvard.edu/courses/24031');
insert into course (concentration_id, hes_course_id, course_id, course_code, course_title, course_term_id, course_day, course_time, course_type, course_limit, instructor, location, attributes, course_url) values (1, 24035, 92, 'CSCIE-17', 'Medical Informatics', 8, 'THUR', '5:30 - 7:30 pm', 'Online Option', 0, 'Oleg Pianykh', '1 Story Street 307', 'E', 'http://www.extension.harvard.edu/courses/24035');
insert into course (concentration_id, hes_course_id, course_id, course_code, course_title, course_term_id, course_day, course_time, course_type, course_limit, instructor, location, attributes, course_url) values (1, 24032, 93, 'CSCIE-20', 'Discrete Mathematics for Computer Science', 8, 'TUES', '9 - 11 pm', 'Web-Conference Course', 45, 'Harry R. Lewis & Deborah Abel', '', 'TMF,E', 'http://www.extension.harvard.edu/courses/24032');
insert into course (concentration_id, hes_course_id, course_id, course_code, course_title, course_term_id, course_day, course_time, course_type, course_limit, instructor, location, attributes, course_url) values (1, 24040, 94, 'CSCIE-28', 'Unix/Linux Systems Programming', 8, 'TUES', '5:30 - 7:30 pm', 'Online Option', 0, 'Bruce Molay', '53 Church Street L01', 'SP,E', 'http://www.extension.harvard.edu/courses/24040');
insert into course (concentration_id, hes_course_id, course_id, course_code, course_title, course_term_id, course_day, course_time, course_type, course_limit, instructor, location, attributes, course_url) values (1, 24033, 95, 'CSCIE-40', 'Communication Protocols and Internet Architectures', 8, '', '', 'Online Only', 0, 'Leonard Evenchik', '', 'DCOM,E', 'http://www.extension.harvard.edu/courses/24033');
insert into course (concentration_id, hes_course_id, course_id, course_code, course_title, course_term_id, course_day, course_time, course_type, course_limit, instructor, location, attributes, course_url) values (1, 24037, 96, 'CSCIE-45B', 'The Cyber World: Governance Threats Conflict Privacy Identity and Commerce', 8, 'FRI', '5:30 - 7:30 pm', 'Online Option', 0, 'Scott Bradner & Benoit Gaucherin', 'Maxwell-Dworkin G125', 'DCOM,E', 'http://www.extension.harvard.edu/courses/24037');
insert into course (concentration_id, hes_course_id, course_id, course_code, course_title, course_term_id, course_day, course_time, course_type, course_limit, instructor, location, attributes, course_url) values (1, 24043, 97, 'CSCIE-51', 'Abstraction and Design in Computation', 8, '', '', 'Online Only', 0, 'John Gregory Morrisett', '', 'TMF,E', 'http://www.extension.harvard.edu/courses/24043');
insert into course (concentration_id, hes_course_id, course_id, course_code, course_title, course_term_id, course_day, course_time, course_type, course_limit, instructor, location, attributes, course_url) values (1, 24229, 98, 'CSCIE-54', 'Concurrent Programming in Scala', 8, 'MON', '7:40 - 9:40 pm', 'On Campus Only', 0, 'Nermin Serifovic & Morgan Creighton', 'Sever Hall 206', 'E', 'http://www.extension.harvard.edu/courses/24229');
insert into course (concentration_id, hes_course_id, course_id, course_code, course_title, course_term_id, course_day, course_time, course_type, course_limit, instructor, location, attributes, course_url) values (1, 24036, 99, 'CSCIE-55', 'Java for Distributed Computing', 8, '', '', 'Online Only', 0, 'Charles M. Sawyer Jr.', '', 'DC,E', 'http://www.extension.harvard.edu/courses/24036');
insert into course (concentration_id, hes_course_id, course_id, course_code, course_title, course_term_id, course_day, course_time, course_type, course_limit, instructor, location, attributes, course_url) values (1, 24039, 100, 'CSCIE-58', 'Bioinformatics Algorithms', 8, 'WED', '7:40 - 9:40 pm', 'Online Option', 0, 'Jeff Parker', '53 Church Street L01', 'E', 'http://www.extension.harvard.edu/courses/24039');
insert into course (concentration_id, hes_course_id, course_id, course_code, course_title, course_term_id, course_day, course_time, course_type, course_limit, instructor, location, attributes, course_url) values (1, 24038, 101, 'CSCIE-63', 'Big Data Analytics', 8, 'FRI', '5:30 - 7:30 pm', 'Online Option', 0, 'Zoran B. Djordjevic', '1 Story Street 306', 'E,DSCI', 'http://www.extension.harvard.edu/courses/24038');
insert into course (concentration_id, hes_course_id, course_id, course_code, course_title, course_term_id, course_day, course_time, course_type, course_limit, instructor, location, attributes, course_url) values (1, 24228, 102, 'CSCIE-64', 'Mobile and Cloud Computing', 8, 'THUR', '7:40 - 9:40 pm', 'Online Option', 0, 'Joseph Ficara', 'Maxwell-Dworkin G125', 'E', 'http://www.extension.harvard.edu/courses/24228');
insert into course (concentration_id, hes_course_id, course_id, course_code, course_title, course_term_id, course_day, course_time, course_type, course_limit, instructor, location, attributes, course_url) values (1, 24046, 103, 'CSCIE-66', 'Database Systems', 8, 'WED', '7:40 - 9:40 pm', 'Online Option', 0, 'David G. Sullivan', '1 Story Street 306', 'E,DSCI', 'http://www.extension.harvard.edu/courses/24046');
insert into course (concentration_id, hes_course_id, course_id, course_code, course_title, course_term_id, course_day, course_time, course_type, course_limit, instructor, location, attributes, course_url) values (1, 24207, 104, 'CSCIE-95', 'Compiler Design and Implementation', 8, 'TUES', '7:40 - 9:40 pm', 'Online Option', 40, 'James L. Frankel', '1 Story Street 307', 'TMF,E', 'http://www.extension.harvard.edu/courses/24207');
insert into course (concentration_id, hes_course_id, course_id, course_code, course_title, course_term_id, course_day, course_time, course_type, course_limit, instructor, location, attributes, course_url) values (1, 21462, 105, 'CSCIE-124', 'Data Structures and Algorithms', 8, '', '', 'Online Only', 0, 'Jelani Nelson', '', 'TMF,E', 'http://www.extension.harvard.edu/courses/21462');
insert into course (concentration_id, hes_course_id, course_id, course_code, course_title, course_term_id, course_day, course_time, course_type, course_limit, instructor, location, attributes, course_url) values (1, 23837, 106, 'CSCIE-152', 'Programming Languages', 8, '', '', 'Online Only', 0, 'Stephen Chong', '', 'TMF,E', 'http://www.extension.harvard.edu/courses/23837');
insert into course (concentration_id, hes_course_id, course_id, course_code, course_title, course_term_id, course_day, course_time, course_type, course_limit, instructor, location, attributes, course_url) values (1, 24028, 107, 'CSCIE-171', 'Visualization', 8, '', '', 'Online Only', 0, 'Alexander Lex', '', 'E,DSCI', 'http://www.extension.harvard.edu/courses/24028');
insert into course (concentration_id, hes_course_id, course_id, course_code, course_title, course_term_id, course_day, course_time, course_type, course_limit, instructor, location, attributes, course_url) values (1, 23816, 108, 'CSCIE-186', 'Economics and Computation', 8, '', '', 'Online Only', 0, 'David C. Parkes', '', 'TMF,E', 'http://www.extension.harvard.edu/courses/23816');
insert into course (concentration_id, hes_course_id, course_id, course_code, course_title, course_term_id, course_day, course_time, course_type, course_limit, instructor, location, attributes, course_url) values (1, 24048, 109, 'DGMDE-25', 'Introduction to Web Content Management Systems Site Development', 8, '', '', 'Online Only', 0, 'Jennifer A. Kramer', '', 'WAD,E', 'http://www.extension.harvard.edu/courses/24048');
insert into course (concentration_id, hes_course_id, course_id, course_code, course_title, course_term_id, course_day, course_time, course_type, course_limit, instructor, location, attributes, course_url) values (1, 24013, 110, 'ENSCE-105', 'Engineering Innovation with Information Technology', 8, 'WED', '7:40 - 9:40 pm', 'Web-Conference Course', 40, 'Wego Wang', '', 'E', 'http://www.extension.harvard.edu/courses/24013');
insert into course (concentration_id, hes_course_id, course_id, course_code, course_title, course_term_id, course_day, course_time, course_type, course_limit, instructor, location, attributes, course_url) values (1, 22098, 111, 'ENSCE-123', 'Laboratory Electronics: Digital Circuit Design', 8, 'THUR', '6 - 9:30 pm', 'On Campus Only', 22, 'Thomas C. Hayes', 'Science Center 206', 'E', 'http://www.extension.harvard.edu/courses/22098');
insert into course (concentration_id, hes_course_id, course_id, course_code, course_title, course_term_id, course_day, course_time, course_type, course_limit, instructor, location, attributes, course_url) values (1, 22768, 112, 'ENSCE-155', 'Fundamentals and Applications of Microfluidics', 8, 'TUES', '5:30 - 7:30 pm', 'Online Option', 0, 'Fawwaz Habbal & Anas Chalah', 'Pierce Hall 209', 'E', 'http://www.extension.harvard.edu/courses/22768');
insert into course (concentration_id, hes_course_id, course_id, course_code, course_title, course_term_id, course_day, course_time, course_type, course_limit, instructor, location, attributes, course_url) values (1, 24313, 113, 'ISMTE-155', 'Geographic Communication Today', 8, 'MON', '5:30 - 7:30 pm', 'Web-Conference Course', 30, 'Jeff Blossom', '', 'E', 'http://www.extension.harvard.edu/courses/24313');
insert into course (concentration_id, hes_course_id, course_id, course_code, course_title, course_term_id, course_day, course_time, course_type, course_limit, instructor, location, attributes, course_url) values (1, 24279, 114, 'ISMTE-170', 'Human Factors in Information Systems Design', 8, 'MON', '7:40 - 9:40 pm', 'Web-Conference Course', 35, 'Dennis F. Galletta', '', 'E', 'http://www.extension.harvard.edu/courses/24279');
insert into course (concentration_id, hes_course_id, course_id, course_code, course_title, course_term_id, course_day, course_time, course_type, course_limit, instructor, location, attributes, course_url) values (1, 23175, 115, 'MATHE-23B', 'Linear Algebra and Real Analysis II', 8, 'TUES,THUR', '2:30 - 4 pm', 'On Campus Only', 0, 'Paul G. Bamberg', '', 'E', 'http://www.extension.harvard.edu/courses/23175');
insert into course (concentration_id, hes_course_id, course_id, course_code, course_title, course_term_id, course_day, course_time, course_type, course_limit, instructor, location, attributes, course_url) values (1, 24041, 116, 'MATHE-155R', 'Combinatorics', 8, 'TUES,THUR', '1 - 2:30 pm', 'On Campus Only', 0, 'Sukhada Fadnavis', 'Science Center', 'E', 'http://www.extension.harvard.edu/courses/24041');
insert into course (concentration_id, hes_course_id, course_id, course_code, course_title, course_term_id, course_day, course_time, course_type, course_limit, instructor, location, attributes, course_url) values (1, 23498, 117, 'MATHE-210', 'Vector Space Methods for Differential Equations', 8, 'MON,WED', '2 - 3:30 pm', 'On Campus Only', 0, 'Paul G. Bamberg', '', 'E', 'http://www.extension.harvard.edu/courses/23498');
insert into course (concentration_id, hes_course_id, course_id, course_code, course_title, course_term_id, course_day, course_time, course_type, course_limit, instructor, location, attributes, course_url) values (1, 23274, 118, 'MGMTE-5070', 'Data Mining and Forecast Management', 8, 'TUES', '7:40 - 9:40 pm', 'On Campus Only', 35, 'Philip Anthony Vaccaro', 'Emerson Hall 104', 'E,DSCI', 'http://www.extension.harvard.edu/courses/23274');
insert into course (concentration_id, hes_course_id, course_id, course_code, course_title, course_term_id, course_day, course_time, course_type, course_limit, instructor, location, attributes, course_url) values (1, 24277, 119, 'STATE-101', 'Introduction to Statistics for the Behavioral Sciences', 8, '', '', 'Online Only', 0, 'Max Krasnow', '', 'E,DSCI', 'http://www.extension.harvard.edu/courses/24277');
insert into course (concentration_id, hes_course_id, course_id, course_code, course_title, course_term_id, course_day, course_time, course_type, course_limit, instructor, location, attributes, course_url) values (1, 23171, 120, 'STATE-102', 'Fundamentals of Biostatistics', 8, 'TUES', '5:30 - 7:30 pm', 'On Campus Only', 0, 'Bernard A. Rosner', 'Sever Hall 113', 'E,DSCI', 'http://www.extension.harvard.edu/courses/23171');
insert into course (concentration_id, hes_course_id, course_id, course_code, course_title, course_term_id, course_day, course_time, course_type, course_limit, instructor, location, attributes, course_url) values (1, 23445, 121, 'STATE-150', 'Statistical Methods', 8, 'WED', '5:30 - 7:30 pm', 'Online Option', 0, 'Stephanie McMains', 'Science Center Hall A', 'E,DSCI', 'http://www.extension.harvard.edu/courses/23445');
insert into course (concentration_id, hes_course_id, course_id, course_code, course_title, course_term_id, course_day, course_time, course_type, course_limit, instructor, location, attributes, course_url) values (1, 33214, 122, 'CSCIS-15', 'Dynamic Web Applications', 5, 'TUES,THUR', '6:30 - 9:30 pm', 'On Campus Only', 0, 'Susan Buck', 'Northwest Science Building B103', 'WAD,E', 'http://www.summer.harvard.edu/courses/33214');
insert into course (concentration_id, hes_course_id, course_id, course_code, course_title, course_term_id, course_day, course_time, course_type, course_limit, instructor, location, attributes, course_url) values (1, 33106, 123, 'CSCIS-40', 'Communication Protocols and Internet Architectures', 5, '', '', 'Online Only', 0, 'Leonard Evenchik', '', 'DCOM,E', 'http://www.summer.harvard.edu/courses/33106');
insert into course (concentration_id, hes_course_id, course_id, course_code, course_title, course_term_id, course_day, course_time, course_type, course_limit, instructor, location, attributes, course_url) values (1, 32627, 124, 'ENSCS-157', 'Introduction to Fabrication of Microfluidic Devices', 5, 'MON,WED', '6:30 - 9:30 pm', 'On Campus Only', 15, 'Turgut Fettah Kosar', 'LISE 303', 'E', 'http://www.summer.harvard.edu/courses/32627');
insert into course (concentration_id, hes_course_id, course_id, course_code, course_title, course_term_id, course_day, course_time, course_type, course_limit, instructor, location, attributes, course_url) values (1, 33188, 125, 'ENSCS-175', 'Introduction to Semiconductor Device Physics with Applications to Chip Design and Manufacturing', 5, 'MON,WED', '12 - 3 pm', 'On Campus Only', 0, 'Mary Y. Lanzerotti', 'Cruft Laboratory 309', 'E', 'http://www.summer.harvard.edu/courses/33188');
insert into course (concentration_id, hes_course_id, course_id, course_code, course_title, course_term_id, course_day, course_time, course_type, course_limit, instructor, location, attributes, course_url) values (1, 32596, 126, 'ISMTS-170', 'Human Factors in Information Systems Design', 5, 'TUES,THUR', '6:30 - 9:30 pm', 'On Campus Only', 44, 'Dennis F. Galletta', 'Northwest Science Building B108', 'E', 'http://www.summer.harvard.edu/courses/32596');
insert into course (concentration_id, hes_course_id, course_id, course_code, course_title, course_term_id, course_day, course_time, course_type, course_limit, instructor, location, attributes, course_url) values (1, 33136, 127, 'MATHS-323', 'Vectors: a Tool for Teaching Algebra Geometry and Trigonometry', 5, 'MON,TUES,WED,THUR,FRI', '9 am - 11:30 am', 'On Campus Only', 0, 'Paul G. Bamberg & Katherine Leigh Penner', 'Northwest Science Building B104', 'E', 'http://www.summer.harvard.edu/courses/33136');
insert into course (concentration_id, hes_course_id, course_id, course_code, course_title, course_term_id, course_day, course_time, course_type, course_limit, instructor, location, attributes, course_url) values (1, 33036, 128, 'PHILS-140', 'Deductive Logic', 5, 'MON,WED', '8:30 am - 11:30 am', 'On Campus Only', 0, 'James Pearson', 'Boylston Hall 105', 'E', 'http://www.summer.harvard.edu/courses/33036');
insert into course (concentration_id, hes_course_id, course_id, course_code, course_title, course_term_id, course_day, course_time, course_type, course_limit, instructor, location, attributes, course_url) values (1, 33175, 129, 'STATS-110', 'Introduction to Probability', 5, 'MON,WED', '3:15 - 6:15 pm', 'Online Option', 0, 'Kevin A. Rader', '1 Story Street 306', 'TMF,E', 'http://www.summer.harvard.edu/courses/33175');
insert into course (concentration_id, hes_course_id, course_id, course_code, course_title, course_term_id, course_day, course_time, course_type, course_limit, instructor, location, attributes, course_url) values (2, 0, 130, 'MGMTE-5050', 'Strategic Resource Allocation and Planning', 3, 'MON,TUES,WED,THUR', '6 - 9:30 pm', 'On Campus Only', 35, 'Philip Anthony Vaccaro', 'Emerson Hall 104', 'SRM,E', '');
insert into course (concentration_id, hes_course_id, course_id, course_code, course_title, course_term_id, course_day, course_time, course_type, course_limit, instructor, location, attributes, course_url) values (2, 0, 131, 'CSCIE-8', 'Web GIS: Principles and Applications', 4, 'THUR', '7:40 - 9:40 pm', 'Web-Conference Course', 50, 'Pinde Fu', '', 'E', '');
insert into course (concentration_id, hes_course_id, course_id, course_code, course_title, course_term_id, course_day, course_time, course_type, course_limit, instructor, location, attributes, course_url) values (2, 0, 132, 'CSCIE-12', 'Fundamentals of Website Development', 4, 'MON', '7:40 - 9:40 pm', 'Online Option', 0, 'David P. Heitmeyer', 'Maxwell-Dworkin G115', 'WP,E', '');
insert into course (concentration_id, hes_course_id, course_id, course_code, course_title, course_term_id, course_day, course_time, course_type, course_limit, instructor, location, attributes, course_url) values (2, 0, 133, 'CSCIE-17', 'Medical Informatics', 4, 'THUR', '5:30 - 7:30 pm', 'Online Option', 0, 'Oleg Pianykh', '1 Story Street 307', 'MGMT,E', '');
insert into course (concentration_id, hes_course_id, course_id, course_code, course_title, course_term_id, course_day, course_time, course_type, course_limit, instructor, location, attributes, course_url) values (2, 0, 134, 'CSCIE-35', 'Essential Modern UI Windows 8.1 App Development and Cloud Computing', 4, 'WED', '7:40 - 9:40 pm', 'Online Option', 0, 'Joseph Ficara', '1 Story Street 303', 'E', '');
insert into course (concentration_id, hes_course_id, course_id, course_code, course_title, course_term_id, course_day, course_time, course_type, course_limit, instructor, location, attributes, course_url) values (2, 0, 135, 'CSCIE-40', 'Communication Protocols and Internet Architectures', 4, '', '', 'Online Only', 0, 'Leonard Evenchik', '', 'DCOM,E', '');
insert into course (concentration_id, hes_course_id, course_id, course_code, course_title, course_term_id, course_day, course_time, course_type, course_limit, instructor, location, attributes, course_url) values (2, 0, 136, 'CSCIE-42', 'Internet Voice Video and Telepresence', 4, 'MON', '5:30 - 7:30 pm', 'Online Option', 0, 'Leonard Evenchik', 'Maxwell-Dworkin G125', 'E', '');
insert into course (concentration_id, hes_course_id, course_id, course_code, course_title, course_term_id, course_day, course_time, course_type, course_limit, instructor, location, attributes, course_url) values (2, 0, 137, 'CSCIE-45B', 'Working in and Running the Cyberworld', 4, 'FRI', '5:30 - 7:30 pm', 'Online Option', 0, 'Scott Bradner & Benoit Gaucherin', 'Maxwell-Dworkin G125', 'SRM,E', '');
insert into course (concentration_id, hes_course_id, course_id, course_code, course_title, course_term_id, course_day, course_time, course_type, course_limit, instructor, location, attributes, course_url) values (2, 0, 138, 'CSCIE-55', 'Java for Distributed Computing', 4, '', '', 'Online Only', 0, 'Charles M. Sawyer Jr.', '', 'DC,E', '');
insert into course (concentration_id, hes_course_id, course_id, course_code, course_title, course_term_id, course_day, course_time, course_type, course_limit, instructor, location, attributes, course_url) values (2, 0, 139, 'CSCIE-63', 'Big Data Analytics', 4, 'FRI', '5:30 - 7:30 pm', 'Online Option', 0, 'Zoran B. Djordjevic', '1 Story Street 306', 'E', '');
insert into course (concentration_id, hes_course_id, course_id, course_code, course_title, course_term_id, course_day, course_time, course_type, course_limit, instructor, location, attributes, course_url) values (2, 0, 140, 'CSCIE-66', 'Database and Information Management Systems', 4, 'WED', '7:40 - 9:40 pm', 'Online Option', 0, 'David G. Sullivan', '1 Story Street 306', 'DM,E', '');
insert into course (concentration_id, hes_course_id, course_id, course_code, course_title, course_term_id, course_day, course_time, course_type, course_limit, instructor, location, attributes, course_url) values (2, 0, 141, 'CSCIE-67', 'Oracle Database Administration', 4, 'TUES', '5:30 - 7:30 pm', 'Online Option', 0, 'Patrick McGowan', 'Maxwell-Dworkin G125', 'DM,E', '');
insert into course (concentration_id, hes_course_id, course_id, course_code, course_title, course_term_id, course_day, course_time, course_type, course_limit, instructor, location, attributes, course_url) values (2, 0, 142, 'CSCIE-92', 'Principles of Operating Systems', 4, 'TUES', '7:40 - 9:40 pm', 'On Campus Only', 0, 'James L. Frankel', 'Science Center 109', 'E', '');
insert into course (concentration_id, hes_course_id, course_id, course_code, course_title, course_term_id, course_day, course_time, course_type, course_limit, instructor, location, attributes, course_url) values (2, 0, 143, 'CSCIE-171', 'Visualization', 4, '', '', 'Online Only', 0, 'Hanspeter Pfister', '', 'E', '');
insert into course (concentration_id, hes_course_id, course_id, course_code, course_title, course_term_id, course_day, course_time, course_type, course_limit, instructor, location, attributes, course_url) values (2, 0, 144, 'CSCIE-186', 'Economics and Computation', 4, '', '', 'Online Only', 0, 'David C. Parkes', '', 'E', '');
insert into course (concentration_id, hes_course_id, course_id, course_code, course_title, course_term_id, course_day, course_time, course_type, course_limit, instructor, location, attributes, course_url) values (2, 0, 145, 'DGMDE-25', 'Introduction to Web Content Management Systems Site Development', 4, '', '', 'Online Only', 0, 'Jennifer A. Kramer', '', 'E', '');
insert into course (concentration_id, hes_course_id, course_id, course_code, course_title, course_term_id, course_day, course_time, course_type, course_limit, instructor, location, attributes, course_url) values (2, 0, 146, 'ENSCE-105', 'Engineering Innovation with Information Technology', 4, 'TUES', '7:40 - 9:40 pm', 'Online Option', 0, 'Wego Wang', 'Byerly Hall 013', 'E', '');
insert into course (concentration_id, hes_course_id, course_id, course_code, course_title, course_term_id, course_day, course_time, course_type, course_limit, instructor, location, attributes, course_url) values (2, 0, 147, 'ISMTE-155', 'Geographic Communication Today', 4, 'MON', '5:30 - 7:30 pm', 'On Campus Only', 30, 'Jeff Blossom', '53 Church Street 201', 'E', '');
insert into course (concentration_id, hes_course_id, course_id, course_code, course_title, course_term_id, course_day, course_time, course_type, course_limit, instructor, location, attributes, course_url) values (2, 0, 148, 'ISMTE-180', 'Building and Managing Business Intelligence Systems', 4, 'MON', '7:40 - 9:40 pm', 'On Campus Only', 24, 'Basem A Neseim', 'Northwest Science Building B108', 'E', '');
insert into course (concentration_id, hes_course_id, course_id, course_code, course_title, course_term_id, course_day, course_time, course_type, course_limit, instructor, location, attributes, course_url) values (2, 0, 149, 'ISMTE-200', 'Capstone Seminar in Enterprise Systems', 4, 'MON', '7:40 - 9:40 pm', 'On Campus Only', 20, 'Zoya Kinstler & Bob Wittstein', 'Northwest Science Building B104', 'CAP', '');
insert into course (concentration_id, hes_course_id, course_id, course_code, course_title, course_term_id, course_day, course_time, course_type, course_limit, instructor, location, attributes, course_url) values (2, 0, 150, 'MGMTE-1600', 'Managerial Accounting', 4, 'THUR', '5:30 - 7:30 pm', 'Online Option', 70, 'Richard L. Keith', '1 Story Street 306', 'E', '');
insert into course (concentration_id, hes_course_id, course_id, course_code, course_title, course_term_id, course_day, course_time, course_type, course_limit, instructor, location, attributes, course_url) values (2, 0, 151, 'MGMTE-4000', 'Organizational Behavior', 4, 'THUR', '5:30 - 7:30 pm', 'Web-Conference Course', 35, 'Carmine P. Gibaldi', '', 'E', '');
insert into course (concentration_id, hes_course_id, course_id, course_code, course_title, course_term_id, course_day, course_time, course_type, course_limit, instructor, location, attributes, course_url) values (2, 0, 152, 'MGMTE-4000', 'Organizational Behavior', 4, 'MON', '7:40 - 9:40 pm', 'On Campus Only', 38, 'Ellen Harris', 'Pound Hall 204', 'E', '');
insert into course (concentration_id, hes_course_id, course_id, course_code, course_title, course_term_id, course_day, course_time, course_type, course_limit, instructor, location, attributes, course_url) values (2, 0, 153, 'MGMTE-4000', 'Organizational Behavior', 4, 'WED', '5:30 - 7:30 pm', 'Web-Conference Course', 30, 'Jennifer Kay Stine', '', 'E', '');
insert into course (concentration_id, hes_course_id, course_id, course_code, course_title, course_term_id, course_day, course_time, course_type, course_limit, instructor, location, attributes, course_url) values (2, 0, 154, 'MGMTE-4000', 'Organizational Behavior', 4, 'THUR', '5:30 - 7:30 pm', 'On Campus Only', 38, 'Jennifer Kay Stine', 'Sever Hall 106', 'E', '');
insert into course (concentration_id, hes_course_id, course_id, course_code, course_title, course_term_id, course_day, course_time, course_type, course_limit, instructor, location, attributes, course_url) values (2, 0, 155, 'MGMTE-4000', 'Organizational Behavior', 4, 'TUES', '5:30 - 7:30 pm', 'Web-Conference Course', 35, 'Carmine P. Gibaldi', '', 'E', '');
insert into course (concentration_id, hes_course_id, course_id, course_code, course_title, course_term_id, course_day, course_time, course_type, course_limit, instructor, location, attributes, course_url) values (2, 0, 156, 'MGMTE-4030', 'Leading through Change', 4, 'TUES', '5:30 - 7:30 pm', 'Online Option', 60, 'Harold V. Langlois & Kathrine Suzanne Livingston', '53 Church Street L01', 'E', '');
insert into course (concentration_id, hes_course_id, course_id, course_code, course_title, course_term_id, course_day, course_time, course_type, course_limit, instructor, location, attributes, course_url) values (2, 0, 157, 'MGMTE-4170', 'Managing Virtual Teams', 4, 'MON', '5:30 - 7:30 pm', 'Web-Conference Course', 38, 'M. Myra S. White', '', 'MGMT,E', '');
insert into course (concentration_id, hes_course_id, course_id, course_code, course_title, course_term_id, course_day, course_time, course_type, course_limit, instructor, location, attributes, course_url) values (2, 0, 158, 'MGMTE-5040', 'Project Management of Information Technology', 4, 'MON', '7:40 - 9:40 pm', 'On Campus Only', 50, 'Jeffrey E. Francis', 'CGIS South S020', 'MGMT,E', '');
insert into course (concentration_id, hes_course_id, course_id, course_code, course_title, course_term_id, course_day, course_time, course_type, course_limit, instructor, location, attributes, course_url) values (2, 0, 159, 'MGMTE-5070', 'Data Mining and Forecast Management', 4, 'TUES', '7:40 - 9:40 pm', 'On Campus Only', 35, 'Philip Anthony Vaccaro', 'Emerson Hall 104', 'SRM,E', '');
insert into course (concentration_id, hes_course_id, course_id, course_code, course_title, course_term_id, course_day, course_time, course_type, course_limit, instructor, location, attributes, course_url) values (2, 0, 160, 'MGMTE-5450', 'Launching an e-Commerce Start-up', 4, 'TUES', '5:30 - 7:30 pm', 'On Campus Only', 30, 'Kishan Mallur', '53 Church Street 201', 'MGMT,E', '');
insert into course (concentration_id, hes_course_id, course_id, course_code, course_title, course_term_id, course_day, course_time, course_type, course_limit, instructor, location, attributes, course_url) values (2, 0, 161, 'CSCIE-15', 'Dynamic Web Applications', 2, 'WED', '5:30 - 7:30 pm', 'Online Option', 0, 'Susan Buck', 'Maxwell-Dworkin G115', 'WP,E', '');
insert into course (concentration_id, hes_course_id, course_id, course_code, course_title, course_term_id, course_day, course_time, course_type, course_limit, instructor, location, attributes, course_url) values (2, 0, 162, 'CSCIE-18', 'Web Development Using XML', 2, 'MON', '7:40 - 9:40 pm', 'Online Option', 0, 'David P. Heitmeyer', '1 Story Street 304', 'WP,E', '');
insert into course (concentration_id, hes_course_id, course_id, course_code, course_title, course_term_id, course_day, course_time, course_type, course_limit, instructor, location, attributes, course_url) values (2, 0, 163, 'CSCIE-26', 'Introduction to C Unix/Linux Programming and Web Interfaces', 2, 'WED', '7:40 - 9:40 pm', 'On Campus Only', 0, 'Bruce Molay', 'Science Center B-10', 'E', '');
insert into course (concentration_id, hes_course_id, course_id, course_code, course_title, course_term_id, course_day, course_time, course_type, course_limit, instructor, location, attributes, course_url) values (2, 0, 164, 'CSCIE-33', 'Programming Microsoft .NET', 2, 'MON', '7:40 - 9:40 pm', 'Online Option', 0, 'David S. Platt', '1 Story Street 307', 'E', '');
insert into course (concentration_id, hes_course_id, course_id, course_code, course_title, course_term_id, course_day, course_time, course_type, course_limit, instructor, location, attributes, course_url) values (2, 0, 165, 'CSCIE-40', 'Communication Protocols and Internet Architectures', 2, 'MON', '5:30 - 7:30 pm', 'Online Option', 0, 'Leonard Evenchik', '53 Church Street L01', 'DCOM,E', '');
insert into course (concentration_id, hes_course_id, course_id, course_code, course_title, course_term_id, course_day, course_time, course_type, course_limit, instructor, location, attributes, course_url) values (2, 0, 166, 'CSCIE-45A', 'Understanding and Securing the Cyber Infrastructure', 2, 'FRI', '5:30 - 7:30 pm', 'Online Option', 0, 'Scott Bradner & Benoit Gaucherin', 'Maxwell-Dworkin G125', 'SRM,E', '');
insert into course (concentration_id, hes_course_id, course_id, course_code, course_title, course_term_id, course_day, course_time, course_type, course_limit, instructor, location, attributes, course_url) values (2, 0, 167, 'CSCIE-55', 'Java for Distributed Computing', 2, 'WED', '7:40 - 9:40 pm', 'Online Option', 0, 'Charles M. Sawyer Jr.', 'Byerly Hall 013', 'DC,E', '');
insert into course (concentration_id, hes_course_id, course_id, course_code, course_title, course_term_id, course_day, course_time, course_type, course_limit, instructor, location, attributes, course_url) values (2, 0, 168, 'CSCIE-56', 'Web Application Development with Groovy and Grails', 2, 'FRI', '5:30 - 7:30 pm', 'Online Option', 0, 'Burt Beckwith', '53 Church Street L01', 'WP,E', '');
insert into course (concentration_id, hes_course_id, course_id, course_code, course_title, course_term_id, course_day, course_time, course_type, course_limit, instructor, location, attributes, course_url) values (2, 0, 169, 'CSCIE-60', 'Developing Web-Based Database Applications', 2, 'MON', '5:30 - 7:30 pm', 'Online Option', 0, 'Maria R. Garcia', '1 Story Street 303', 'DM,E', '');
insert into course (concentration_id, hes_course_id, course_id, course_code, course_title, course_term_id, course_day, course_time, course_type, course_limit, instructor, location, attributes, course_url) values (2, 0, 170, 'CSCIE-61', 'Systems Programming and Machine Organization', 2, '', '', 'Online Only', 0, 'Eddie Kohler', '', 'E', '');
insert into course (concentration_id, hes_course_id, course_id, course_code, course_title, course_term_id, course_day, course_time, course_type, course_limit, instructor, location, attributes, course_url) values (2, 0, 171, 'CSCIE-62', 'Modern Mobile Development', 2, 'TUES', '5:30 - 7:30 pm', 'On Campus Only', 30, 'Edwin Guarin & Robert Familiar', '53 Church Street 203', 'E', '');
insert into course (concentration_id, hes_course_id, course_id, course_code, course_title, course_term_id, course_day, course_time, course_type, course_limit, instructor, location, attributes, course_url) values (2, 0, 172, 'CSCIE-65', 'Building Mobile Apps: A Comparative View of Mobile Application Development', 2, 'FRI', '5:30 - 7:30 pm', 'Online Option', 120, 'Jonathan Levin', 'Maxwell-Dworkin G115', 'E', '');
insert into course (concentration_id, hes_course_id, course_id, course_code, course_title, course_term_id, course_day, course_time, course_type, course_limit, instructor, location, attributes, course_url) values (2, 0, 173, 'CSCIE-90', 'Cloud Computing', 2, 'FRI', '5:30 - 7:30 pm', 'Online Option', 0, 'Zoran B. Djordjevic', '1 Story Street 306', 'DC,E', '');
insert into course (concentration_id, hes_course_id, course_id, course_code, course_title, course_term_id, course_day, course_time, course_type, course_limit, instructor, location, attributes, course_url) values (2, 0, 174, 'CSCIE-95', 'Compiler Design and Implementation', 2, 'TUES', '7:40 - 9:40 pm', 'On Campus Only', 0, 'James L. Frankel', 'Science Center 109', 'E', '');
insert into course (concentration_id, hes_course_id, course_id, course_code, course_title, course_term_id, course_day, course_time, course_type, course_limit, instructor, location, attributes, course_url) values (2, 0, 175, 'CSCIE-97', 'Software Design: Principles Models and Patterns', 2, 'THUR', '7:40 - 9:40 pm', 'Online Option', 0, 'Eric Gieseke', '1 Story Street 304', 'E', '');
insert into course (concentration_id, hes_course_id, course_id, course_code, course_title, course_term_id, course_day, course_time, course_type, course_limit, instructor, location, attributes, course_url) values (2, 0, 176, 'CSCIE-205', 'Computing Foundations for Computational Science', 2, '', '', 'Online Only', 0, 'Cristopher Cecka', '', 'E', '');
insert into course (concentration_id, hes_course_id, course_id, course_code, course_title, course_term_id, course_day, course_time, course_type, course_limit, instructor, location, attributes, course_url) values (2, 0, 177, 'ISMTE-100', 'Information Systems Management', 2, 'MON', '7:40 - 9:40 pm', 'On Campus Only', 50, 'Jeffrey E. Francis', 'CGIS South S020', 'MGMT,E', '');
insert into course (concentration_id, hes_course_id, course_id, course_code, course_title, course_term_id, course_day, course_time, course_type, course_limit, instructor, location, attributes, course_url) values (2, 0, 178, 'ISMTE-130', 'Spreadsheet Models for Managers', 2, 'WED', '7:40 - 9:40 pm', 'Online Option', 0, 'Richard Brenner', '53 Church Street L01', 'E', '');
insert into course (concentration_id, hes_course_id, course_id, course_code, course_title, course_term_id, course_day, course_time, course_type, course_limit, instructor, location, attributes, course_url) values (2, 0, 179, 'ISMTE-150', 'Introduction to GIS', 2, 'THUR', '5:30 - 7:30 pm', 'On Campus Only', 20, 'Wendy Guan', '53 Church Street 201', 'E', '');
insert into course (concentration_id, hes_course_id, course_id, course_code, course_title, course_term_id, course_day, course_time, course_type, course_limit, instructor, location, attributes, course_url) values (2, 0, 180, 'ISMTE-190', 'Enterprise Content Management', 2, 'TUES', '7:40 - 9:40 pm', 'Online Option', 0, 'Richard E. Joltes', 'Byerly Hall 013', 'E', '');
insert into course (concentration_id, hes_course_id, course_id, course_code, course_title, course_term_id, course_day, course_time, course_type, course_limit, instructor, location, attributes, course_url) values (2, 0, 181, 'ISMTE-200', 'Capstone Seminar in Enterprise Systems', 2, 'MON', '7:40 - 9:40 pm', 'On Campus Only', 20, 'Zoya Kinstler & Bob Wittstein', 'Northwest Science Building B104', 'CAP', '');
insert into course (concentration_id, hes_course_id, course_id, course_code, course_title, course_term_id, course_day, course_time, course_type, course_limit, instructor, location, attributes, course_url) values (2, 0, 182, 'MGMTE-1600', 'Managerial Accounting', 2, 'THUR', '7:40 - 9:40 pm', 'Online Option', 70, 'Richard L. Keith', '1 Story Street 306', 'E', '');
insert into course (concentration_id, hes_course_id, course_id, course_code, course_title, course_term_id, course_day, course_time, course_type, course_limit, instructor, location, attributes, course_url) values (2, 0, 183, 'MGMTE-4000', 'Organizational Behavior', 2, 'THUR', '5:30 - 7:30 pm', 'Web-Conference Course', 35, 'Carmine P. Gibaldi', '', 'E', '');
insert into course (concentration_id, hes_course_id, course_id, course_code, course_title, course_term_id, course_day, course_time, course_type, course_limit, instructor, location, attributes, course_url) values (2, 0, 184, 'MGMTE-4000', 'Organizational Behavior', 2, 'WED', '7:40 - 9:40 pm', 'On Campus Only', 38, 'Jane McHan', 'Sever Hall 203', 'E', '');
insert into course (concentration_id, hes_course_id, course_id, course_code, course_title, course_term_id, course_day, course_time, course_type, course_limit, instructor, location, attributes, course_url) values (2, 0, 185, 'MGMTE-4000', 'Organizational Behavior', 2, 'MON', '7:40 - 9:40 pm', 'Web-Conference Course', 40, 'M. Myra S. White', '', 'E', '');
insert into course (concentration_id, hes_course_id, course_id, course_code, course_title, course_term_id, course_day, course_time, course_type, course_limit, instructor, location, attributes, course_url) values (2, 0, 186, 'MGMTE-4000', 'Organizational Behavior', 2, 'TUES', '5:30 - 7:30 pm', 'Web-Conference Course', 35, 'Carmine P. Gibaldi', '', 'E', '');
insert into course (concentration_id, hes_course_id, course_id, course_code, course_title, course_term_id, course_day, course_time, course_type, course_limit, instructor, location, attributes, course_url) values (2, 0, 187, 'MGMTE-4000', 'Organizational Behavior', 2, 'MON', '5:30 - 7:30 pm', 'Web-Conference Course', 30, 'Jennifer Kay Stine', '', 'E', '');
insert into course (concentration_id, hes_course_id, course_id, course_code, course_title, course_term_id, course_day, course_time, course_type, course_limit, instructor, location, attributes, course_url) values (2, 0, 188, 'MGMTE-4160', 'Creating and Leading Team Dynamics', 2, 'TUES', '5:30 - 7:30 pm', 'On Campus Only', 30, 'Harold V. Langlois & Kathrine Suzanne Livingston', 'Sever Hall 206', 'E', '');
insert into course (concentration_id, hes_course_id, course_id, course_code, course_title, course_term_id, course_day, course_time, course_type, course_limit, instructor, location, attributes, course_url) values (2, 0, 189, 'MGMTE-5420', 'Innovation Entrepreneurship and Business Transformation', 2, 'MON', '7:40 - 9:40 pm', 'On Campus Only', 80, 'William L. Wellman & James C. Fitchett', 'Pound Hall 200', 'E', '');
insert into course (concentration_id, hes_course_id, course_id, course_code, course_title, course_term_id, course_day, course_time, course_type, course_limit, instructor, location, attributes, course_url) values (2, 0, 190, 'CSCIS-76', 'Building Mobile Applications', 1, 'MON,WED', '6:30 - 9:30 pm', 'On Campus Only', 30, 'David J. Malan', 'Northwest Science Building B101', 'E', '');
insert into course (concentration_id, hes_course_id, course_id, course_code, course_title, course_term_id, course_day, course_time, course_type, course_limit, instructor, location, attributes, course_url) values (2, 0, 191, 'CSCIS-131B', 'Communication Protocols and Internet Architectures', 1, '', '', 'Online Only', 0, 'Leonard Evenchik', '', 'DCOM,E', '');
insert into course (concentration_id, hes_course_id, course_id, course_code, course_title, course_term_id, course_day, course_time, course_type, course_limit, instructor, location, attributes, course_url) values (2, 0, 192, 'ECONS-1901', 'Managerial Accounting', 1, 'TUES,THUR', '6:30 - 9:30 pm', 'On Campus Only', 0, 'Lynn W. Marples', 'Harvard Hall 103', 'E', '');
insert into course (concentration_id, hes_course_id, course_id, course_code, course_title, course_term_id, course_day, course_time, course_type, course_limit, instructor, location, attributes, course_url) values (2, 0, 193, 'ISMTS-170', 'Human Factors in Information Systems Design', 1, 'TUES,THUR', '6:30 - 9:30 pm', 'On Campus Only', 50, 'Dennis F. Galletta', 'Northwest Science Building B108', 'E', '');
insert into course (concentration_id, hes_course_id, course_id, course_code, course_title, course_term_id, course_day, course_time, course_type, course_limit, instructor, location, attributes, course_url) values (2, 0, 194, 'MGMTS-2800', 'Financial Modeling', 1, 'MON,WED', '8:30 am - 11:30 am', 'On Campus Only', 60, 'Martin K. Konan', 'Sever Hall 102', 'E', '');
insert into course (concentration_id, hes_course_id, course_id, course_code, course_title, course_term_id, course_day, course_time, course_type, course_limit, instructor, location, attributes, course_url) values (2, 0, 195, 'MGMTS-4000', 'Organizational Behavior', 1, 'MON,WED', '6:30 - 9:30 pm', 'On Campus Only', 45, 'Barbara Zepp Larson', 'Sever Hall 203', 'E', '');
insert into course (concentration_id, hes_course_id, course_id, course_code, course_title, course_term_id, course_day, course_time, course_type, course_limit, instructor, location, attributes, course_url) values (2, 0, 196, 'MGMTS-4000', 'Organizational Behavior', 1, 'MON,WED', '3:15 - 6:15 pm', 'Web-Conference Course', 40, 'Carmine P. Gibaldi', '', 'E', '');
insert into course (concentration_id, hes_course_id, course_id, course_code, course_title, course_term_id, course_day, course_time, course_type, course_limit, instructor, location, attributes, course_url) values (2, 0, 197, 'MGMTS-5000', 'Strategic Management', 1, 'MON,WED', '8:30 am - 11:30 am', 'On Campus Only', 50, 'Mohsin Habib', 'CGIS South S020', 'E', '');
insert into course (concentration_id, hes_course_id, course_id, course_code, course_title, course_term_id, course_day, course_time, course_type, course_limit, instructor, location, attributes, course_url) values (2, 0, 198, 'MGMTS-5000', 'Strategic Management', 1, 'MON,WED', '6:30 - 9:30 pm', 'On Campus Only', 50, 'Jorge Tarzijan', 'Harvard Hall 102', 'E', '');
insert into course (concentration_id, hes_course_id, course_id, course_code, course_title, course_term_id, course_day, course_time, course_type, course_limit, instructor, location, attributes, course_url) values (2, 0, 199, 'MGMTS-5010', 'Electronic Commerce Strategies', 1, 'TUES,THUR', '12 - 3 pm', 'On Campus Only', 40, 'Dennis F. Galletta', '1 Story Street 304', 'E', '');
insert into course (concentration_id, hes_course_id, course_id, course_code, course_title, course_term_id, course_day, course_time, course_type, course_limit, instructor, location, attributes, course_url) values (2, 0, 200, 'MGMTS-5012', 'Systems Thinking', 1, 'TUES,THUR', '6:30 - 9:30 pm', 'On Campus Only', 60, 'Mark Esposito', 'Emerson Hall 210', 'E', '');
insert into course (concentration_id, hes_course_id, course_id, course_code, course_title, course_term_id, course_day, course_time, course_type, course_limit, instructor, location, attributes, course_url) values (2, 0, 201, 'MGMTS-5016', 'Management of Technology and Innovation', 1, 'MON,WED', '12 - 3 pm', 'On Campus Only', 60, 'Cherian S. Thachenkary', 'Sever Hall 102', 'E', '');
insert into course (concentration_id, hes_course_id, course_id, course_code, course_title, course_term_id, course_day, course_time, course_type, course_limit, instructor, location, attributes, course_url) values (2, 0, 202, 'MGMTS-5034', 'Introduction to Decision and Operations Analysis', 1, 'MON,WED', '3:15 - 6:15 pm', 'On Campus Only', 60, 'Cherian S. Thachenkary', 'Sever Hall 102', 'E', '');
insert into course (concentration_id, hes_course_id, course_id, course_code, course_title, course_term_id, course_day, course_time, course_type, course_limit, instructor, location, attributes, course_url) values (2, 0, 203, 'MGMTS-5035', 'Cross-Border Innovation', 1, 'TUES,THUR', '6:30 - 9:30 pm', 'On Campus Only', 55, 'Iris Berdrow', 'Northwest Science Building B101', 'E', '');
insert into course (concentration_id, hes_course_id, course_id, course_code, course_title, course_term_id, course_day, course_time, course_type, course_limit, instructor, location, attributes, course_url) values (2, 0, 204, 'STATS-102', 'Fundamentals of Biostatistics', 1, 'TUES,THUR', '3:15 - 6:15 pm', 'On Campus Only', 0, 'Bernard A. Rosner & Robert J. Glynn', 'Harvard Hall 103', 'E', '');
insert into course (concentration_id, hes_course_id, course_id, course_code, course_title, course_term_id, course_day, course_time, course_type, course_limit, instructor, location, attributes, course_url) values (2, 0, 205, 'STATS-107', 'Introduction to Financial Statistics', 1, 'TUES,THUR', '8:30 am - 11:30 am', 'On Campus Only', 0, 'Michael I. Parzen', '1 Story Street 304', 'E', '');
insert into course (concentration_id, hes_course_id, course_id, course_code, course_title, course_term_id, course_day, course_time, course_type, course_limit, instructor, location, attributes, course_url) values (2, 14291, 206, 'CSCIE-15', 'Dynamic Web Applications', 6, 'THUR', '5:30 - 7:30 pm', 'Online Option', 0, 'Susan Buck', 'Maxwell-Dworkin G115', 'WP,E', 'http://www.extension.harvard.edu/courses/14291');
insert into course (concentration_id, hes_course_id, course_id, course_code, course_title, course_term_id, course_day, course_time, course_type, course_limit, instructor, location, attributes, course_url) values (2, 14297, 207, 'CSCIE-18', 'Web Development Using XML', 6, 'MON', '7:40 - 9:40 pm', 'Online Option', 0, 'David P. Heitmeyer', '1 Story Street 306', 'WP,E', 'http://www.extension.harvard.edu/courses/14297');
insert into course (concentration_id, hes_course_id, course_id, course_code, course_title, course_term_id, course_day, course_time, course_type, course_limit, instructor, location, attributes, course_url) values (2, 14294, 208, 'CSCIE-26', 'Introduction to C Unix/Linux Programming and Web Interfaces', 6, 'WED', '7:40 - 9:40 pm', 'On Campus Only', 0, 'Bruce Molay', 'Science Center B-10', 'E', 'http://www.extension.harvard.edu/courses/14294');
insert into course (concentration_id, hes_course_id, course_id, course_code, course_title, course_term_id, course_day, course_time, course_type, course_limit, instructor, location, attributes, course_url) values (2, 14310, 209, 'CSCIE-33', 'Programming Microsoft .NET', 6, 'TUES', '7:40 - 9:40 pm', 'Online Option', 0, 'David S. Platt', '53 Church Street L01', 'E', 'http://www.extension.harvard.edu/courses/14310');
insert into course (concentration_id, hes_course_id, course_id, course_code, course_title, course_term_id, course_day, course_time, course_type, course_limit, instructor, location, attributes, course_url) values (2, 14557, 210, 'CSCIE-34', 'User Experience Engineering', 6, 'MON', '7:40 - 9:40 pm', 'Online Option', 0, 'David S. Platt', 'Maxwell-Dworkin G125', 'E', 'http://www.extension.harvard.edu/courses/14557');
insert into course (concentration_id, hes_course_id, course_id, course_code, course_title, course_term_id, course_day, course_time, course_type, course_limit, instructor, location, attributes, course_url) values (2, 14296, 211, 'CSCIE-40', 'Communication Protocols and Internet Architectures', 6, 'MON', '5:30 - 7:30 pm', 'Online Option', 0, 'Leonard Evenchik', '53 Church Street L01', 'DCOM,E', 'http://www.extension.harvard.edu/courses/14296');
insert into course (concentration_id, hes_course_id, course_id, course_code, course_title, course_term_id, course_day, course_time, course_type, course_limit, instructor, location, attributes, course_url) values (2, 14299, 212, 'CSCIE-45A', 'The Cyber World: Hardware Software Networks Security and Management', 6, 'FRI', '5:30 - 7:30 pm', 'Online Option', 0, 'Scott Bradner & Benoit Gaucherin', 'Maxwell-Dworkin G125', 'SRM,E', 'http://www.extension.harvard.edu/courses/14299');
insert into course (concentration_id, hes_course_id, course_id, course_code, course_title, course_term_id, course_day, course_time, course_type, course_limit, instructor, location, attributes, course_url) values (2, 14298, 213, 'CSCIE-55', 'Java for Distributed Computing', 6, 'WED', '7:40 - 9:40 pm', 'Online Option', 0, 'Charles M. Sawyer Jr.', 'Byerly Hall 013', 'DC,E', 'http://www.extension.harvard.edu/courses/14298');
insert into course (concentration_id, hes_course_id, course_id, course_code, course_title, course_term_id, course_day, course_time, course_type, course_limit, instructor, location, attributes, course_url) values (2, 14325, 214, 'CSCIE-56', 'Web Application Development with Groovy and Grails', 6, 'WED', '5:30 - 7:30 pm', 'Online Option', 0, 'Burt Beckwith', '53 Church Street L01', 'WP,E', 'http://www.extension.harvard.edu/courses/14325');
insert into course (concentration_id, hes_course_id, course_id, course_code, course_title, course_term_id, course_day, course_time, course_type, course_limit, instructor, location, attributes, course_url) values (2, 14307, 215, 'CSCIE-60', 'Developing Web-Based Database Applications', 6, 'WED', '5:30 - 7:30 pm', 'Online Option', 0, 'Maria R. Garcia Altobello', 'Maxwell-Dworkin G125', 'DM,E', 'http://www.extension.harvard.edu/courses/14307');
insert into course (concentration_id, hes_course_id, course_id, course_code, course_title, course_term_id, course_day, course_time, course_type, course_limit, instructor, location, attributes, course_url) values (2, 13836, 216, 'CSCIE-61', 'Systems Programming and Machine Organization', 6, '', '', 'Online Only', 0, 'Eddie Kohler', '', 'E', 'http://www.extension.harvard.edu/courses/13836');
insert into course (concentration_id, hes_course_id, course_id, course_code, course_title, course_term_id, course_day, course_time, course_type, course_limit, instructor, location, attributes, course_url) values (2, 14300, 217, 'CSCIE-90', 'Cloud Computing', 6, 'FRI', '5:30 - 7:30 pm', 'Online Option', 0, 'Zoran B. Djordjevic', '1 Story Street 306', 'DC,E', 'http://www.extension.harvard.edu/courses/14300');
insert into course (concentration_id, hes_course_id, course_id, course_code, course_title, course_term_id, course_day, course_time, course_type, course_limit, instructor, location, attributes, course_url) values (2, 14306, 218, 'CSCIE-97', 'Software Design: Principles Models and Patterns', 6, 'THUR', '7:40 - 9:40 pm', 'Online Option', 0, 'Eric Gieseke', '1 Story Street 304', 'E', 'http://www.extension.harvard.edu/courses/14306');
insert into course (concentration_id, hes_course_id, course_id, course_code, course_title, course_term_id, course_day, course_time, course_type, course_limit, instructor, location, attributes, course_url) values (2, 12528, 219, 'ISMTE-100', 'Information Systems Management', 6, 'MON', '7:40 - 9:40 pm', 'On Campus Only', 50, 'Jeffrey E. Francis', 'CGIS South S020', 'MGMT,E', 'http://www.extension.harvard.edu/courses/12528');
insert into course (concentration_id, hes_course_id, course_id, course_code, course_title, course_term_id, course_day, course_time, course_type, course_limit, instructor, location, attributes, course_url) values (2, 12917, 220, 'ISMTE-150', 'Introduction to GIS', 6, 'THUR', '5:30 - 7:30 pm', 'Web-Conference Course', 20, 'Wendy Guan', '', 'E', 'http://www.extension.harvard.edu/courses/12917');
insert into course (concentration_id, hes_course_id, course_id, course_code, course_title, course_term_id, course_day, course_time, course_type, course_limit, instructor, location, attributes, course_url) values (2, 14206, 221, 'ISMTE-190', 'Enterprise Content Management', 6, 'WED', '7:40 - 9:40 pm', 'Online Option', 0, 'Richard E. Joltes', 'Maxwell-Dworkin G125', 'E', 'http://www.extension.harvard.edu/courses/14206');
insert into course (concentration_id, hes_course_id, course_id, course_code, course_title, course_term_id, course_day, course_time, course_type, course_limit, instructor, location, attributes, course_url) values (2, 13043, 222, 'ISMTE-200', 'Capstone Seminar in Enterprise Systems', 6, 'MON', '7:40 - 9:40 pm', 'On Campus Only', 20, 'Zoya Kinstler & Bob Wittstein', 'Northwest Science Building B104', 'CAP', 'http://www.extension.harvard.edu/courses/13043');
insert into course (concentration_id, hes_course_id, course_id, course_code, course_title, course_term_id, course_day, course_time, course_type, course_limit, instructor, location, attributes, course_url) values (2, 13341, 223, 'MGMTE-1600', 'Managerial Accounting', 6, 'THUR', '5:30 - 7:30 pm', 'Online Option', 70, 'Richard L. Keith', '1 Story Street 304', 'E', 'http://www.extension.harvard.edu/courses/13341');
insert into course (concentration_id, hes_course_id, course_id, course_code, course_title, course_term_id, course_day, course_time, course_type, course_limit, instructor, location, attributes, course_url) values (2, 14529, 224, 'MGMTE-4000', 'Hybrid: Organizational Behavior', 6, 'TUES', '5:30 - 7:30 pm', 'Hybrid', 35, 'Carmine P. Gibaldi', 'One Brattle Square 201', 'E', 'http://www.extension.harvard.edu/courses/14529');
insert into course (concentration_id, hes_course_id, course_id, course_code, course_title, course_term_id, course_day, course_time, course_type, course_limit, instructor, location, attributes, course_url) values (2, 13371, 225, 'MGMTE-4000', 'Organizational Behavior', 6, 'THUR', '5:30 - 7:30 pm', 'Web-Conference Course', 35, 'Carmine P. Gibaldi', '', 'E', 'http://www.extension.harvard.edu/courses/13371');
insert into course (concentration_id, hes_course_id, course_id, course_code, course_title, course_term_id, course_day, course_time, course_type, course_limit, instructor, location, attributes, course_url) values (2, 14515, 226, 'MGMTE-4000', 'Organizational Behavior', 6, 'MON', '5:30 - 7:30 pm', 'On Campus Only', 38, 'Lisa Rohrer', 'Sever Hall 102', 'E', 'http://www.extension.harvard.edu/courses/14515');
insert into course (concentration_id, hes_course_id, course_id, course_code, course_title, course_term_id, course_day, course_time, course_type, course_limit, instructor, location, attributes, course_url) values (2, 14367, 227, 'MGMTE-4000', 'Organizational Behavior', 6, 'WED', '5:30 - 7:30 pm', 'Web-Conference Course', 40, 'Jennifer Kay Stine', '', 'E', 'http://www.extension.harvard.edu/courses/14367');
insert into course (concentration_id, hes_course_id, course_id, course_code, course_title, course_term_id, course_day, course_time, course_type, course_limit, instructor, location, attributes, course_url) values (2, 13813, 228, 'MGMTE-4000', 'Organizational Behavior', 6, 'MON', '7:40 - 9:40 pm', 'Web-Conference Course', 40, 'M. Myra S. White', '', 'E', 'http://www.extension.harvard.edu/courses/13813');
insert into course (concentration_id, hes_course_id, course_id, course_code, course_title, course_term_id, course_day, course_time, course_type, course_limit, instructor, location, attributes, course_url) values (2, 13375, 229, 'MGMTE-4160', 'Creating and Leading Team Dynamics', 6, 'TUES', '5:30 - 7:30 pm', 'On Campus Only', 30, 'Harold V. Langlois & Kathrine Suzanne Livingston', 'Sever Hall 206', 'E', 'http://www.extension.harvard.edu/courses/13375');
insert into course (concentration_id, hes_course_id, course_id, course_code, course_title, course_term_id, course_day, course_time, course_type, course_limit, instructor, location, attributes, course_url) values (2, 13355, 230, 'MGMTE-5420', 'Innovation Entrepreneurship and Business Transformation', 6, 'MON', '7:40 - 9:40 pm', 'On Campus Only', 80, 'William L. Wellman & James C. Fitchett', 'Harvard Hall 102', 'E', 'http://www.extension.harvard.edu/courses/13355');
insert into course (concentration_id, hes_course_id, course_id, course_code, course_title, course_term_id, course_day, course_time, course_type, course_limit, instructor, location, attributes, course_url) values (2, 14574, 231, 'STATE-100', 'Introduction to Quantitative Methods for the Social Sciences and Humanities', 6, '', '', 'Online Only', 0, 'Luke Miratrix', '', 'E', 'http://www.extension.harvard.edu/courses/14574');
insert into course (concentration_id, hes_course_id, course_id, course_code, course_title, course_term_id, course_day, course_time, course_type, course_limit, instructor, location, attributes, course_url) values (2, 14527, 232, 'STATE-104', 'Introduction to Quantitative Methods for Economics and Other Quantitative Fields', 6, '', '', 'Online Only', 0, 'Michael I. Parzen', '', 'E', 'http://www.extension.harvard.edu/courses/14527');
insert into course (concentration_id, hes_course_id, course_id, course_code, course_title, course_term_id, course_day, course_time, course_type, course_limit, instructor, location, attributes, course_url) values (2, 14567, 233, 'STATE-150', 'Statistical Methods', 6, 'TUES', '7:40 - 9:40 pm', 'On Campus Only', 0, 'Jenny Gutbezahl', 'Harvard Hall 201', 'E', 'http://www.extension.harvard.edu/courses/14567');
insert into course (concentration_id, hes_course_id, course_id, course_code, course_title, course_term_id, course_day, course_time, course_type, course_limit, instructor, location, attributes, course_url) values (2, 24269, 234, 'DGMDE-27', 'Beyond the Basics of Front-End Web Design', 7, 'MON,TUES,WED,THUR', '9 am - 12 pm', 'On Campus Only', 30, 'Jennifer A. Kramer', '53 Church Street 104', 'WP,E', 'http://www.extension.harvard.edu/courses/24269');
insert into course (concentration_id, hes_course_id, course_id, course_code, course_title, course_term_id, course_day, course_time, course_type, course_limit, instructor, location, attributes, course_url) values (2, 23468, 235, 'MGMTE-5050', 'Strategic Resource Allocation and Planning', 7, 'MON,TUES,WED,THUR', '6 - 9:30 pm', 'On Campus Only', 35, 'Philip Anthony Vaccaro', 'Emerson Hall 104', 'SRM,E', 'http://www.extension.harvard.edu/courses/23468');
insert into course (concentration_id, hes_course_id, course_id, course_code, course_title, course_term_id, course_day, course_time, course_type, course_limit, instructor, location, attributes, course_url) values (2, 24031, 236, 'CSCIE-8', 'Web GIS: Principles and Applications', 8, 'THUR', '7:40 - 9:40 pm', 'Web-Conference Course', 50, 'Pinde Fu', '', 'E', 'http://www.extension.harvard.edu/courses/24031');
insert into course (concentration_id, hes_course_id, course_id, course_code, course_title, course_term_id, course_day, course_time, course_type, course_limit, instructor, location, attributes, course_url) values (2, 21144, 237, 'CSCIE-12', 'Fundamentals of Website Development', 8, 'TUES', '7:40 - 9:40 pm', 'Online Option', 0, 'David P. Heitmeyer', 'Maxwell-Dworkin G115', 'WP,E', 'http://www.extension.harvard.edu/courses/21144');
insert into course (concentration_id, hes_course_id, course_id, course_code, course_title, course_term_id, course_day, course_time, course_type, course_limit, instructor, location, attributes, course_url) values (2, 24035, 238, 'CSCIE-17', 'Medical Informatics', 8, 'THUR', '5:30 - 7:30 pm', 'Online Option', 0, 'Oleg Pianykh', '1 Story Street 307', 'MGMT,E', 'http://www.extension.harvard.edu/courses/24035');
insert into course (concentration_id, hes_course_id, course_id, course_code, course_title, course_term_id, course_day, course_time, course_type, course_limit, instructor, location, attributes, course_url) values (2, 24033, 239, 'CSCIE-40', 'Communication Protocols and Internet Architectures', 8, '', '', 'Online Only', 0, 'Leonard Evenchik', '', 'DCOM,E', 'http://www.extension.harvard.edu/courses/24033');
insert into course (concentration_id, hes_course_id, course_id, course_code, course_title, course_term_id, course_day, course_time, course_type, course_limit, instructor, location, attributes, course_url) values (2, 24037, 240, 'CSCIE-45B', 'The Cyber World: Governance Threats Conflict Privacy Identity and Commerce', 8, 'FRI', '5:30 - 7:30 pm', 'Online Option', 0, 'Scott Bradner & Benoit Gaucherin', 'Maxwell-Dworkin G125', 'SRM,E', 'http://www.extension.harvard.edu/courses/24037');
insert into course (concentration_id, hes_course_id, course_id, course_code, course_title, course_term_id, course_day, course_time, course_type, course_limit, instructor, location, attributes, course_url) values (2, 24036, 241, 'CSCIE-55', 'Java for Distributed Computing', 8, '', '', 'Online Only', 0, 'Charles M. Sawyer Jr.', '', 'DC,E', 'http://www.extension.harvard.edu/courses/24036');
insert into course (concentration_id, hes_course_id, course_id, course_code, course_title, course_term_id, course_day, course_time, course_type, course_limit, instructor, location, attributes, course_url) values (2, 24038, 242, 'CSCIE-63', 'Big Data Analytics', 8, 'FRI', '5:30 - 7:30 pm', 'Online Option', 0, 'Zoran B. Djordjevic', '1 Story Street 306', 'E', 'http://www.extension.harvard.edu/courses/24038');
insert into course (concentration_id, hes_course_id, course_id, course_code, course_title, course_term_id, course_day, course_time, course_type, course_limit, instructor, location, attributes, course_url) values (2, 24046, 243, 'CSCIE-66', 'Database Systems', 8, 'WED', '7:40 - 9:40 pm', 'Online Option', 0, 'David G. Sullivan', '1 Story Street 306', 'DM,E', 'http://www.extension.harvard.edu/courses/24046');
insert into course (concentration_id, hes_course_id, course_id, course_code, course_title, course_term_id, course_day, course_time, course_type, course_limit, instructor, location, attributes, course_url) values (2, 24045, 244, 'CSCIE-67', 'Oracle Database Administration', 8, 'TUES', '5:30 - 7:30 pm', 'Online Option', 0, 'Patrick McGowan', 'Maxwell-Dworkin G125', 'DM,E', 'http://www.extension.harvard.edu/courses/24045');
insert into course (concentration_id, hes_course_id, course_id, course_code, course_title, course_term_id, course_day, course_time, course_type, course_limit, instructor, location, attributes, course_url) values (2, 24207, 245, 'CSCIE-95', 'Compiler Design and Implementation', 8, 'TUES', '7:40 - 9:40 pm', 'Online Option', 40, 'James L. Frankel', '1 Story Street 307', 'E', 'http://www.extension.harvard.edu/courses/24207');
insert into course (concentration_id, hes_course_id, course_id, course_code, course_title, course_term_id, course_day, course_time, course_type, course_limit, instructor, location, attributes, course_url) values (2, 24028, 246, 'CSCIE-171', 'Visualization', 8, '', '', 'Online Only', 0, 'Alexander Lex', '', 'E', 'http://www.extension.harvard.edu/courses/24028');
insert into course (concentration_id, hes_course_id, course_id, course_code, course_title, course_term_id, course_day, course_time, course_type, course_limit, instructor, location, attributes, course_url) values (2, 23816, 247, 'CSCIE-186', 'Economics and Computation', 8, '', '', 'Online Only', 0, 'David C. Parkes', '', 'E', 'http://www.extension.harvard.edu/courses/23816');
insert into course (concentration_id, hes_course_id, course_id, course_code, course_title, course_term_id, course_day, course_time, course_type, course_limit, instructor, location, attributes, course_url) values (2, 24048, 248, 'DGMDE-25', 'Introduction to Web Content Management Systems Site Development', 8, '', '', 'Online Only', 0, 'Jennifer A. Kramer', '', 'E', 'http://www.extension.harvard.edu/courses/24048');
insert into course (concentration_id, hes_course_id, course_id, course_code, course_title, course_term_id, course_day, course_time, course_type, course_limit, instructor, location, attributes, course_url) values (2, 24013, 249, 'ENSCE-105', 'Engineering Innovation with Information Technology', 8, 'WED', '7:40 - 9:40 pm', 'Web-Conference Course', 40, 'Wego Wang', '', 'E', 'http://www.extension.harvard.edu/courses/24013');
insert into course (concentration_id, hes_course_id, course_id, course_code, course_title, course_term_id, course_day, course_time, course_type, course_limit, instructor, location, attributes, course_url) values (2, 24313, 250, 'ISMTE-155', 'Geographic Communication Today', 8, 'MON', '5:30 - 7:30 pm', 'Web-Conference Course', 30, 'Jeff Blossom', '', 'E', 'http://www.extension.harvard.edu/courses/24313');
insert into course (concentration_id, hes_course_id, course_id, course_code, course_title, course_term_id, course_day, course_time, course_type, course_limit, instructor, location, attributes, course_url) values (2, 24279, 251, 'ISMTE-170', 'Human Factors in Information Systems Design', 8, 'MON', '7:40 - 9:40 pm', 'Web-Conference Course', 35, 'Dennis F. Galletta', '', 'E', 'http://www.extension.harvard.edu/courses/24279');
insert into course (concentration_id, hes_course_id, course_id, course_code, course_title, course_term_id, course_day, course_time, course_type, course_limit, instructor, location, attributes, course_url) values (2, 23849, 252, 'ISMTE-180', 'Building and Managing Business Intelligence Systems', 8, 'TUES', '5:30 - 7:30 pm', 'On Campus Only', 24, 'Basem A Neseim', 'Northwest Science Building B108', 'E', 'http://www.extension.harvard.edu/courses/23849');
insert into course (concentration_id, hes_course_id, course_id, course_code, course_title, course_term_id, course_day, course_time, course_type, course_limit, instructor, location, attributes, course_url) values (2, 22365, 253, 'ISMTE-200', 'Capstone Seminar in Enterprise Systems', 8, 'MON', '7:40 - 9:40 pm', 'On Campus Only', 20, 'Zoya Kinstler & Bob Wittstein', 'Northwest Science Building B104', 'CAP', 'http://www.extension.harvard.edu/courses/22365');
insert into course (concentration_id, hes_course_id, course_id, course_code, course_title, course_term_id, course_day, course_time, course_type, course_limit, instructor, location, attributes, course_url) values (2, 24271, 254, 'ISMTE-200A', 'Hybrid: Online Capstone Seminar in Information Systems', 8, 'TUES', '5:30 - 7:30 pm', 'Hybrid', 20, 'Richard E. Joltes', '', 'CAP', 'http://www.extension.harvard.edu/courses/24271');
insert into course (concentration_id, hes_course_id, course_id, course_code, course_title, course_term_id, course_day, course_time, course_type, course_limit, instructor, location, attributes, course_url) values (2, 23198, 255, 'MGMTE-1600', 'Managerial Accounting', 8, 'THUR', '7:40 - 9:40 pm', 'Online Option', 70, 'Richard L. Keith', '1 Story Street 306', 'E', 'http://www.extension.harvard.edu/courses/23198');
insert into course (concentration_id, hes_course_id, course_id, course_code, course_title, course_term_id, course_day, course_time, course_type, course_limit, instructor, location, attributes, course_url) values (2, 24227, 256, 'MGMTE-4000', 'Hybrid: Organizational Behavior', 8, 'TUES', '5:30 - 7:30 pm', 'Hybrid', 35, 'Carmine P. Gibaldi', '', 'E', 'http://www.extension.harvard.edu/courses/24227');
insert into course (concentration_id, hes_course_id, course_id, course_code, course_title, course_term_id, course_day, course_time, course_type, course_limit, instructor, location, attributes, course_url) values (2, 23219, 257, 'MGMTE-4000', 'Organizational Behavior', 8, 'THUR', '5:30 - 7:30 pm', 'Web-Conference Course', 35, 'Carmine P. Gibaldi', '', 'E', 'http://www.extension.harvard.edu/courses/23219');
insert into course (concentration_id, hes_course_id, course_id, course_code, course_title, course_term_id, course_day, course_time, course_type, course_limit, instructor, location, attributes, course_url) values (2, 23220, 258, 'MGMTE-4000', 'Organizational Behavior', 8, 'MON', '7:40 - 9:40 pm', 'On Campus Only', 38, 'Ellen Harris', 'Northwest Science Building B101', 'E', 'http://www.extension.harvard.edu/courses/23220');
insert into course (concentration_id, hes_course_id, course_id, course_code, course_title, course_term_id, course_day, course_time, course_type, course_limit, instructor, location, attributes, course_url) values (2, 23678, 259, 'MGMTE-4000', 'Organizational Behavior', 8, 'WED', '5:30 - 7:30 pm', 'Web-Conference Course', 40, 'Jennifer Kay Stine', '', 'E', 'http://www.extension.harvard.edu/courses/23678');
insert into course (concentration_id, hes_course_id, course_id, course_code, course_title, course_term_id, course_day, course_time, course_type, course_limit, instructor, location, attributes, course_url) values (2, 23860, 260, 'MGMTE-4030', 'Leading through Change', 8, 'TUES', '5:30 - 7:30 pm', 'Online Option', 60, 'Harold V. Langlois & Kathrine Suzanne Livingston', 'One Brattle Square 202', 'E', 'http://www.extension.harvard.edu/courses/23860');
insert into course (concentration_id, hes_course_id, course_id, course_code, course_title, course_term_id, course_day, course_time, course_type, course_limit, instructor, location, attributes, course_url) values (2, 23674, 261, 'MGMTE-4170', 'Managing Virtual Teams', 8, 'MON', '7:40 - 9:40 pm', 'Web-Conference Course', 38, 'M. Myra S. White', '', 'MGMT,E', 'http://www.extension.harvard.edu/courses/23674');
insert into course (concentration_id, hes_course_id, course_id, course_code, course_title, course_term_id, course_day, course_time, course_type, course_limit, instructor, location, attributes, course_url) values (2, 23854, 262, 'MGMTE-5040', 'Project Management of Information Technology', 8, 'MON', '7:40 - 9:40 pm', 'On Campus Only', 50, 'Jeffrey E. Francis', 'CGIS South S020', 'MGMT,E', 'http://www.extension.harvard.edu/courses/23854');
insert into course (concentration_id, hes_course_id, course_id, course_code, course_title, course_term_id, course_day, course_time, course_type, course_limit, instructor, location, attributes, course_url) values (2, 23274, 263, 'MGMTE-5070', 'Data Mining and Forecast Management', 8, 'TUES', '7:40 - 9:40 pm', 'On Campus Only', 35, 'Philip Anthony Vaccaro', 'Emerson Hall 104', 'SRM,E', 'http://www.extension.harvard.edu/courses/23274');
insert into course (concentration_id, hes_course_id, course_id, course_code, course_title, course_term_id, course_day, course_time, course_type, course_limit, instructor, location, attributes, course_url) values (2, 23290, 264, 'MGMTE-5450', 'Launching an e-Commerce Start-up', 8, 'WED', '5:30 - 7:30 pm', 'On Campus Only', 30, 'Kishan Mallur', 'Sever Hall 106', 'MGMT,E', 'http://www.extension.harvard.edu/courses/23290');
insert into course (concentration_id, hes_course_id, course_id, course_code, course_title, course_term_id, course_day, course_time, course_type, course_limit, instructor, location, attributes, course_url) values (2, 24277, 265, 'STATE-101', 'Introduction to Statistics for the Behavioral Sciences', 8, '', '', 'Online Only', 0, 'Max Krasnow', '', 'E', 'http://www.extension.harvard.edu/courses/24277');
insert into course (concentration_id, hes_course_id, course_id, course_code, course_title, course_term_id, course_day, course_time, course_type, course_limit, instructor, location, attributes, course_url) values (2, 23171, 266, 'STATE-102', 'Fundamentals of Biostatistics', 8, 'TUES', '5:30 - 7:30 pm', 'On Campus Only', 0, 'Bernard A. Rosner', 'Sever Hall 113', 'E', 'http://www.extension.harvard.edu/courses/23171');
insert into course (concentration_id, hes_course_id, course_id, course_code, course_title, course_term_id, course_day, course_time, course_type, course_limit, instructor, location, attributes, course_url) values (2, 23445, 267, 'STATE-150', 'Statistical Methods', 8, 'WED', '5:30 - 7:30 pm', 'Online Option', 0, 'Stephanie McMains', 'Science Center Hall A', 'E', 'http://www.extension.harvard.edu/courses/23445');
insert into course (concentration_id, hes_course_id, course_id, course_code, course_title, course_term_id, course_day, course_time, course_type, course_limit, instructor, location, attributes, course_url) values (2, 33214, 268, 'CSCIS-15', 'Dynamic Web Applications', 5, 'TUES,THUR', '6:30 - 9:30 pm', 'On Campus Only', 0, 'Susan Buck', 'Northwest Science Building B103', 'WP,E', 'http://www.summer.harvard.edu/courses/33214');
insert into course (concentration_id, hes_course_id, course_id, course_code, course_title, course_term_id, course_day, course_time, course_type, course_limit, instructor, location, attributes, course_url) values (2, 33106, 269, 'CSCIS-40', 'Communication Protocols and Internet Architectures', 5, '', '', 'Online Only', 0, 'Leonard Evenchik', '', 'DCOM,E', 'http://www.summer.harvard.edu/courses/33106');
insert into course (concentration_id, hes_course_id, course_id, course_code, course_title, course_term_id, course_day, course_time, course_type, course_limit, instructor, location, attributes, course_url) values (2, 30073, 270, 'ECONS-1901', 'Managerial Accounting', 5, 'TUES,THUR', '6:30 - 9:30 pm', 'On Campus Only', 0, 'Lynn W. Marples', 'Sever Hall 102', 'E', 'http://www.summer.harvard.edu/courses/30073');
insert into course (concentration_id, hes_course_id, course_id, course_code, course_title, course_term_id, course_day, course_time, course_type, course_limit, instructor, location, attributes, course_url) values (2, 32596, 271, 'ISMTS-170', 'Human Factors in Information Systems Design', 5, 'TUES,THUR', '6:30 - 9:30 pm', 'On Campus Only', 44, 'Dennis F. Galletta', 'Northwest Science Building B108', 'E', 'http://www.summer.harvard.edu/courses/32596');
insert into course (concentration_id, hes_course_id, course_id, course_code, course_title, course_term_id, course_day, course_time, course_type, course_limit, instructor, location, attributes, course_url) values (2, 33055, 272, 'MGMTS-4000', 'Organizational Behavior', 5, 'TUES,THUR', '3:15 - 6:15 pm', 'Web-Conference Course', 35, 'Carmine P. Gibaldi', '', 'E', 'http://www.summer.harvard.edu/courses/33055');
insert into course (concentration_id, hes_course_id, course_id, course_code, course_title, course_term_id, course_day, course_time, course_type, course_limit, instructor, location, attributes, course_url) values (2, 33213, 273, 'MGMTS-4000', 'Organizational Behavior', 5, 'MON,WED', '3:15 - 6:15 pm', 'On Campus Only', 35, 'Jennifer Kay Stine', 'Sever Hall 203', 'E', 'http://www.summer.harvard.edu/courses/33213');
insert into course (concentration_id, hes_course_id, course_id, course_code, course_title, course_term_id, course_day, course_time, course_type, course_limit, instructor, location, attributes, course_url) values (2, 32577, 274, 'MGMTS-5010', 'Electronic Commerce Strategies', 5, 'TUES,THUR', '12 - 3 pm', 'On Campus Only', 40, 'Dennis F. Galletta', 'Northwest Science Building B108', 'E', 'http://www.summer.harvard.edu/courses/32577');
insert into course (concentration_id, hes_course_id, course_id, course_code, course_title, course_term_id, course_day, course_time, course_type, course_limit, instructor, location, attributes, course_url) values (2, 32692, 275, 'MGMTS-5012', 'Systems Thinking: Navigating through Organizational Complexity', 5, 'TUES,THUR', '6:30 - 9:30 pm', 'On Campus Only', 60, 'Mark Esposito', 'Emerson Hall 108', 'E', 'http://www.summer.harvard.edu/courses/32692');
insert into course (concentration_id, hes_course_id, course_id, course_code, course_title, course_term_id, course_day, course_time, course_type, course_limit, instructor, location, attributes, course_url) values (2, 33042, 276, 'MGMTS-5016', 'Management of Technology and Innovation', 5, 'MON,WED', '12 - 3 pm', 'On Campus Only', 50, 'Cherian S. Thachenkary', 'Sever Hall 102', 'E', 'http://www.summer.harvard.edu/courses/33042');
insert into course (concentration_id, hes_course_id, course_id, course_code, course_title, course_term_id, course_day, course_time, course_type, course_limit, instructor, location, attributes, course_url) values (2, 33041, 277, 'MGMTS-5034', 'Introduction to Decision and Operations Analysis', 5, 'MON,WED', '3:15 - 6:15 pm', 'On Campus Only', 50, 'Cherian S. Thachenkary', 'Sever Hall 102', 'E', 'http://www.summer.harvard.edu/courses/33041');
insert into course (concentration_id, hes_course_id, course_id, course_code, course_title, course_term_id, course_day, course_time, course_type, course_limit, instructor, location, attributes, course_url) values (2, 32447, 278, 'STATS-102', 'Fundamentals of Biostatistics', 5, 'TUES,THUR', '3:15 - 6:15 pm', 'On Campus Only', 0, 'Bernard A. Rosner & Robert J. Glynn', 'Harvard Hall 103', 'E', 'http://www.summer.harvard.edu/courses/32447');
insert into course (concentration_id, hes_course_id, course_id, course_code, course_title, course_term_id, course_day, course_time, course_type, course_limit, instructor, location, attributes, course_url) values (2, 33175, 279, 'STATS-110', 'Introduction to Probability', 5, 'MON,WED', '3:15 - 6:15 pm', 'Online Option', 0, 'Kevin A. Rader', '1 Story Street 306', 'E', 'http://www.summer.harvard.edu/courses/33175');
insert into course (concentration_id, hes_course_id, course_id, course_code, course_title, course_term_id, course_day, course_time, course_type, course_limit, instructor, location, attributes, course_url) values (3, 0, 280, 'APMAE-207', 'Monte Carlo Methods for Inference and Data Analysis', 4, '', '', 'Online Only', 0, 'Pavlos Protopapas', '', 'E', '');
insert into course (concentration_id, hes_course_id, course_id, course_code, course_title, course_term_id, course_day, course_time, course_type, course_limit, instructor, location, attributes, course_url) values (3, 0, 281, 'CSCIE-8', 'Web GIS: Principles and Applications', 4, 'THUR', '7:40 - 9:40 pm', 'Web-Conference Course', 50, 'Pinde Fu', '', 'E', '');
insert into course (concentration_id, hes_course_id, course_id, course_code, course_title, course_term_id, course_day, course_time, course_type, course_limit, instructor, location, attributes, course_url) values (3, 0, 282, 'CSCIE-20', 'Discrete Mathematics for Computer Science', 4, 'TUES', '9 - 11 pm', 'Web-Conference Course', 32, 'Harry R. Lewis & Deborah Abel', '', 'E', '');
insert into course (concentration_id, hes_course_id, course_id, course_code, course_title, course_term_id, course_day, course_time, course_type, course_limit, instructor, location, attributes, course_url) values (3, 0, 283, 'CSCIE-35', 'Essential Modern UI Windows 8.1 App Development and Cloud Computing', 4, 'WED', '7:40 - 9:40 pm', 'Online Option', 0, 'Joseph Ficara', '1 Story Street 303', 'E', '');
insert into course (concentration_id, hes_course_id, course_id, course_code, course_title, course_term_id, course_day, course_time, course_type, course_limit, instructor, location, attributes, course_url) values (3, 0, 284, 'CSCIE-40', 'Communication Protocols and Internet Architectures', 4, '', '', 'Online Only', 0, 'Leonard Evenchik', '', 'E', '');
insert into course (concentration_id, hes_course_id, course_id, course_code, course_title, course_term_id, course_day, course_time, course_type, course_limit, instructor, location, attributes, course_url) values (3, 0, 285, 'CSCIE-42', 'Internet Voice Video and Telepresence', 4, 'MON', '5:30 - 7:30 pm', 'Online Option', 0, 'Leonard Evenchik', 'Maxwell-Dworkin G125', 'E', '');
insert into course (concentration_id, hes_course_id, course_id, course_code, course_title, course_term_id, course_day, course_time, course_type, course_limit, instructor, location, attributes, course_url) values (3, 0, 286, 'CSCIE-45B', 'Working in and Running the Cyberworld', 4, 'FRI', '5:30 - 7:30 pm', 'Online Option', 0, 'Scott Bradner & Benoit Gaucherin', 'Maxwell-Dworkin G125', 'E', '');
insert into course (concentration_id, hes_course_id, course_id, course_code, course_title, course_term_id, course_day, course_time, course_type, course_limit, instructor, location, attributes, course_url) values (3, 0, 287, 'CSCIE-51', 'Abstraction and Design in Computation', 4, '', '', 'Online Only', 0, 'Henry H. Leitner & Jesse Tov', '', 'P,E', '');
insert into course (concentration_id, hes_course_id, course_id, course_code, course_title, course_term_id, course_day, course_time, course_type, course_limit, instructor, location, attributes, course_url) values (3, 0, 288, 'CSCIE-55', 'Java for Distributed Computing', 4, '', '', 'Online Only', 0, 'Charles M. Sawyer Jr.', '', 'P,E', '');
insert into course (concentration_id, hes_course_id, course_id, course_code, course_title, course_term_id, course_day, course_time, course_type, course_limit, instructor, location, attributes, course_url) values (3, 0, 289, 'CSCIE-58', 'Bioinformatics Algorithms', 4, 'WED', '7:40 - 9:40 pm', 'On Campus Only', 0, 'Jeff Parker', 'Harvard Hall 103', 'AL,E', '');
insert into course (concentration_id, hes_course_id, course_id, course_code, course_title, course_term_id, course_day, course_time, course_type, course_limit, instructor, location, attributes, course_url) values (3, 0, 290, 'CSCIE-63', 'Big Data Analytics', 4, 'FRI', '5:30 - 7:30 pm', 'Online Option', 0, 'Zoran B. Djordjevic', '1 Story Street 306', 'E', '');
insert into course (concentration_id, hes_course_id, course_id, course_code, course_title, course_term_id, course_day, course_time, course_type, course_limit, instructor, location, attributes, course_url) values (3, 0, 291, 'CSCIE-92', 'Principles of Operating Systems', 4, 'TUES', '7:40 - 9:40 pm', 'On Campus Only', 0, 'James L. Frankel', 'Science Center 109', 'E', '');
insert into course (concentration_id, hes_course_id, course_id, course_code, course_title, course_term_id, course_day, course_time, course_type, course_limit, instructor, location, attributes, course_url) values (3, 0, 292, 'CSCIE-124', 'Data Structures and Algorithms', 4, '', '', 'Online Only', 0, 'Michael Mitzenmacher', '', 'AL,E', '');
insert into course (concentration_id, hes_course_id, course_id, course_code, course_title, course_term_id, course_day, course_time, course_type, course_limit, instructor, location, attributes, course_url) values (3, 0, 293, 'CSCIE-152', 'Programming Languages', 4, '', '', 'Online Only', 0, 'Stephen Chong', '', 'E', '');
insert into course (concentration_id, hes_course_id, course_id, course_code, course_title, course_term_id, course_day, course_time, course_type, course_limit, instructor, location, attributes, course_url) values (3, 0, 294, 'CSCIE-171', 'Visualization', 4, '', '', 'Online Only', 0, 'Hanspeter Pfister', '', 'E', '');
insert into course (concentration_id, hes_course_id, course_id, course_code, course_title, course_term_id, course_day, course_time, course_type, course_limit, instructor, location, attributes, course_url) values (3, 0, 295, 'CSCIE-181', 'Machine Learning', 4, '', '', 'Online Only', 0, 'Ryan Adams', '', 'E', '');
insert into course (concentration_id, hes_course_id, course_id, course_code, course_title, course_term_id, course_day, course_time, course_type, course_limit, instructor, location, attributes, course_url) values (3, 0, 296, 'CSCIE-186', 'Economics and Computation', 4, '', '', 'Online Only', 0, 'David C. Parkes', '', 'E', '');
insert into course (concentration_id, hes_course_id, course_id, course_code, course_title, course_term_id, course_day, course_time, course_type, course_limit, instructor, location, attributes, course_url) values (3, 0, 297, 'ENSCE-105', 'Engineering Innovation with Information Technology', 4, 'TUES', '7:40 - 9:40 pm', 'Online Option', 0, 'Wego Wang', 'Byerly Hall 013', 'E', '');
insert into course (concentration_id, hes_course_id, course_id, course_code, course_title, course_term_id, course_day, course_time, course_type, course_limit, instructor, location, attributes, course_url) values (3, 0, 298, 'ENSCE-123', 'Laboratory Electronics: Digital Circuit Design', 4, 'THUR', '6 - 9 pm', 'On Campus Only', 22, 'Thomas C. Hayes', 'Science Center 206', 'E', '');
insert into course (concentration_id, hes_course_id, course_id, course_code, course_title, course_term_id, course_day, course_time, course_type, course_limit, instructor, location, attributes, course_url) values (3, 0, 299, 'ENSCE-155', 'Fundamentals and Applications of Microfluidics', 4, 'TUES', '5:30 - 7:30 pm', 'Online Option', 0, 'Anas Chalah & Fawwaz Habbal', 'Maxwell-Dworkin G135', 'E', '');
insert into course (concentration_id, hes_course_id, course_id, course_code, course_title, course_term_id, course_day, course_time, course_type, course_limit, instructor, location, attributes, course_url) values (3, 0, 300, 'ISMTE-155', 'Geographic Communication Today', 4, 'MON', '5:30 - 7:30 pm', 'On Campus Only', 30, 'Jeff Blossom', '53 Church Street 201', 'E', '');
insert into course (concentration_id, hes_course_id, course_id, course_code, course_title, course_term_id, course_day, course_time, course_type, course_limit, instructor, location, attributes, course_url) values (3, 0, 301, 'MATHE-21B', 'Linear Algebra', 4, 'THUR', '7:40 - 9:40 pm', 'On Campus Only', 0, 'Robert Winters', 'Harvard Hall 201', 'LA', '');
insert into course (concentration_id, hes_course_id, course_id, course_code, course_title, course_term_id, course_day, course_time, course_type, course_limit, instructor, location, attributes, course_url) values (3, 0, 302, 'MATHE-23B', 'Linear Algebra and Real Analysis II', 4, 'TUES,THUR', '2:30 - 4 pm', 'On Campus Only', 0, 'Paul G. Bamberg', 'Room to be announced', 'TMF,LA,E', '');
insert into course (concentration_id, hes_course_id, course_id, course_code, course_title, course_term_id, course_day, course_time, course_type, course_limit, instructor, location, attributes, course_url) values (3, 0, 303, 'MATHE-155R', 'Combinatorics', 4, 'TUES,THUR', '11:30 am - 1 pm', 'On Campus Only', 0, 'Sukhada Fadnavis', 'Room to be announced', 'E', '');
insert into course (concentration_id, hes_course_id, course_id, course_code, course_title, course_term_id, course_day, course_time, course_type, course_limit, instructor, location, attributes, course_url) values (3, 0, 304, 'MATHE-156', 'Mathematical Foundations of Statistical Software', 4, 'WED', '7:40 - 9:40 pm', 'On Campus Only', 0, 'Paul G. Bamberg', 'Science Center 112', 'E', '');
insert into course (concentration_id, hes_course_id, course_id, course_code, course_title, course_term_id, course_day, course_time, course_type, course_limit, instructor, location, attributes, course_url) values (3, 0, 305, 'MATHE-210', 'Vector Space Methods for Differential Equations', 4, 'TUES,THUR', '11:30 am - 1 pm', 'On Campus Only', 0, 'Paul G. Bamberg', 'Room to be announced', 'TMF,E', '');
insert into course (concentration_id, hes_course_id, course_id, course_code, course_title, course_term_id, course_day, course_time, course_type, course_limit, instructor, location, attributes, course_url) values (3, 0, 306, 'MATHE-217', 'Probability and Random Processes with Economic Applications', 4, 'TUES,THUR', '2:30 - 4 pm', 'On Campus Only', 0, 'Sukhada Fadnavis', 'Room to be announced', 'TMF,E', '');
insert into course (concentration_id, hes_course_id, course_id, course_code, course_title, course_term_id, course_day, course_time, course_type, course_limit, instructor, location, attributes, course_url) values (3, 0, 307, 'MATHE-320', 'Teaching Mathematics with a Historical Perspective', 4, 'MON', '5:30 - 7:30 pm', 'Online Option', 0, 'Oliver Knill', '1 Story Street 307', 'E', '');
insert into course (concentration_id, hes_course_id, course_id, course_code, course_title, course_term_id, course_day, course_time, course_type, course_limit, instructor, location, attributes, course_url) values (3, 0, 308, 'MATHE-322', 'Real Analysis for Calculus Teachers', 4, 'THUR', '5:30 - 7:30 pm', 'On Campus Only', 0, 'Katherine Leigh Penner', 'Science Center 110', 'E', '');
insert into course (concentration_id, hes_course_id, course_id, course_code, course_title, course_term_id, course_day, course_time, course_type, course_limit, instructor, location, attributes, course_url) values (3, 0, 309, 'CSCIE-18', 'Web Development Using XML', 2, 'MON', '7:40 - 9:40 pm', 'Online Option', 0, 'David P. Heitmeyer', '1 Story Street 304', 'E', '');
insert into course (concentration_id, hes_course_id, course_id, course_code, course_title, course_term_id, course_day, course_time, course_type, course_limit, instructor, location, attributes, course_url) values (3, 0, 310, 'CSCIE-40', 'Communication Protocols and Internet Architectures', 2, 'MON', '5:30 - 7:30 pm', 'Online Option', 0, 'Leonard Evenchik', '53 Church Street L01', 'E', '');
insert into course (concentration_id, hes_course_id, course_id, course_code, course_title, course_term_id, course_day, course_time, course_type, course_limit, instructor, location, attributes, course_url) values (3, 0, 311, 'CSCIE-45A', 'Understanding and Securing the Cyber Infrastructure', 2, 'FRI', '5:30 - 7:30 pm', 'Online Option', 0, 'Scott Bradner & Benoit Gaucherin', 'Maxwell-Dworkin G125', 'E', '');
insert into course (concentration_id, hes_course_id, course_id, course_code, course_title, course_term_id, course_day, course_time, course_type, course_limit, instructor, location, attributes, course_url) values (3, 0, 312, 'CSCIE-55', 'Java for Distributed Computing', 2, 'WED', '7:40 - 9:40 pm', 'Online Option', 0, 'Charles M. Sawyer Jr.', 'Byerly Hall 013', 'P,E', '');
insert into course (concentration_id, hes_course_id, course_id, course_code, course_title, course_term_id, course_day, course_time, course_type, course_limit, instructor, location, attributes, course_url) values (3, 0, 313, 'CSCIE-56', 'Web Application Development with Groovy and Grails', 2, 'FRI', '5:30 - 7:30 pm', 'Online Option', 0, 'Burt Beckwith', '53 Church Street L01', 'E', '');
insert into course (concentration_id, hes_course_id, course_id, course_code, course_title, course_term_id, course_day, course_time, course_type, course_limit, instructor, location, attributes, course_url) values (3, 0, 314, 'CSCIE-61', 'Systems Programming and Machine Organization', 2, '', '', 'Online Only', 0, 'Eddie Kohler', '', 'E', '');
insert into course (concentration_id, hes_course_id, course_id, course_code, course_title, course_term_id, course_day, course_time, course_type, course_limit, instructor, location, attributes, course_url) values (3, 0, 315, 'CSCIE-72', 'Introduction to Computer Graphics', 2, 'TUES', '5:30 - 7:30 pm', 'Online Option', 0, 'Jeff Parker', '1 Story Street 303', 'E', '');
insert into course (concentration_id, hes_course_id, course_id, course_code, course_title, course_term_id, course_day, course_time, course_type, course_limit, instructor, location, attributes, course_url) values (3, 0, 316, 'CSCIE-90', 'Cloud Computing', 2, 'FRI', '5:30 - 7:30 pm', 'Online Option', 0, 'Zoran B. Djordjevic', '1 Story Street 306', 'E', '');
insert into course (concentration_id, hes_course_id, course_id, course_code, course_title, course_term_id, course_day, course_time, course_type, course_limit, instructor, location, attributes, course_url) values (3, 0, 317, 'CSCIE-95', 'Compiler Design and Implementation', 2, 'TUES', '7:40 - 9:40 pm', 'On Campus Only', 0, 'James L. Frankel', 'Science Center 109', 'E', '');
insert into course (concentration_id, hes_course_id, course_id, course_code, course_title, course_term_id, course_day, course_time, course_type, course_limit, instructor, location, attributes, course_url) values (3, 0, 318, 'CSCIE-109', 'Data Science', 2, '', '', 'Online Only', 60, 'Hanspeter Pfister & Joseph K. Blitzstein', '', 'TMF,E', '');
insert into course (concentration_id, hes_course_id, course_id, course_code, course_title, course_term_id, course_day, course_time, course_type, course_limit, instructor, location, attributes, course_url) values (3, 0, 319, 'CSCIE-121', 'Introduction to the Theory of Computation', 2, '', '', 'Online Only', 0, 'Harry R. Lewis', '', 'TMF,E', '');
insert into course (concentration_id, hes_course_id, course_id, course_code, course_title, course_term_id, course_day, course_time, course_type, course_limit, instructor, location, attributes, course_url) values (3, 0, 320, 'CSCIE-127', 'Introduction to Cryptography', 2, '', '', 'Online Only', 0, 'Salil P. Vadhan', '', 'TMF', '');
insert into course (concentration_id, hes_course_id, course_id, course_code, course_title, course_term_id, course_day, course_time, course_type, course_limit, instructor, location, attributes, course_url) values (3, 0, 321, 'CSCIE-205', 'Computing Foundations for Computational Science', 2, '', '', 'Online Only', 0, 'Cristopher Cecka', '', 'E', '');
insert into course (concentration_id, hes_course_id, course_id, course_code, course_title, course_term_id, course_day, course_time, course_type, course_limit, instructor, location, attributes, course_url) values (3, 0, 322, 'ENSCE-130', 'Introduction to MEMS with BioMEMS', 2, 'TUES', '5:30 - 7:30 pm', 'Online Option', 0, 'Fawwaz Habbal', 'Pierce Hall 301', 'E', '');
insert into course (concentration_id, hes_course_id, course_id, course_code, course_title, course_term_id, course_day, course_time, course_type, course_limit, instructor, location, attributes, course_url) values (3, 0, 323, 'ENSCE-150', 'Introduction to Nanobiotechnology: Concepts and Applications', 2, 'TUES', '5:30 - 7:30 pm', 'Online Option', 0, 'Anas Chalah', 'Pierce Hall 209', 'E', '');
insert into course (concentration_id, hes_course_id, course_id, course_code, course_title, course_term_id, course_day, course_time, course_type, course_limit, instructor, location, attributes, course_url) values (3, 0, 324, 'MATHE-21A', 'Multivariable Calculus', 2, 'THUR', '7:40 - 9:40 pm', 'On Campus Only', 0, 'Robert Winters', 'Harvard Hall 201', 'AC', '');
insert into course (concentration_id, hes_course_id, course_id, course_code, course_title, course_term_id, course_day, course_time, course_type, course_limit, instructor, location, attributes, course_url) values (3, 0, 325, 'MATHE-23A', 'Linear Algebra and Real Analysis I', 2, 'TUES,THUR', '2:30 - 4 pm', 'On Campus Only', 0, 'Paul G. Bamberg', 'Science Center Hall A', 'TMF,AC,LA,E', '');
insert into course (concentration_id, hes_course_id, course_id, course_code, course_title, course_term_id, course_day, course_time, course_type, course_limit, instructor, location, attributes, course_url) values (3, 0, 326, 'MATHE-154', 'Probability Theory', 2, 'MON,WED,FRI', '12 - 1 pm', 'On Campus Only', 0, 'Clifford Taubes', 'Science Center 507', 'TMF,LA,E', '');
insert into course (concentration_id, hes_course_id, course_id, course_code, course_title, course_term_id, course_day, course_time, course_type, course_limit, instructor, location, attributes, course_url) values (3, 0, 327, 'MATHE-216', 'Real Analysis Convexity and Optimization', 2, 'TUES,THUR', '11:30 am - 1 pm', 'On Campus Only', 0, 'Paul G. Bamberg', 'Science Center 222', 'E', '');
insert into course (concentration_id, hes_course_id, course_id, course_code, course_title, course_term_id, course_day, course_time, course_type, course_limit, instructor, location, attributes, course_url) values (3, 0, 328, 'MATHE-311', 'Investigating the Mathematical Process: An Introduction to Proofs', 2, 'MON', '5:30 - 7:30 pm', 'On Campus Only', 0, 'Jameel Habeeb Al-Aidroos', 'Sever Hall 112', 'E', '');
insert into course (concentration_id, hes_course_id, course_id, course_code, course_title, course_term_id, course_day, course_time, course_type, course_limit, instructor, location, attributes, course_url) values (3, 0, 329, 'MATHE-321', 'Hidden Gems: Advanced Topics in Classical Mathematics', 2, 'SAT', '10 am - 12 pm', 'On Campus Only', 0, 'Roberto E. Mart?nez II', 'Science Center 110', 'E', '');
insert into course (concentration_id, hes_course_id, course_id, course_code, course_title, course_term_id, course_day, course_time, course_type, course_limit, instructor, location, attributes, course_url) values (3, 0, 330, 'APMAS-111', 'Introduction to Scientific Computing', 1, 'MON,WED', '8:30 am - 11:30 am', 'On Campus Only', 0, 'Marie Dahleh', 'Science Center B-09', 'TMF,E', '');
insert into course (concentration_id, hes_course_id, course_id, course_code, course_title, course_term_id, course_day, course_time, course_type, course_limit, instructor, location, attributes, course_url) values (3, 0, 331, 'CSCIS-131B', 'Communication Protocols and Internet Architectures', 1, '', '', 'Online Only', 0, 'Leonard Evenchik', '', 'E', '');
insert into course (concentration_id, hes_course_id, course_id, course_code, course_title, course_term_id, course_day, course_time, course_type, course_limit, instructor, location, attributes, course_url) values (3, 0, 332, 'ENSCS-157', 'Introduction to Fabrication of Microfluidic Devices', 1, 'TUES,THUR', '6:30 - 9:30 pm', 'On Campus Only', 15, 'Turgut Fettah Kosar', 'LISE 303', 'E', '');
insert into course (concentration_id, hes_course_id, course_id, course_code, course_title, course_term_id, course_day, course_time, course_type, course_limit, instructor, location, attributes, course_url) values (3, 0, 333, 'MATHS-19A', 'Modeling and Differential Equations for the Life Sciences', 1, 'MON,WED,FRI', '12:30 - 2:30 pm', 'On Campus Only', 0, 'John Thomas Hall', 'Science Center 411', 'TMF,E', '');
insert into course (concentration_id, hes_course_id, course_id, course_code, course_title, course_term_id, course_day, course_time, course_type, course_limit, instructor, location, attributes, course_url) values (3, 0, 334, 'MATHS-21A', 'Multivariable Calculus', 1, 'TUES,THUR', '8:30 am - 11:30 am', 'On Campus Only', 0, 'Oliver Knill', 'Science Center Hall E', 'AC', '');
insert into course (concentration_id, hes_course_id, course_id, course_code, course_title, course_term_id, course_day, course_time, course_type, course_limit, instructor, location, attributes, course_url) values (3, 0, 335, 'MATHS-21B', 'Linear Algebra and Differential Equations', 1, 'MON,WED,FRI', '9:30 am - 11:30 am', 'On Campus Only', 0, 'Robert Winters', 'Harvard Hall 202', 'LA,E', '');
insert into course (concentration_id, hes_course_id, course_id, course_code, course_title, course_term_id, course_day, course_time, course_type, course_limit, instructor, location, attributes, course_url) values (3, 0, 336, 'MATHS-101', 'Spaces Mappings and Mathematical Structures (With An Introduction to Proof)', 1, 'TUES,WED,THUR', '12 - 2 pm', 'On Campus Only', 0, 'Peter M. Garfield', 'Science Center 221', 'E', '');
insert into course (concentration_id, hes_course_id, course_id, course_code, course_title, course_term_id, course_day, course_time, course_type, course_limit, instructor, location, attributes, course_url) values (3, 0, 337, 'MATHS-302', 'Math for Teaching Geometry', 1, 'MON,TUES,WED,THUR,FRI', '9 am - 11:30 am', 'On Campus Only', 0, 'Andrew Engelward', 'Science Center 411', 'E', '');
insert into course (concentration_id, hes_course_id, course_id, course_code, course_title, course_term_id, course_day, course_time, course_type, course_limit, instructor, location, attributes, course_url) values (3, 0, 338, 'MATHS-318', 'Groups and Symmetry', 1, 'MON,TUES,WED,THUR,FRI', '12:30 - 3 pm', 'On Campus Only', 0, 'John D. Boller', 'Science Center B-10', 'E', '');
insert into course (concentration_id, hes_course_id, course_id, course_code, course_title, course_term_id, course_day, course_time, course_type, course_limit, instructor, location, attributes, course_url) values (3, 0, 339, 'MATHS-322', 'Real Analysis for Calculus Teachers', 1, 'MON,TUES,WED,THUR,FRI', '8:30 am - 11 am', 'On Campus Only', 0, 'Paul G. Bamberg & Katherine Leigh Penner', 'Science Center 310', 'E', '');
insert into course (concentration_id, hes_course_id, course_id, course_code, course_title, course_term_id, course_day, course_time, course_type, course_limit, instructor, location, attributes, course_url) values (3, 0, 340, 'PHYSS-123', 'Laboratory Electronics: Analog and Digital Circuit Design', 1, 'MON,WED,THUR', '9 am - 1 pm', 'On Campus Only', 20, 'David Eric Abrams', 'Science Center 206', 'E', '');
insert into course (concentration_id, hes_course_id, course_id, course_code, course_title, course_term_id, course_day, course_time, course_type, course_limit, instructor, location, attributes, course_url) values (4, 0, 341, 'CSCIE-8', 'Web GIS: Principles and Applications', 4, 'THUR', '7:40 - 9:40 pm', 'Web-Conference Course', 50, 'Pinde Fu', '', 'E', '');
insert into course (concentration_id, hes_course_id, course_id, course_code, course_title, course_term_id, course_day, course_time, course_type, course_limit, instructor, location, attributes, course_url) values (4, 0, 342, 'CSCIE-10B', 'Introduction to Computer Science Using Java II', 4, '', '', 'Online Only', 0, 'Henry H. Leitner', '', 'CD,E', '');
insert into course (concentration_id, hes_course_id, course_id, course_code, course_title, course_term_id, course_day, course_time, course_type, course_limit, instructor, location, attributes, course_url) values (4, 0, 343, 'CSCIE-12', 'Fundamentals of Website Development', 4, 'MON', '7:40 - 9:40 pm', 'Online Option', 0, 'David P. Heitmeyer', 'Maxwell-Dworkin G115', 'WDD,E', '');
insert into course (concentration_id, hes_course_id, course_id, course_code, course_title, course_term_id, course_day, course_time, course_type, course_limit, instructor, location, attributes, course_url) values (4, 0, 344, 'CSCIE-35', 'Essential Modern UI Windows 8.1 App Development and Cloud Computing', 4, 'WED', '7:40 - 9:40 pm', 'Online Option', 0, 'Joseph Ficara', '1 Story Street 303', 'E', '');
insert into course (concentration_id, hes_course_id, course_id, course_code, course_title, course_term_id, course_day, course_time, course_type, course_limit, instructor, location, attributes, course_url) values (4, 0, 345, 'CSCIE-42', 'Internet Voice Video and Telepresence', 4, 'MON', '5:30 - 7:30 pm', 'Online Option', 0, 'Leonard Evenchik', 'Maxwell-Dworkin G125', 'E', '');
insert into course (concentration_id, hes_course_id, course_id, course_code, course_title, course_term_id, course_day, course_time, course_type, course_limit, instructor, location, attributes, course_url) values (4, 0, 346, 'CSCIE-50', 'Intensive Introduction to Computer Science', 4, '', '', 'Online Only', 100, 'David J. Malan', '', 'CD,E', '');
insert into course (concentration_id, hes_course_id, course_id, course_code, course_title, course_term_id, course_day, course_time, course_type, course_limit, instructor, location, attributes, course_url) values (4, 0, 347, 'CSCIE-51', 'Abstraction and Design in Computation', 4, '', '', 'Online Only', 0, 'Henry H. Leitner & Jesse Tov', '', 'E', '');
insert into course (concentration_id, hes_course_id, course_id, course_code, course_title, course_term_id, course_day, course_time, course_type, course_limit, instructor, location, attributes, course_url) values (4, 0, 348, 'CSCIE-55', 'Java for Distributed Computing', 4, '', '', 'Online Only', 0, 'Charles M. Sawyer Jr.', '', 'E', '');
insert into course (concentration_id, hes_course_id, course_id, course_code, course_title, course_term_id, course_day, course_time, course_type, course_limit, instructor, location, attributes, course_url) values (4, 0, 349, 'CSCIE-66', 'Database and Information Management Systems', 4, 'WED', '7:40 - 9:40 pm', 'Online Option', 0, 'David G. Sullivan', '1 Story Street 306', 'E', '');
insert into course (concentration_id, hes_course_id, course_id, course_code, course_title, course_term_id, course_day, course_time, course_type, course_limit, instructor, location, attributes, course_url) values (4, 0, 350, 'CSCIE-171', 'Visualization', 4, '', '', 'Online Only', 0, 'Hanspeter Pfister', '', 'E', '');
insert into course (concentration_id, hes_course_id, course_id, course_code, course_title, course_term_id, course_day, course_time, course_type, course_limit, instructor, location, attributes, course_url) values (4, 0, 351, 'CSCIE-181', 'Machine Learning', 4, '', '', 'Online Only', 0, 'Ryan Adams', '', 'E', '');
insert into course (concentration_id, hes_course_id, course_id, course_code, course_title, course_term_id, course_day, course_time, course_type, course_limit, instructor, location, attributes, course_url) values (4, 0, 352, 'DGMDE-10', 'Exposing Digital Photography', 4, 'WED', '5:30 - 7:30 pm', 'On Campus Only', 0, 'John Selig', 'Harvard Hall 201', 'DIGM,E', '');
insert into course (concentration_id, hes_course_id, course_id, course_code, course_title, course_term_id, course_day, course_time, course_type, course_limit, instructor, location, attributes, course_url) values (4, 0, 353, 'DGMDE-15', 'Creative Explorations in Screen-Based and Physical Computing', 4, 'THUR', '5:30 - 7:30 pm', 'On Campus Only', 30, 'Bakhtiar Mikhak', '53 Church Street 104', 'CD,E', '');
insert into course (concentration_id, hes_course_id, course_id, course_code, course_title, course_term_id, course_day, course_time, course_type, course_limit, instructor, location, attributes, course_url) values (4, 0, 354, 'DGMDE-25', 'Introduction to Web Content Management Systems Site Development', 4, '', '', 'Online Only', 0, 'Jennifer A. Kramer', '', 'WDD,E', '');
insert into course (concentration_id, hes_course_id, course_id, course_code, course_title, course_term_id, course_day, course_time, course_type, course_limit, instructor, location, attributes, course_url) values (4, 0, 355, 'DGMDE-35', 'Video Editing and Digital Design', 4, 'TUES', '5:30 - 7:30 pm', 'On Campus Only', 30, 'Allyson Sherlock', '53 Church Street 104', 'DIGM,E', '');
insert into course (concentration_id, hes_course_id, course_id, course_code, course_title, course_term_id, course_day, course_time, course_type, course_limit, instructor, location, attributes, course_url) values (4, 0, 356, 'EDUCE-113', 'Instructional Design Studio', 4, 'MON', '5:30 - 7:30 pm', 'On Campus Only', 20, 'Stacie Cassat Green', '51 Brattle Street 323', 'EID,E', '');
insert into course (concentration_id, hes_course_id, course_id, course_code, course_title, course_term_id, course_day, course_time, course_type, course_limit, instructor, location, attributes, course_url) values (4, 0, 357, 'ENSCE-105', 'Engineering Innovation with Information Technology', 4, 'TUES', '7:40 - 9:40 pm', 'Online Option', 0, 'Wego Wang', 'Byerly Hall 013', 'E', '');
insert into course (concentration_id, hes_course_id, course_id, course_code, course_title, course_term_id, course_day, course_time, course_type, course_limit, instructor, location, attributes, course_url) values (4, 0, 358, 'EXPOE-48', 'Multimedia Communication: Digital Storytelling', 4, 'MON', '5:30 - 7:30 pm', 'Online Option', 80, 'Marlon Kuzmick', '53 Church Street L01', 'EID,E', '');
insert into course (concentration_id, hes_course_id, course_id, course_code, course_title, course_term_id, course_day, course_time, course_type, course_limit, instructor, location, attributes, course_url) values (4, 0, 359, 'ISMTE-155', 'Geographic Communication Today', 4, 'MON', '5:30 - 7:30 pm', 'On Campus Only', 30, 'Jeff Blossom', '53 Church Street 201', 'E', '');
insert into course (concentration_id, hes_course_id, course_id, course_code, course_title, course_term_id, course_day, course_time, course_type, course_limit, instructor, location, attributes, course_url) values (4, 0, 360, 'PSYCE-1034', 'Adult Development', 4, '', '', 'Online Only', 120, 'Robert Kegan', '', 'E', '');
insert into course (concentration_id, hes_course_id, course_id, course_code, course_title, course_term_id, course_day, course_time, course_type, course_limit, instructor, location, attributes, course_url) values (4, 0, 361, 'CSCIE-15', 'Dynamic Web Applications', 2, 'WED', '5:30 - 7:30 pm', 'Online Option', 0, 'Susan Buck', 'Maxwell-Dworkin G115', 'WDD,E', '');
insert into course (concentration_id, hes_course_id, course_id, course_code, course_title, course_term_id, course_day, course_time, course_type, course_limit, instructor, location, attributes, course_url) values (4, 0, 362, 'CSCIE-18', 'Web Development Using XML', 2, 'MON', '7:40 - 9:40 pm', 'Online Option', 0, 'David P. Heitmeyer', '1 Story Street 304', 'WDD,E', '');
insert into course (concentration_id, hes_course_id, course_id, course_code, course_title, course_term_id, course_day, course_time, course_type, course_limit, instructor, location, attributes, course_url) values (4, 0, 363, 'CSCIE-50', 'Intensive Introduction to Computer Science', 2, '', '', 'Online Only', 0, 'David J. Malan', '', 'CD,E', '');
insert into course (concentration_id, hes_course_id, course_id, course_code, course_title, course_term_id, course_day, course_time, course_type, course_limit, instructor, location, attributes, course_url) values (4, 0, 364, 'CSCIE-55', 'Java for Distributed Computing', 2, 'WED', '7:40 - 9:40 pm', 'Online Option', 0, 'Charles M. Sawyer Jr.', 'Byerly Hall 013', 'E', '');
insert into course (concentration_id, hes_course_id, course_id, course_code, course_title, course_term_id, course_day, course_time, course_type, course_limit, instructor, location, attributes, course_url) values (4, 0, 365, 'CSCIE-56', 'Web Application Development with Groovy and Grails', 2, 'FRI', '5:30 - 7:30 pm', 'Online Option', 0, 'Burt Beckwith', '53 Church Street L01', 'WDD,E', '');
insert into course (concentration_id, hes_course_id, course_id, course_code, course_title, course_term_id, course_day, course_time, course_type, course_limit, instructor, location, attributes, course_url) values (4, 0, 366, 'CSCIE-60', 'Developing Web-Based Database Applications', 2, 'MON', '5:30 - 7:30 pm', 'Online Option', 0, 'Maria R. Garcia', '1 Story Street 303', 'WDD,E', '');
insert into course (concentration_id, hes_course_id, course_id, course_code, course_title, course_term_id, course_day, course_time, course_type, course_limit, instructor, location, attributes, course_url) values (4, 0, 367, 'CSCIE-61', 'Systems Programming and Machine Organization', 2, '', '', 'Online Only', 0, 'Eddie Kohler', '', 'E', '');
insert into course (concentration_id, hes_course_id, course_id, course_code, course_title, course_term_id, course_day, course_time, course_type, course_limit, instructor, location, attributes, course_url) values (4, 0, 368, 'CSCIE-62', 'Modern Mobile Development', 2, 'TUES', '5:30 - 7:30 pm', 'On Campus Only', 30, 'Edwin Guarin & Robert Familiar', '53 Church Street 203', 'WDD,E', '');
insert into course (concentration_id, hes_course_id, course_id, course_code, course_title, course_term_id, course_day, course_time, course_type, course_limit, instructor, location, attributes, course_url) values (4, 0, 369, 'CSCIE-65', 'Building Mobile Apps: A Comparative View of Mobile Application Development', 2, 'FRI', '5:30 - 7:30 pm', 'Online Option', 120, 'Jonathan Levin', 'Maxwell-Dworkin G115', 'WDD,E', '');
insert into course (concentration_id, hes_course_id, course_id, course_code, course_title, course_term_id, course_day, course_time, course_type, course_limit, instructor, location, attributes, course_url) values (4, 0, 370, 'CSCIE-72', 'Introduction to Computer Graphics', 2, 'TUES', '5:30 - 7:30 pm', 'Online Option', 0, 'Jeff Parker', '1 Story Street 303', 'E', '');
insert into course (concentration_id, hes_course_id, course_id, course_code, course_title, course_term_id, course_day, course_time, course_type, course_limit, instructor, location, attributes, course_url) values (4, 0, 371, 'CSCIE-80', 'Artificial Intelligence', 2, 'THUR', '5:30 - 7:30 pm', 'On Campus Only', 0, 'Eric Breck', 'Northwest Science Building B108', 'E', '');
insert into course (concentration_id, hes_course_id, course_id, course_code, course_title, course_term_id, course_day, course_time, course_type, course_limit, instructor, location, attributes, course_url) values (4, 0, 372, 'CSCIE-90', 'Cloud Computing', 2, 'FRI', '5:30 - 7:30 pm', 'Online Option', 0, 'Zoran B. Djordjevic', '1 Story Street 306', 'E', '');
insert into course (concentration_id, hes_course_id, course_id, course_code, course_title, course_term_id, course_day, course_time, course_type, course_limit, instructor, location, attributes, course_url) values (4, 0, 373, 'CSCIE-205', 'Computing Foundations for Computational Science', 2, '', '', 'Online Only', 0, 'Cristopher Cecka', '', 'E', '');
insert into course (concentration_id, hes_course_id, course_id, course_code, course_title, course_term_id, course_day, course_time, course_type, course_limit, instructor, location, attributes, course_url) values (4, 0, 374, 'DGMDE-5', 'Exploring Digital Media', 2, 'WED', '7:40 - 9:40 pm', 'On Campus Only', 0, 'John Selig', 'Harvard Hall 201', 'DIGM,E', '');
insert into course (concentration_id, hes_course_id, course_id, course_code, course_title, course_term_id, course_day, course_time, course_type, course_limit, instructor, location, attributes, course_url) values (4, 0, 375, 'DGMDE-20', 'Understanding and Developing Interactive Media', 2, '', '', 'Online Only', 0, 'Jennifer A. Kramer', '', 'DIGM,E', '');
insert into course (concentration_id, hes_course_id, course_id, course_code, course_title, course_term_id, course_day, course_time, course_type, course_limit, instructor, location, attributes, course_url) values (4, 0, 376, 'DGMDE-30', 'Video Field Production', 2, 'TUES', '5:30 - 7:30 pm', 'On Campus Only', 30, 'Allyson Sherlock', '53 Church Street 104', 'DIGM,E', '');
insert into course (concentration_id, hes_course_id, course_id, course_code, course_title, course_term_id, course_day, course_time, course_type, course_limit, instructor, location, attributes, course_url) values (4, 0, 377, 'DGMDE-40', 'Producing Educational Video', 2, 'MON', '5:30 - 7:30 pm', 'On Campus Only', 30, 'Marlon Kuzmick', '53 Church Street 104', 'DIGM,E', '');
insert into course (concentration_id, hes_course_id, course_id, course_code, course_title, course_term_id, course_day, course_time, course_type, course_limit, instructor, location, attributes, course_url) values (4, 0, 378, 'EDUCE-103', 'Introduction to Instructional Design', 2, 'SAT', '10 am - 1:15 pm', 'On Campus Only', 0, 'Stacie Cassat Green & Denise M. Snyder', 'Pierce Hall 301', 'EID,E', '');
insert into course (concentration_id, hes_course_id, course_id, course_code, course_title, course_term_id, course_day, course_time, course_type, course_limit, instructor, location, attributes, course_url) values (4, 0, 379, 'ISMTE-150', 'Introduction to GIS', 2, 'THUR', '5:30 - 7:30 pm', 'On Campus Only', 20, 'Wendy Guan', '53 Church Street 201', 'E', '');
insert into course (concentration_id, hes_course_id, course_id, course_code, course_title, course_term_id, course_day, course_time, course_type, course_limit, instructor, location, attributes, course_url) values (4, 0, 380, 'CSCIS-24', 'Video Editing and Digital Design', 1, 'MON,WED', '6:30 - 9:30 pm', 'On Campus Only', 30, 'Allyson Sherlock', '53 Church Street 104', 'DIGM,E', '');
insert into course (concentration_id, hes_course_id, course_id, course_code, course_title, course_term_id, course_day, course_time, course_type, course_limit, instructor, location, attributes, course_url) values (4, 0, 381, 'CSCIS-76', 'Building Mobile Applications', 1, 'MON,WED', '6:30 - 9:30 pm', 'On Campus Only', 30, 'David J. Malan', 'Northwest Science Building B101', 'WDD,E', '');
insert into course (concentration_id, hes_course_id, course_id, course_code, course_title, course_term_id, course_day, course_time, course_type, course_limit, instructor, location, attributes, course_url) values (4, 0, 382, 'CSCIS-111', 'Intensive Introduction to Computer Science Using Java', 1, 'MON,TUES,WED,THUR,FRI', '8:30 am - 11:30 am', 'On Campus Only', 0, 'Henry H. Leitner & David G. Sullivan', 'Maxwell-Dworkin G115', 'CD,E', '');
insert into course (concentration_id, hes_course_id, course_id, course_code, course_title, course_term_id, course_day, course_time, course_type, course_limit, instructor, location, attributes, course_url) values (4, 0, 383, 'EXPOS-48', 'Multimedia Communication: Introduction to Digital Storytelling', 1, 'MON,WED', '3:15 - 6:15 pm', 'On Campus Only', 15, 'Marlon Kuzmick', '53 Church Street 104', 'EID,E', '');
insert into course (concentration_id, hes_course_id, course_id, course_code, course_title, course_term_id, course_day, course_time, course_type, course_limit, instructor, location, attributes, course_url) values (4, 0, 384, 'ISMTS-170', 'Human Factors in Information Systems Design', 1, 'TUES,THUR', '6:30 - 9:30 pm', 'On Campus Only', 50, 'Dennis F. Galletta', 'Northwest Science Building B108', 'EID,E', '');
insert into course (concentration_id, hes_course_id, course_id, course_code, course_title, course_term_id, course_day, course_time, course_type, course_limit, instructor, location, attributes, course_url) values (4, 14289, 385, 'CSCIE-10A', 'Introduction to Computer Science Using Java I', 6, '', '', 'Online Only', 0, 'Henry H. Leitner', '', 'CD,E', 'http://www.extension.harvard.edu/courses/14289');
insert into course (concentration_id, hes_course_id, course_id, course_code, course_title, course_term_id, course_day, course_time, course_type, course_limit, instructor, location, attributes, course_url) values (4, 14291, 386, 'CSCIE-15', 'Dynamic Web Applications', 6, 'THUR', '5:30 - 7:30 pm', 'Online Option', 0, 'Susan Buck', 'Maxwell-Dworkin G115', 'WDD,E', 'http://www.extension.harvard.edu/courses/14291');
insert into course (concentration_id, hes_course_id, course_id, course_code, course_title, course_term_id, course_day, course_time, course_type, course_limit, instructor, location, attributes, course_url) values (4, 14297, 387, 'CSCIE-18', 'Web Development Using XML', 6, 'MON', '7:40 - 9:40 pm', 'Online Option', 0, 'David P. Heitmeyer', '1 Story Street 306', 'WDD,E', 'http://www.extension.harvard.edu/courses/14297');
insert into course (concentration_id, hes_course_id, course_id, course_code, course_title, course_term_id, course_day, course_time, course_type, course_limit, instructor, location, attributes, course_url) values (4, 14294, 388, 'CSCIE-26', 'Introduction to C Unix/Linux Programming and Web Interfaces', 6, 'WED', '7:40 - 9:40 pm', 'On Campus Only', 0, 'Bruce Molay', 'Science Center B-10', 'E', 'http://www.extension.harvard.edu/courses/14294');
insert into course (concentration_id, hes_course_id, course_id, course_code, course_title, course_term_id, course_day, course_time, course_type, course_limit, instructor, location, attributes, course_url) values (4, 14557, 389, 'CSCIE-34', 'User Experience Engineering', 6, 'MON', '7:40 - 9:40 pm', 'Online Option', 0, 'David S. Platt', 'Maxwell-Dworkin G125', 'E', 'http://www.extension.harvard.edu/courses/14557');
insert into course (concentration_id, hes_course_id, course_id, course_code, course_title, course_term_id, course_day, course_time, course_type, course_limit, instructor, location, attributes, course_url) values (4, 14290, 390, 'CSCIE-50', 'Intensive Introduction to Computer Science', 6, '', '', 'Online Only', 200, 'David J. Malan', '', 'CD,E', 'http://www.extension.harvard.edu/courses/14290');
insert into course (concentration_id, hes_course_id, course_id, course_code, course_title, course_term_id, course_day, course_time, course_type, course_limit, instructor, location, attributes, course_url) values (4, 14298, 391, 'CSCIE-55', 'Java for Distributed Computing', 6, 'WED', '7:40 - 9:40 pm', 'Online Option', 0, 'Charles M. Sawyer Jr.', 'Byerly Hall 013', 'E', 'http://www.extension.harvard.edu/courses/14298');
insert into course (concentration_id, hes_course_id, course_id, course_code, course_title, course_term_id, course_day, course_time, course_type, course_limit, instructor, location, attributes, course_url) values (4, 14325, 392, 'CSCIE-56', 'Web Application Development with Groovy and Grails', 6, 'WED', '5:30 - 7:30 pm', 'Online Option', 0, 'Burt Beckwith', '53 Church Street L01', 'WDD,E', 'http://www.extension.harvard.edu/courses/14325');
insert into course (concentration_id, hes_course_id, course_id, course_code, course_title, course_term_id, course_day, course_time, course_type, course_limit, instructor, location, attributes, course_url) values (4, 14307, 393, 'CSCIE-60', 'Developing Web-Based Database Applications', 6, 'WED', '5:30 - 7:30 pm', 'Online Option', 0, 'Maria R. Garcia Altobello', 'Maxwell-Dworkin G125', 'WDD,E', 'http://www.extension.harvard.edu/courses/14307');
insert into course (concentration_id, hes_course_id, course_id, course_code, course_title, course_term_id, course_day, course_time, course_type, course_limit, instructor, location, attributes, course_url) values (4, 13836, 394, 'CSCIE-61', 'Systems Programming and Machine Organization', 6, '', '', 'Online Only', 0, 'Eddie Kohler', '', 'E', 'http://www.extension.harvard.edu/courses/13836');
insert into course (concentration_id, hes_course_id, course_id, course_code, course_title, course_term_id, course_day, course_time, course_type, course_limit, instructor, location, attributes, course_url) values (4, 14300, 395, 'CSCIE-90', 'Cloud Computing', 6, 'FRI', '5:30 - 7:30 pm', 'Online Option', 0, 'Zoran B. Djordjevic', '1 Story Street 306', 'E', 'http://www.extension.harvard.edu/courses/14300');
insert into course (concentration_id, hes_course_id, course_id, course_code, course_title, course_term_id, course_day, course_time, course_type, course_limit, instructor, location, attributes, course_url) values (4, 14496, 396, 'DGMDE-10', 'Exposing Digital Photography', 6, 'WED', '7:40 - 9:40 pm', 'Online Option', 0, 'Daniel Armendariz', 'Northwest Science Building B101', 'DIGM,E', 'http://www.extension.harvard.edu/courses/14496');
insert into course (concentration_id, hes_course_id, course_id, course_code, course_title, course_term_id, course_day, course_time, course_type, course_limit, instructor, location, attributes, course_url) values (4, 14283, 397, 'DGMDE-20', 'Understanding and Developing Interactive Media', 6, '', '', 'Online Only', 0, 'Jennifer A. Kramer', '', 'DIGM,E', 'http://www.extension.harvard.edu/courses/14283');
insert into course (concentration_id, hes_course_id, course_id, course_code, course_title, course_term_id, course_day, course_time, course_type, course_limit, instructor, location, attributes, course_url) values (4, 14285, 398, 'DGMDE-30', 'Video Field Production', 6, 'TUES', '5:30 - 8:30 pm', 'On Campus Only', 30, 'Allyson Sherlock', '53 Church Street 104', 'DIGM,E', 'http://www.extension.harvard.edu/courses/14285');
insert into course (concentration_id, hes_course_id, course_id, course_code, course_title, course_term_id, course_day, course_time, course_type, course_limit, instructor, location, attributes, course_url) values (4, 14490, 399, 'DGMDE-38', 'Lighting for Video and Post-Production FX Editing', 6, 'THUR', '7:40 - 9:40 pm', 'On Campus Only', 20, 'Padrick Ritch', '53 Church Street 203', 'DIGM,E', 'http://www.extension.harvard.edu/courses/14490');
insert into course (concentration_id, hes_course_id, course_id, course_code, course_title, course_term_id, course_day, course_time, course_type, course_limit, instructor, location, attributes, course_url) values (4, 14286, 400, 'DGMDE-40', 'Hybrid: Producing Educational Video', 6, 'SUN', '9 am - 1 pm', 'Hybrid', 30, 'Marlon Kuzmick', 'One Brattle Square 202', 'DIGM,E', 'http://www.extension.harvard.edu/courses/14286');
insert into course (concentration_id, hes_course_id, course_id, course_code, course_title, course_term_id, course_day, course_time, course_type, course_limit, instructor, location, attributes, course_url) values (4, 14021, 401, 'EDUCE-103', 'Introduction to Instructional Design', 6, 'SAT', '10 am - 1:15 pm', 'On Campus Only', 0, 'Stacie Cassat Green & Denise M. Snyder', 'Pierce Hall 301', 'EID,E', 'http://www.extension.harvard.edu/courses/14021');
insert into course (concentration_id, hes_course_id, course_id, course_code, course_title, course_term_id, course_day, course_time, course_type, course_limit, instructor, location, attributes, course_url) values (4, 12917, 402, 'ISMTE-150', 'Introduction to GIS', 6, 'THUR', '5:30 - 7:30 pm', 'Web-Conference Course', 20, 'Wendy Guan', '', 'E', 'http://www.extension.harvard.edu/courses/12917');
insert into course (concentration_id, hes_course_id, course_id, course_code, course_title, course_term_id, course_day, course_time, course_type, course_limit, instructor, location, attributes, course_url) values (4, 24269, 403, 'DGMDE-27', 'Beyond the Basics of Front-End Web Design', 7, 'MON,TUES,WED,THUR', '9 am - 12 pm', 'On Campus Only', 30, 'Jennifer A. Kramer', '53 Church Street 104', 'WDD,E', 'http://www.extension.harvard.edu/courses/24269');
insert into course (concentration_id, hes_course_id, course_id, course_code, course_title, course_term_id, course_day, course_time, course_type, course_limit, instructor, location, attributes, course_url) values (4, 23630, 404, 'EXPOE-48', 'Multimedia Communication: Introduction to Digital Storytelling', 7, 'MON,TUES,WED,THUR', '5:30 - 8:30 pm', 'On Campus Only', 30, 'Marlon Kuzmick', '53 Church Street 104', 'EID,E', 'http://www.extension.harvard.edu/courses/23630');
insert into course (concentration_id, hes_course_id, course_id, course_code, course_title, course_term_id, course_day, course_time, course_type, course_limit, instructor, location, attributes, course_url) values (4, 24095, 405, 'CSCIE-3', 'Introduction to Web Programming Using JavaScript', 8, 'TUES', '5:30 - 7:30 pm', 'Online Option', 0, 'Larry Bouthillier', 'Maxwell-Dworkin G115', 'CD,E', 'http://www.extension.harvard.edu/courses/24095');
insert into course (concentration_id, hes_course_id, course_id, course_code, course_title, course_term_id, course_day, course_time, course_type, course_limit, instructor, location, attributes, course_url) values (4, 24031, 406, 'CSCIE-8', 'Web GIS: Principles and Applications', 8, 'THUR', '7:40 - 9:40 pm', 'Web-Conference Course', 50, 'Pinde Fu', '', 'E', 'http://www.extension.harvard.edu/courses/24031');
insert into course (concentration_id, hes_course_id, course_id, course_code, course_title, course_term_id, course_day, course_time, course_type, course_limit, instructor, location, attributes, course_url) values (4, 24027, 407, 'CSCIE-10B', 'Introduction to Computer Science Using Java II', 8, 'MON', '5:30 - 7:30 pm', 'Online Option', 0, 'Henry H. Leitner', 'Maxwell-Dworkin G115', 'CD,E', 'http://www.extension.harvard.edu/courses/24027');
insert into course (concentration_id, hes_course_id, course_id, course_code, course_title, course_term_id, course_day, course_time, course_type, course_limit, instructor, location, attributes, course_url) values (4, 21144, 408, 'CSCIE-12', 'Fundamentals of Website Development', 8, 'TUES', '7:40 - 9:40 pm', 'Online Option', 0, 'David P. Heitmeyer', 'Maxwell-Dworkin G115', 'WDD,E', 'http://www.extension.harvard.edu/courses/21144');
insert into course (concentration_id, hes_course_id, course_id, course_code, course_title, course_term_id, course_day, course_time, course_type, course_limit, instructor, location, attributes, course_url) values (4, 24107, 409, 'CSCIE-50', 'Intensive Introduction to Computer Science', 8, '', '', 'Online Only', 200, 'David J. Malan', '', 'CD,E', 'http://www.extension.harvard.edu/courses/24107');
insert into course (concentration_id, hes_course_id, course_id, course_code, course_title, course_term_id, course_day, course_time, course_type, course_limit, instructor, location, attributes, course_url) values (4, 24043, 410, 'CSCIE-51', 'Abstraction and Design in Computation', 8, '', '', 'Online Only', 0, 'John Gregory Morrisett', '', 'E', 'http://www.extension.harvard.edu/courses/24043');
insert into course (concentration_id, hes_course_id, course_id, course_code, course_title, course_term_id, course_day, course_time, course_type, course_limit, instructor, location, attributes, course_url) values (4, 24036, 411, 'CSCIE-55', 'Java for Distributed Computing', 8, '', '', 'Online Only', 0, 'Charles M. Sawyer Jr.', '', 'E', 'http://www.extension.harvard.edu/courses/24036');
insert into course (concentration_id, hes_course_id, course_id, course_code, course_title, course_term_id, course_day, course_time, course_type, course_limit, instructor, location, attributes, course_url) values (4, 24228, 412, 'CSCIE-64', 'Mobile and Cloud Computing', 8, 'THUR', '7:40 - 9:40 pm', 'Online Option', 0, 'Joseph Ficara', 'Maxwell-Dworkin G125', 'E', 'http://www.extension.harvard.edu/courses/24228');
insert into course (concentration_id, hes_course_id, course_id, course_code, course_title, course_term_id, course_day, course_time, course_type, course_limit, instructor, location, attributes, course_url) values (4, 24046, 413, 'CSCIE-66', 'Database Systems', 8, 'WED', '7:40 - 9:40 pm', 'Online Option', 0, 'David G. Sullivan', '1 Story Street 306', 'E', 'http://www.extension.harvard.edu/courses/24046');
insert into course (concentration_id, hes_course_id, course_id, course_code, course_title, course_term_id, course_day, course_time, course_type, course_limit, instructor, location, attributes, course_url) values (4, 24028, 414, 'CSCIE-171', 'Visualization', 8, '', '', 'Online Only', 0, 'Alexander Lex', '', 'E', 'http://www.extension.harvard.edu/courses/24028');
insert into course (concentration_id, hes_course_id, course_id, course_code, course_title, course_term_id, course_day, course_time, course_type, course_limit, instructor, location, attributes, course_url) values (4, 24221, 415, 'DGMDE-5', 'Exploring Digital Media', 8, 'WED', '7:40 - 9:40 pm', 'On Campus Only', 0, 'John Selig', 'Harvard Hall 202', 'DIGM,E', 'http://www.extension.harvard.edu/courses/24221');
insert into course (concentration_id, hes_course_id, course_id, course_code, course_title, course_term_id, course_day, course_time, course_type, course_limit, instructor, location, attributes, course_url) values (4, 24025, 416, 'DGMDE-15', 'Creative Explorations in Screen-Based and Physical Computing', 8, 'THUR', '5:30 - 7:30 pm', 'On Campus Only', 30, 'Bakhtiar Mikhak & Alec Michael Resnick', '53 Church Street 104', 'CD,E', 'http://www.extension.harvard.edu/courses/24025');
insert into course (concentration_id, hes_course_id, course_id, course_code, course_title, course_term_id, course_day, course_time, course_type, course_limit, instructor, location, attributes, course_url) values (4, 24048, 417, 'DGMDE-25', 'Introduction to Web Content Management Systems Site Development', 8, '', '', 'Online Only', 0, 'Jennifer A. Kramer', '', 'WDD,E', 'http://www.extension.harvard.edu/courses/24048');
insert into course (concentration_id, hes_course_id, course_id, course_code, course_title, course_term_id, course_day, course_time, course_type, course_limit, instructor, location, attributes, course_url) values (4, 24026, 418, 'DGMDE-35', 'Video Editing and Digital Design', 8, 'TUES', '5:30 - 8:30 pm', 'On Campus Only', 30, 'Allyson Sherlock', '53 Church Street 104', 'DIGM,E', 'http://www.extension.harvard.edu/courses/24026');
insert into course (concentration_id, hes_course_id, course_id, course_code, course_title, course_term_id, course_day, course_time, course_type, course_limit, instructor, location, attributes, course_url) values (4, 24247, 419, 'DGMDE-599', 'Capstone Design Studio', 8, 'MON', '5:30 - 7:30 pm', 'On Campus Only', 20, 'Allyson Sherlock', '53 Church Street 104', 'DCAP', 'http://www.extension.harvard.edu/courses/24247');
insert into course (concentration_id, hes_course_id, course_id, course_code, course_title, course_term_id, course_day, course_time, course_type, course_limit, instructor, location, attributes, course_url) values (4, 24013, 420, 'ENSCE-105', 'Engineering Innovation with Information Technology', 8, 'WED', '7:40 - 9:40 pm', 'Web-Conference Course', 40, 'Wego Wang', '', 'E', 'http://www.extension.harvard.edu/courses/24013');
insert into course (concentration_id, hes_course_id, course_id, course_code, course_title, course_term_id, course_day, course_time, course_type, course_limit, instructor, location, attributes, course_url) values (4, 24259, 421, 'EXPOE-48', 'Hybrid: Multimedia CommunicationIntroduction to Digital Storytelling', 8, '', '', 'Hybrid', 30, 'Marlon Kuzmick', '', 'EID,E', 'http://www.extension.harvard.edu/courses/24259');
insert into course (concentration_id, hes_course_id, course_id, course_code, course_title, course_term_id, course_day, course_time, course_type, course_limit, instructor, location, attributes, course_url) values (4, 24313, 422, 'ISMTE-155', 'Geographic Communication Today', 8, 'MON', '5:30 - 7:30 pm', 'Web-Conference Course', 30, 'Jeff Blossom', '', 'E', 'http://www.extension.harvard.edu/courses/24313');
insert into course (concentration_id, hes_course_id, course_id, course_code, course_title, course_term_id, course_day, course_time, course_type, course_limit, instructor, location, attributes, course_url) values (4, 24279, 423, 'ISMTE-170', 'Human Factors in Information Systems Design', 8, 'MON', '7:40 - 9:40 pm', 'Web-Conference Course', 35, 'Dennis F. Galletta', '', 'EID,E', 'http://www.extension.harvard.edu/courses/24279');
insert into course (concentration_id, hes_course_id, course_id, course_code, course_title, course_term_id, course_day, course_time, course_type, course_limit, instructor, location, attributes, course_url) values (4, 33214, 424, 'CSCIS-15', 'Dynamic Web Applications', 5, 'TUES,THUR', '6:30 - 9:30 pm', 'On Campus Only', 0, 'Susan Buck', 'Northwest Science Building B103', 'WDD,E', 'http://www.summer.harvard.edu/courses/33214');
insert into course (concentration_id, hes_course_id, course_id, course_code, course_title, course_term_id, course_day, course_time, course_type, course_limit, instructor, location, attributes, course_url) values (4, 32344, 425, 'CSCIS-111', 'Intensive Introduction to Computer Science Using Java', 5, 'MON,TUES,WED,THUR,FRI', '8:30 am - 11:30 am', 'On Campus Only', 0, 'David G. Sullivan', 'Maxwell-Dworkin G115', 'CD,E', 'http://www.summer.harvard.edu/courses/32344');
insert into course (concentration_id, hes_course_id, course_id, course_code, course_title, course_term_id, course_day, course_time, course_type, course_limit, instructor, location, attributes, course_url) values (4, 33157, 426, 'DGMDS-5', 'Exploring Digital Media', 5, 'MON,WED', '12 - 3 pm', 'On Campus Only', 0, 'John Selig', 'Harvard Hall 201', 'DIGM,E', 'http://www.summer.harvard.edu/courses/33157');
insert into course (concentration_id, hes_course_id, course_id, course_code, course_title, course_term_id, course_day, course_time, course_type, course_limit, instructor, location, attributes, course_url) values (4, 33105, 427, 'DGMDS-30', 'Video Field Production', 5, 'MON,WED', '6:30 - 9:30 pm', 'On Campus Only', 30, 'Allyson Sherlock', '53 Church Street 104', 'DIGM,E', 'http://www.summer.harvard.edu/courses/33105');
insert into course (concentration_id, hes_course_id, course_id, course_code, course_title, course_term_id, course_day, course_time, course_type, course_limit, instructor, location, attributes, course_url) values (4, 32686, 428, 'EXPOS-48', 'Multimedia Communication: Introduction to Digital Storytelling', 5, 'MON,WED', '12 - 3 pm', 'On Campus Only', 15, 'Marlon Kuzmick', '53 Church Street 104', 'EID,E', 'http://www.summer.harvard.edu/courses/32686');
insert into course (concentration_id, hes_course_id, course_id, course_code, course_title, course_term_id, course_day, course_time, course_type, course_limit, instructor, location, attributes, course_url) values (4, 32596, 429, 'ISMTS-170', 'Human Factors in Information Systems Design', 5, 'TUES,THUR', '6:30 - 9:30 pm', 'On Campus Only', 44, 'Dennis F. Galletta', 'Northwest Science Building B108', 'EID,E', 'http://www.summer.harvard.edu/courses/32596');
insert into course (concentration_id, hes_course_id, course_id, course_code, course_title, course_term_id, course_day, course_time, course_type, course_limit, instructor, location, attributes, course_url) values (4, 33209, 430, 'MUSIS-190R', 'Technomusicology', 5, 'TUES,THUR', '6:30 - 9:30 pm', 'On Campus Only', 0, 'Wayne G. Marshall', '53 Church Street 202', 'E', 'http://www.summer.harvard.edu/courses/33209');
insert into course (concentration_id, hes_course_id, course_id, course_code, course_title, course_term_id, course_day, course_time, course_type, course_limit, instructor, location, attributes, course_url) values (4, 33175, 431, 'STATS-110', 'Introduction to Probability', 5, 'MON,WED', '3:15 - 6:15 pm', 'Online Option', 0, 'Kevin A. Rader', '1 Story Street 306', 'E', 'http://www.summer.harvard.edu/courses/33175');
DROP TABLE course_terms;
CREATE TABLE course_terms ( course_term_id int(10) unsigned NOT NULL, course_term_label varchar(64) NOT NULL, course_year int(10) unsigned NOT NULL, start_day int(10) unsigned NOT NULL, start_month int(10) unsigned NOT NULL, end_day int(10) unsigned NOT NULL, end_month int(10) unsigned NOT NULL, current_course tinyint(1) NOT NULL, PRIMARY KEY (course_term_id) ) ENGINE=InnoDB DEFAULT CHARSET=latin1;
insert into course_terms (course_term_id, course_term_label, course_year, start_day, start_month, end_day, end_month, current_course) values (1, 'Summer 2013', 2013, 21, 6, 9, 8, false);
insert into course_terms (course_term_id, course_term_label, course_year, start_day, start_month, end_day, end_month, current_course) values (2, 'Fall 2013', 2013, 2, 9, 20, 12, false);
insert into course_terms (course_term_id, course_term_label, course_year, start_day, start_month, end_day, end_month, current_course) values (3, 'January 2014', 2014, 5, 1, 24, 1, false);
insert into course_terms (course_term_id, course_term_label, course_year, start_day, start_month, end_day, end_month, current_course) values (4, 'Spring 2014', 2014, 26, 1, 16, 5, false);
insert into course_terms (course_term_id, course_term_label, course_year, start_day, start_month, end_day, end_month, current_course) values (5, 'Summer 2014', 2014, 21, 6, 9, 8, true);
insert into course_terms (course_term_id, course_term_label, course_year, start_day, start_month, end_day, end_month, current_course) values (6, 'Fall 2014', 2014, 2, 9, 20, 12, true);
insert into course_terms (course_term_id, course_term_label, course_year, start_day, start_month, end_day, end_month, current_course) values (7, 'January 2015', 2015, 5, 1, 24, 1, true);
insert into course_terms (course_term_id, course_term_label, course_year, start_day, start_month, end_day, end_month, current_course) values (8, 'Spring 2015', 2015, 26, 1, 16, 5, true);
DROP TABLE grades;
CREATE TABLE grades ( grade_id int(10) unsigned NOT NULL, grade_label varchar(64) NOT NULL, gpa decimal(3,2) NOT NULL, PRIMARY KEY (grade_id) ) ENGINE=InnoDB DEFAULT CHARSET=latin1;
insert into grades (grade_id, grade_label, gpa) values (1, 'Registered', -1.00);
insert into grades (grade_id, grade_label, gpa) values (2, 'A', 4.00);
insert into grades (grade_id, grade_label, gpa) values (3, 'A-', 3.67);
insert into grades (grade_id, grade_label, gpa) values (4, 'B+', 3.33);
insert into grades (grade_id, grade_label, gpa) values (5, 'B', 3.00);
insert into grades (grade_id, grade_label, gpa) values (6, 'B-', 2.67);
insert into grades (grade_id, grade_label, gpa) values (7, 'C+', 2.33);
insert into grades (grade_id, grade_label, gpa) values (8, 'C', 2.00);
insert into grades (grade_id, grade_label, gpa) values (9, 'C-', 1.67);
insert into grades (grade_id, grade_label, gpa) values (10, 'D+', 1.33);
insert into grades (grade_id, grade_label, gpa) values (11, 'D', 1.00);
insert into grades (grade_id, grade_label, gpa) values (12, 'D-', 0.67);
insert into grades (grade_id, grade_label, gpa) values (13, 'E', 0.00);
insert into grades (grade_id, grade_label, gpa) values (14, 'Withdrawal', 0.00);
insert into grades (grade_id, grade_label, gpa) values (15, 'Required to Withdraw', 0.00);
insert into grades (grade_id, grade_label, gpa) values (16, 'Excluded from Course', 0.00);
DROP TABLE mobile_auth_token;
CREATE TABLE mobile_auth_token ( user_id int(10) unsigned NOT NULL, auth_token varchar(255) NOT NULL, device_type varchar(32) NOT NULL, device_os varchar(32) NOT NULL, create_date timestamp DEFAULT CURRENT_TIMESTAMP, modify_date datetime DEFAULT '0000-00-00 00:00:00' NOT NULL, PRIMARY KEY (user_id, device_type, device_os) ) ENGINE=InnoDB DEFAULT CHARSET=latin1;
DROP TABLE users;
CREATE TABLE users ( user_id int(10) unsigned NOT NULL AUTO_INCREMENT, username varchar(255) NOT NULL, password_hash varchar(255) NOT NULL, email varchar(255) NOT NULL, registration_type enum('DEGREE','PRE-ADMISSION','GUEST') NOT NULL, concentration_id int(10) unsigned NOT NULL, gpa decimal(3,2), current_login datetime, last_login datetime, create_date timestamp DEFAULT CURRENT_TIMESTAMP, modify_date datetime DEFAULT '0000-00-00 00:00:00' NOT NULL, PRIMARY KEY (user_id) ) ENGINE=InnoDB DEFAULT CHARSET=latin1;
DROP TABLE users_calendar;
CREATE TABLE users_calendar ( user_id int(10) unsigned NOT NULL, course_id int(10) unsigned NOT NULL, PRIMARY KEY (user_id, course_id) ) ENGINE=InnoDB DEFAULT CHARSET=latin1;
DROP TABLE users_courses;
CREATE TABLE users_courses ( user_id int(10) unsigned NOT NULL, course_id int(10) unsigned NOT NULL, grade_id int(10) unsigned NOT NULL, PRIMARY KEY (user_id, course_id) ) ENGINE=InnoDB DEFAULT CHARSET=latin1;
